x,Decay Value,a,b
0.0,1.0323119867634813,1,1
0.0050025012506253125,1.012428951688537,1,1
0.010005002501250625,1.0290628426213304,1,1
0.015007503751875938,1.0044579407985894,1,1
0.02001000500250125,0.9469706102602475,1,1
0.02501250625312656,0.9984515094718839,1,1
0.030015007503751877,1.006932568759706,1,1
0.03501750875437719,0.9504973886098128,1,1
0.0400200100050025,0.9914057294988942,1,1
0.04502251125562781,0.9335705799786524,1,1
0.05002501250625312,0.9802190334207892,1,1
0.055027513756878435,0.9539727638166756,1,1
0.060030015007503754,0.9066302441660564,1,1
0.06503251625812906,0.9150796054133936,1,1
0.07003501750875438,0.9177357162640428,1,1
0.07503751875937968,0.9359962980541036,1,1
0.080040020010005,0.9042128008274556,1,1
0.08504252126063032,0.9043160228466046,1,1
0.09004502251125562,0.8775449460244447,1,1
0.09504752376188094,0.8923012663719209,1,1
0.10005002501250625,0.9341947552131441,1,1
0.10505252626313157,0.8904055722762046,1,1
0.11005502751375687,0.8653064274625345,1,1
0.11505752876438219,0.9194612574771445,1,1
0.12006003001500751,0.8525330401730196,1,1
0.12506253126563283,0.8990515913531216,1,1
0.13006503251625812,0.8498953441557361,1,1
0.13506753376688344,0.87631374449107,1,1
0.14007003501750875,0.8413321974025483,1,1
0.14507253626813407,0.876476954765116,1,1
0.15007503751875936,0.8929789291339331,1,1
0.15507753876938468,0.84023726869436,1,1
0.16008004002001,0.8405695518748788,1,1
0.16508254127063532,0.8225200571102361,1,1
0.17008504252126064,0.8440794458759484,1,1
0.17508754377188593,0.8098752266583809,1,1
0.18009004502251125,0.8682347639625712,1,1
0.18509254627313657,0.8195529787374245,1,1
0.19009504752376188,0.8377526063746251,1,1
0.19509754877438718,0.852599064489054,1,1
0.2001000500250125,0.8239976560016679,1,1
0.2051025512756378,0.8165324041180505,1,1
0.21010505252626313,0.8285434535296664,1,1
0.21510755377688845,0.8333697740331192,1,1
0.22011005502751374,0.7723234597074755,1,1
0.22511255627813906,0.7770646415017651,1,1
0.23011505752876438,0.8151246363054622,1,1
0.2351175587793897,0.8154490825069837,1,1
0.24012006003001501,0.7977752298141274,1,1
0.2451225612806403,0.8090565959013384,1,1
0.25012506253126565,0.7606116528388518,1,1
0.25512756378189094,0.7986034651342483,1,1
0.26013006503251623,0.7594027349403677,1,1
0.2651325662831416,0.7549916385300472,1,1
0.27013506753376687,0.7788998214601348,1,1
0.27513756878439216,0.78582928900584,1,1
0.2801400700350175,0.7642242638513717,1,1
0.2851425712856428,0.7642651828700318,1,1
0.29014507253626814,0.7571104105962267,1,1
0.29514757378689344,0.7539722335616078,1,1
0.3001500750375187,0.7558941702379062,1,1
0.3051525762881441,0.7341047632119612,1,1
0.31015507753876936,0.707555774612357,1,1
0.3151575787893947,0.7585971656926596,1,1
0.32016008004002,0.7402367204682643,1,1
0.3251625812906453,0.7490958152403385,1,1
0.33016508254127064,0.7051915378067682,1,1
0.33516758379189593,0.7431162285784655,1,1
0.3401700850425213,0.6976159215909338,1,1
0.34517258629314657,0.6952661890275025,1,1
0.35017508754377186,0.732336501048103,1,1
0.3551775887943972,0.7275268874570098,1,1
0.3601800900450225,0.7128462774187929,1,1
0.36518259129564784,0.6930932742625372,1,1
0.37018509254627313,0.6686647144433465,1,1
0.3751875937968984,0.6663428430443915,1,1
0.38019009504752377,0.6683421938777786,1,1
0.38519259629814906,0.6666592145321418,1,1
0.39019509754877435,0.7007985926468985,1,1
0.3951975987993997,0.6645578048893448,1,1
0.400200100050025,0.6544382260623548,1,1
0.40520260130065033,0.6542695748439112,1,1
0.4102051025512756,0.6765116981558297,1,1
0.4152076038019009,0.6528622074684491,1,1
0.42021010505252626,0.631931705015681,1,1
0.42521260630315155,0.645897818938744,1,1
0.4302151075537769,0.6406633480976005,1,1
0.4352176088044022,0.6413771487403269,1,1
0.4402201100550275,0.6654463262071867,1,1
0.4452226113056528,0.6517553239896314,1,1
0.4502251125562781,0.6220211158309993,1,1
0.45522761380690346,0.6418360072094582,1,1
0.46023011505752875,0.6080423295435938,1,1
0.46523261630815405,0.6274598815265413,1,1
0.4702351175587794,0.6305811492576959,1,1
0.4752376188094047,0.6426692301701372,1,1
0.48024012006003003,0.6136253874376013,1,1
0.4852426213106553,0.6289463842259064,1,1
0.4902451225612806,0.6022071692795997,1,1
0.49524762381190596,0.6178206153073829,1,1
0.5002501250625313,0.5943261214314391,1,1
0.5052526263131566,0.6268505591605282,1,1
0.5102551275637819,0.598781109868864,1,1
0.5152576288144072,0.5972826032391065,1,1
0.5202601300650325,0.5910823585079661,1,1
0.5252626313156579,0.5891037197101026,1,1
0.5302651325662832,0.603781996564397,1,1
0.5352676338169085,0.6040410138109167,1,1
0.5402701350675337,0.5857765242209622,1,1
0.545272636318159,0.5976202176868359,1,1
0.5502751375687843,0.5749004580110797,1,1
0.5552776388194097,0.5616442093243299,1,1
0.560280140070035,0.5491861651283952,1,1
0.5652826413206603,0.5787607366869143,1,1
0.5702851425712856,0.5565860014922442,1,1
0.5752876438219109,0.5466347070010324,1,1
0.5802901450725363,0.5540641652898022,1,1
0.5852926463231616,0.5777877392085999,1,1
0.5902951475737869,0.5383784419181805,1,1
0.5952976488244122,0.5450916353074116,1,1
0.6003001500750375,0.5614503071053626,1,1
0.6053026513256629,0.5466981863637845,1,1
0.6103051525762881,0.5293224640519758,1,1
0.6153076538269134,0.5263081800420143,1,1
0.6203101550775387,0.5382259955989859,1,1
0.625312656328164,0.5329538220692007,1,1
0.6303151575787894,0.5273166771804622,1,1
0.6353176588294147,0.5214679515707988,1,1
0.64032016008004,0.5300345348990401,1,1
0.6453226613306653,0.5294497997219251,1,1
0.6503251625812906,0.5165213984337113,1,1
0.655327663831916,0.5273524044456739,1,1
0.6603301650825413,0.5030815756401764,1,1
0.6653326663331666,0.5080411214086366,1,1
0.6703351675837919,0.4964216115178515,1,1
0.6753376688344171,0.49820924616368906,1,1
0.6803401700850426,0.4911906010641251,1,1
0.6853426713356678,0.49432983478526454,1,1
0.6903451725862931,0.4943982894343908,1,1
0.6953476738369184,0.48302960370327924,1,1
0.7003501750875437,0.5111488520904962,1,1
0.7053526763381691,0.506507676033544,1,1
0.7103551775887944,0.49665271115146803,1,1
0.7153576788394197,0.47204772185523064,1,1
0.720360180090045,0.4992526387737602,1,1
0.7253626813406703,0.47077640191900444,1,1
0.7303651825912957,0.47185485375757924,1,1
0.735367683841921,0.48874563160002715,1,1
0.7403701850925463,0.483776591592911,1,1
0.7453726863431716,0.4841226560988046,1,1
0.7503751875937968,0.4552570459270086,1,1
0.7553776888444221,0.4603742522864386,1,1
0.7603801900950475,0.4556710125287128,1,1
0.7653826913456728,0.4750753032939482,1,1
0.7703851925962981,0.45094233558073454,1,1
0.7753876938469234,0.44472552903952683,1,1
0.7803901950975487,0.4402492712688906,1,1
0.7853926963481741,0.4605342278222068,1,1
0.7903951975987994,0.47092331563984496,1,1
0.7953976988494247,0.452761073243731,1,1
0.80040020010005,0.45593140408352467,1,1
0.8054027013506753,0.4507890670206604,1,1
0.8104052026013007,0.45919123015573454,1,1
0.815407703851926,0.44385054548278674,1,1
0.8204102051025512,0.45242713090772635,1,1
0.8254127063531765,0.4458408380272066,1,1
0.8304152076038018,0.42707863057126655,1,1
0.8354177088544272,0.43171631247146486,1,1
0.8404202101050525,0.4455173064452199,1,1
0.8454227113556778,0.4233091034336982,1,1
0.8504252126063031,0.4148678407716838,1,1
0.8554277138569284,0.42673795739319864,1,1
0.8604302151075538,0.4115842352612638,1,1
0.8654327163581791,0.4330953161755555,1,1
0.8704352176088044,0.43106253877886486,1,1
0.8754377188594297,0.41775917414483815,1,1
0.880440220110055,0.4163261743919439,1,1
0.8854427213606804,0.4062083560582686,1,1
0.8904452226113057,0.4112114553723811,1,1
0.8954477238619309,0.41014664162637315,1,1
0.9004502251125562,0.3912730306721984,1,1
0.9054527263631815,0.3902599613565119,1,1
0.9104552276138069,0.402019261573828,1,1
0.9154577288644322,0.4019923700020959,1,1
0.9204602301150575,0.3866979159550042,1,1
0.9254627313656828,0.40038630400588576,1,1
0.9304652326163081,0.3916344879550958,1,1
0.9354677338669335,0.39561640256615327,1,1
0.9404702351175588,0.38711141689761264,1,1
0.9454727363681841,0.3938971038674309,1,1
0.9504752376188094,0.3760616395313995,1,1
0.9554777388694347,0.3757695808476728,1,1
0.9604802401200601,0.38191782423085857,1,1
0.9654827413706853,0.3792342639338696,1,1
0.9704852426213106,0.3940405663883272,1,1
0.9754877438719359,0.3757414326216221,1,1
0.9804902451225612,0.3880559906269985,1,1
0.9854927463731865,0.3645079743342879,1,1
0.9904952476238119,0.3811505822350609,1,1
0.9954977488744372,0.3667735934162633,1,1
1.0005002501250626,0.3815124577306421,1,1
1.0055027513756878,0.36811531104172196,1,1
1.0105052526263132,0.3497111968469021,1,1
1.0155077538769384,0.349221326484108,1,1
1.0205102551275638,0.3514213498531718,1,1
1.0255127563781892,0.36583026943645863,1,1
1.0305152576288144,0.35117340991458806,1,1
1.0355177588794398,0.3645924178215961,1,1
1.040520260130065,0.3662941121604249,1,1
1.0455227613806903,0.3422850057989857,1,1
1.0505252626313157,0.3509482980823925,1,1
1.055527763881941,0.34717502738384054,1,1
1.0605302651325663,0.3427925782639973,1,1
1.0655327663831915,0.34265195479281063,1,1
1.070535267633817,0.3331351405250775,1,1
1.075537768884442,0.3281888614473968,1,1
1.0805402701350675,0.3472149643785202,1,1
1.0855427713856929,0.33963910847084666,1,1
1.090545272636318,0.34699926000940184,1,1
1.0955477738869435,0.3213297604517807,1,1
1.1005502751375686,0.3224706864618408,1,1
1.105552776388194,0.33630169668955373,1,1
1.1105552776388194,0.3219618551980606,1,1
1.1155577788894446,0.3199911900555199,1,1
1.12056028014007,0.3381346706051701,1,1
1.1255627813906952,0.3315153965173176,1,1
1.1305652826413206,0.33095016710906466,1,1
1.135567783891946,0.32181189658440096,1,1
1.1405702851425712,0.32170631609821887,1,1
1.1455727863931966,0.32837825974762325,1,1
1.1505752876438218,0.31586872264001664,1,1
1.1555777888944472,0.3168254209707966,1,1
1.1605802901450726,0.3228452311635946,1,1
1.1655827913956978,0.31356122512683177,1,1
1.1705852926463232,0.30303495349839243,1,1
1.1755877938969483,0.3146744398861007,1,1
1.1805902951475737,0.30794219325195743,1,1
1.1855927963981991,0.29612247185534185,1,1
1.1905952976488243,0.30281839243492487,1,1
1.1955977988994497,0.2993900658097325,1,1
1.200600300150075,0.30479930211395123,1,1
1.2056028014007003,0.2918979644698293,1,1
1.2106053026513257,0.29984766540284086,1,1
1.215607803901951,0.30119929721377875,1,1
1.2206103051525763,0.28745749781852614,1,1
1.2256128064032015,0.29174569095337727,1,1
1.2306153076538269,0.2968587665798905,1,1
1.2356178089044523,0.2935037774977732,1,1
1.2406203101550775,0.2786645829731479,1,1
1.2456228114057029,0.28252804519627595,1,1
1.250625312656328,0.2856867467315772,1,1
1.2556278139069534,0.28805770852206075,1,1
1.2606303151575788,0.2940644640685606,1,1
1.265632816408204,0.2906350251072609,1,1
1.2706353176588294,0.27015098524831543,1,1
1.2756378189094546,0.2890003710397262,1,1
1.28064032016008,0.2805929857499906,1,1
1.2856428214107054,0.27190264356873667,1,1
1.2906453226613306,0.26748821188468075,1,1
1.295647823911956,0.28333678594140627,1,1
1.3006503251625812,0.28017494805713494,1,1
1.3056528264132066,0.27760743988307485,1,1
1.310655327663832,0.27011243180370353,1,1
1.3156578289144572,0.2595875211538274,1,1
1.3206603301650826,0.26581331240945016,1,1
1.3256628314157077,0.2664729675684385,1,1
1.3306653326663331,0.26771429650139117,1,1
1.3356678339169585,0.26152387981349223,1,1
1.3406703351675837,0.2685084049663223,1,1
1.3456728364182091,0.2654685763263279,1,1
1.3506753376688343,0.2574814641789981,1,1
1.3556778389194597,0.2666476526893079,1,1
1.360680340170085,0.24750055775450203,1,1
1.3656828414207103,0.2567121535995222,1,1
1.3706853426713357,0.2567481675699406,1,1
1.3756878439219609,0.2599378517364454,1,1
1.3806903451725863,0.2529869432997276,1,1
1.3856928464232117,0.24758490831469301,1,1
1.3906953476738368,0.24244634979520224,1,1
1.3956978489244622,0.24296800554025674,1,1
1.4007003501750874,0.2469042712845208,1,1
1.4057028514257128,0.23604543384671708,1,1
1.4107053526763382,0.24756452863451053,1,1
1.4157078539269634,0.2406294606533948,1,1
1.4207103551775888,0.23963395675338608,1,1
1.425712856428214,0.24385076466695163,1,1
1.4307153576788394,0.2459259832176627,1,1
1.4357178589294648,0.23930607608051538,1,1
1.44072036018009,0.24156575625713814,1,1
1.4457228614307154,0.2334539695533335,1,1
1.4507253626813406,0.2261987950683108,1,1
1.455727863931966,0.22705729511014722,1,1
1.4607303651825914,0.2365400648706054,1,1
1.4657328664332165,0.23190106074531666,1,1
1.470735367683842,0.23212841299758902,1,1
1.4757378689344671,0.22174108705827886,1,1
1.4807403701850925,0.2289186178166582,1,1
1.485742871435718,0.22947558136457513,1,1
1.490745372686343,0.2309884329240154,1,1
1.4957478739369685,0.22517121934908743,1,1
1.5007503751875937,0.227464366331942,1,1
1.505752876438219,0.22344245986714684,1,1
1.5107553776888443,0.2138293431870788,1,1
1.5157578789394697,0.22767947899949526,1,1
1.520760380190095,0.2209466292210957,1,1
1.5257628814407203,0.2194380633801644,1,1
1.5307653826913457,0.22125507670570893,1,1
1.5357678839419708,0.20836186688660718,1,1
1.5407703851925962,0.21847415121462682,1,1
1.5457728864432216,0.22148822052715159,1,1
1.5507753876938468,0.21580607013499584,1,1
1.5557778889444722,0.2125206219929501,1,1
1.5607803901950974,0.2140893314983677,1,1
1.5657828914457228,0.2100507467663951,1,1
1.5707853926963482,0.2084647775339662,1,1
1.5757878939469734,0.20052201855963075,1,1
1.5807903951975988,0.21117562680424792,1,1
1.585792896448224,0.20451866451397588,1,1
1.5907953976988494,0.19611443327211475,1,1
1.5957978989494748,0.20797248942109567,1,1
1.6008004002001,0.2070311687503704,1,1
1.6058029014507254,0.19359650149281482,1,1
1.6108054027013505,0.20652310280341882,1,1
1.615807903951976,0.20559649510195946,1,1
1.6208104052026013,0.19892464469506832,1,1
1.6258129064532265,0.19451478717179232,1,1
1.630815407703852,0.18891799326048425,1,1
1.635817908954477,0.20251632575734235,1,1
1.6408204102051025,0.19308497192215957,1,1
1.645822911455728,0.1949223600279283,1,1
1.650825412706353,0.19016785120327,1,1
1.6558279139569785,0.1880482907796075,1,1
1.6608304152076037,0.18958478471477455,1,1
1.665832916458229,0.19001566600243933,1,1
1.6708354177088545,0.18704842540726027,1,1
1.6758379189594796,0.18110433724647673,1,1
1.680840420210105,0.1923254988014188,1,1
1.6858429214607302,0.17925732246158352,1,1
1.6908454227113556,0.18245814030494678,1,1
1.695847923961981,0.18070261497823986,1,1
1.7008504252126062,0.17956873950053265,1,1
1.7058529264632316,0.18146259919875207,1,1
1.7108554277138568,0.1848683433736286,1,1
1.7158579289644822,0.18605174876990857,1,1
1.7208604302151076,0.18002582875288733,1,1
1.7258629314657328,0.1771490835615574,1,1
1.7308654327163582,0.18081567405175114,1,1
1.7358679339669834,0.17019312056940233,1,1
1.7408704352176088,0.1724903889362546,1,1
1.7458729364682342,0.16809494318545498,1,1
1.7508754377188593,0.1760334307222042,1,1
1.7558779389694847,0.16718758556840313,1,1
1.76088044022011,0.17375279550591088,1,1
1.7658829414707353,0.17415673253050673,1,1
1.7708854427213607,0.17591523256805375,1,1
1.775887943971986,0.1625953892821482,1,1
1.7808904452226113,0.1622435647589676,1,1
1.7858929464732365,0.1674964172092103,1,1
1.7908954477238619,0.173295875072962,1,1
1.7958979489744873,0.1631253628958496,1,1
1.8009004502251125,0.17066121373139204,1,1
1.8059029514757379,0.1612951180047311,1,1
1.810905452726363,0.15941976623671553,1,1
1.8159079539769885,0.1643837691232185,1,1
1.8209104552276139,0.1592101053297126,1,1
1.825912956478239,0.16550085838318415,1,1
1.8309154577288644,0.16161955645653128,1,1
1.8359179589794896,0.16239345570171002,1,1
1.840920460230115,0.15483952261200376,1,1
1.8459229614807404,0.15496363249751485,1,1
1.8509254627313656,0.15532011473327664,1,1
1.855927963981991,0.15070015747546556,1,1
1.8609304652326162,0.15606719543253048,1,1
1.8659329664832416,0.1525578883627658,1,1
1.870935467733867,0.15220164047698734,1,1
1.8759379689844922,0.15301192502511815,1,1
1.8809404702351176,0.15530527357751142,1,1
1.8859429714857427,0.15575480328769928,1,1
1.8909454727363681,0.15042324659787407,1,1
1.8959479739869936,0.1520327589482251,1,1
1.9009504752376187,0.14860854036424923,1,1
1.9059529764882441,0.14868924561772848,1,1
1.9109554777388693,0.14576552171017898,1,1
1.9159579789894947,0.1463161584972183,1,1
1.9209604802401201,0.15015179985292573,1,1
1.9259629814907453,0.1509545883038709,1,1
1.9309654827413707,0.15057564033421864,1,1
1.9359679839919959,0.142703551536975,1,1
1.9409704852426213,0.14150444412410168,1,1
1.9459729864932465,0.14684982471803895,1,1
1.9509754877438719,0.146584308172138,1,1
1.9559779889944973,0.13884786924253112,1,1
1.9609804902451224,0.1352945745866096,1,1
1.9659829914957478,0.13464615964921592,1,1
1.970985492746373,0.14465193860603826,1,1
1.9759879939969984,0.14170014451604895,1,1
1.9809904952476238,0.1349833969263622,1,1
1.985992996498249,0.13211092454324977,1,1
1.9909954977488744,0.13452845670599306,1,1
1.9959979989994996,0.1322748130948063,1,1
2.001000500250125,0.1380190864843307,1,1
2.0060030015007504,0.13830802105646384,1,1
2.0110055027513756,0.13560095608063122,1,1
2.0160080040020008,0.13264517175935694,1,1
2.0210105052526264,0.13219459954515325,1,1
2.0260130065032516,0.12699494288493335,1,1
2.0310155077538767,0.1348323630445388,1,1
2.0360180090045024,0.1350852604872303,1,1
2.0410205102551275,0.12809372096498622,1,1
2.0460230115057527,0.12533400752209886,1,1
2.0510255127563783,0.13369731206904295,1,1
2.0560280140070035,0.13220822975590443,1,1
2.0610305152576287,0.12273968924832195,1,1
2.066033016508254,0.12538217754919054,1,1
2.0710355177588795,0.1303620135944843,1,1
2.0760380190095047,0.12640500214917755,1,1
2.08104052026013,0.12513935270025373,1,1
2.0860430215107555,0.1227392434289235,1,1
2.0910455227613807,0.12793162593829846,1,1
2.096048024012006,0.11975590570841013,1,1
2.1010505252626315,0.12425651284315065,1,1
2.1060530265132567,0.11900371986621111,1,1
2.111055527763882,0.12239286813000062,1,1
2.116058029014507,0.11688464844476812,1,1
2.1210605302651326,0.11712198539725871,1,1
2.126063031515758,0.12079528633089126,1,1
2.131065532766383,0.11530721738115318,1,1
2.1360680340170086,0.11772989495380543,1,1
2.141070535267634,0.1194084440042752,1,1
2.146073036518259,0.11693583004034946,1,1
2.151075537768884,0.1126571800298576,1,1
2.15607803901951,0.11684993308221432,1,1
2.161080540270135,0.1186368764776449,1,1
2.16608304152076,0.11440520056720171,1,1
2.1710855427713858,0.11671757299037487,1,1
2.176088044022011,0.11510320738106311,1,1
2.181090545272636,0.11567801759180425,1,1
2.1860930465232618,0.11426452093479145,1,1
2.191095547773887,0.1080896542899565,1,1
2.196098049024512,0.10921122403463143,1,1
2.2011005502751373,0.11169216526249971,1,1
2.206103051525763,0.11114026926846893,1,1
2.211105552776388,0.11083879033184552,1,1
2.2161080540270133,0.10573521921903326,1,1
2.221110555277639,0.11040355560834803,1,1
2.226113056528264,0.10878706786620518,1,1
2.2311155577788893,0.10943911162427551,1,1
2.236118059029515,0.10338613419513266,1,1
2.24112056028014,0.10293901094219292,1,1
2.2461230615307652,0.11001362465249098,1,1
2.2511255627813904,0.10820963209796927,1,1
2.256128064032016,0.10749707239587626,1,1
2.2611305652826412,0.10137148873142886,1,1
2.2661330665332664,0.10626504066620758,1,1
2.271135567783892,0.10242855898521074,1,1
2.276138069034517,0.10385943300927651,1,1
2.2811405702851424,0.10086637146446249,1,1
2.286143071535768,0.10449567724309974,1,1
2.291145572786393,0.09991186338600212,1,1
2.2961480740370184,0.09837872469958393,1,1
2.3011505752876436,0.1033943177933711,1,1
2.306153076538269,0.09766556292278265,1,1
2.3111555777888944,0.09873000046308003,1,1
2.3161580790395195,0.09929862681312629,1,1
2.321160580290145,0.10165443165715626,1,1
2.3261630815407703,0.0983487566148125,1,1
2.3311655827913955,0.09761378422146089,1,1
2.336168084042021,0.10055982614686128,1,1
2.3411705852926463,0.09743707245305361,1,1
2.3461730865432715,0.09380136927460886,1,1
2.3511755877938967,0.09291123314226236,1,1
2.3561780890445223,0.09114269817020158,1,1
2.3611805902951475,0.09203674475264578,1,1
2.3661830915457727,0.09588077362824694,1,1
2.3711855927963983,0.09425734819804843,1,1
2.3761880940470235,0.09339813868979376,1,1
2.3811905952976486,0.09187081437335537,1,1
2.3861930965482743,0.09198136963931564,1,1
2.3911955977988995,0.08800289000216553,1,1
2.3961980990495246,0.09466352588491767,1,1
2.40120060030015,0.09203957738798699,1,1
2.4062031015507754,0.0907057489920999,1,1
2.4112056028014006,0.09065973224235967,1,1
2.416208104052026,0.09183809915432686,1,1
2.4212106053026514,0.0916923223666928,1,1
2.4262131065532766,0.08605933935141188,1,1
2.431215607803902,0.08682427329601836,1,1
2.4362181090545274,0.08467477390448015,1,1
2.4412206103051526,0.08640904764068999,1,1
2.4462231115557778,0.08977042448579378,1,1
2.451225612806403,0.087456641580636,1,1
2.4562281140570286,0.08758281405745762,1,1
2.4612306153076537,0.08400432685081446,1,1
2.466233116558279,0.08542899838911543,1,1
2.4712356178089045,0.0838181219969631,1,1
2.4762381190595297,0.0816601041952266,1,1
2.481240620310155,0.08461188039596501,1,1
2.4862431215607805,0.08604950888156086,1,1
2.4912456228114057,0.08240281499457872,1,1
2.496248124062031,0.08325228961057973,1,1
2.501250625312656,0.08051670736461095,1,1
2.5062531265632817,0.08282718269918367,1,1
2.511255627813907,0.08115405894812186,1,1
2.516258129064532,0.08011107126466009,1,1
2.5212606303151577,0.08012386547888749,1,1
2.526263131565783,0.08003964508460852,1,1
2.531265632816408,0.08034001691889715,1,1
2.5362681340670337,0.08039440981773276,1,1
2.541270635317659,0.07668537154907706,1,1
2.546273136568284,0.07598231899607029,1,1
2.551275637818909,0.08031210188574213,1,1
2.556278139069535,0.07650869464708604,1,1
2.56128064032016,0.07770654075701304,1,1
2.566283141570785,0.0756643714613542,1,1
2.571285642821411,0.07810499467210882,1,1
2.576288144072036,0.07479670204306518,1,1
2.581290645322661,0.07658383287699438,1,1
2.5862931465732864,0.07251666460401775,1,1
2.591295647823912,0.07609379478263184,1,1
2.596298149074537,0.07413154980899046,1,1
2.6013006503251623,0.07520656301385198,1,1
2.606303151575788,0.07369388534582216,1,1
2.611305652826413,0.07433074117992072,1,1
2.6163081540770383,0.0748712255589246,1,1
2.621310655327664,0.07148367741400076,1,1
2.626313156578289,0.07006543603187003,1,1
2.6313156578289143,0.07178847559090477,1,1
2.6363181590795395,0.06907916282071831,1,1
2.641320660330165,0.07215456986975687,1,1
2.6463231615807903,0.06898582308474896,1,1
2.6513256628314155,0.06894090968071069,1,1
2.656328164082041,0.07106141340890702,1,1
2.6613306653326663,0.07207326549352024,1,1
2.6663331665832914,0.07082172776177889,1,1
2.671335667833917,0.07141214527752127,1,1
2.6763381690845423,0.0707334041232957,1,1
2.6813406703351674,0.07039613057522864,1,1
2.6863431715857926,0.06545216998002534,1,1
2.6913456728364182,0.06681520302413789,1,1
2.6963481740870434,0.06868284207142844,1,1
2.7013506753376686,0.06881883916196314,1,1
2.706353176588294,0.0658167832216002,1,1
2.7113556778389194,0.06610702082315684,1,1
2.7163581790895446,0.06692320524064102,1,1
2.72136068034017,0.06378443394436208,1,1
2.7263631815907954,0.06334737210956227,1,1
2.7313656828414206,0.06617574500441317,1,1
2.7363681840920457,0.06380777067226003,1,1
2.7413706853426714,0.0660606047840411,1,1
2.7463731865932965,0.062393147828412626,1,1
2.7513756878439217,0.06635864147058407,1,1
2.7563781890945473,0.06388854767665796,1,1
2.7613806903451725,0.06292954995553006,1,1
2.7663831915957977,0.06491181979327947,1,1
2.7713856928464233,0.0629622820259258,1,1
2.7763881940970485,0.0619280613534611,1,1
2.7813906953476737,0.06040081266733956,1,1
2.786393196598299,0.06318066879826578,1,1
2.7913956978489245,0.06327644685141545,1,1
2.7963981990995497,0.060232744124656463,1,1
2.801400700350175,0.05980259085116893,1,1
2.8064032016008005,0.06033922762930975,1,1
2.8114057028514257,0.05997702594667301,1,1
2.816408204102051,0.06046738825373399,1,1
2.8214107053526765,0.06132347667406113,1,1
2.8264132066033016,0.06032560425548977,1,1
2.831415707853927,0.060205668675237106,1,1
2.836418209104552,0.05870841365696141,1,1
2.8414207103551776,0.0595268324678762,1,1
2.846423211605803,0.058560616643037154,1,1
2.851425712856428,0.05629708523474214,1,1
2.8564282141070536,0.05820214896706798,1,1
2.861430715357679,0.05796349784429312,1,1
2.866433216608304,0.05911960125527474,1,1
2.8714357178589296,0.056684465623784985,1,1
2.8764382191095548,0.058560335856251956,1,1
2.88144072036018,0.05651069258119394,1,1
2.886443221610805,0.05415620648710142,1,1
2.8914457228614308,0.05442546849280437,1,1
2.896448224112056,0.055463549520625585,1,1
2.901450725362681,0.053646695869604,1,1
2.9064532266133067,0.055122730241402226,1,1
2.911455727863932,0.05605490506370238,1,1
2.916458229114557,0.0562782235085858,1,1
2.9214607303651827,0.052833193942755305,1,1
2.926463231615808,0.05428969607510221,1,1
2.931465732866433,0.0546628106347084,1,1
2.9364682341170583,0.05214769057821453,1,1
2.941470735367684,0.053886483444245376,1,1
2.946473236618309,0.05413813631696453,1,1
2.9514757378689342,0.05330489125734504,1,1
2.95647823911956,0.05341153892420282,1,1
2.961480740370185,0.05161803366697917,1,1
2.9664832416208102,0.052114185951704924,1,1
2.971485742871436,0.05182514901762264,1,1
2.976488244122061,0.04970447951416941,1,1
2.981490745372686,0.052571814886895975,1,1
2.9864932466233114,0.04853805464152599,1,1
2.991495747873937,0.0486884714990618,1,1
2.996498249124562,0.05034816370433317,1,1
3.0015007503751874,0.051654242374139604,1,1
3.006503251625813,0.04954368281497297,1,1
3.011505752876438,0.04743203992883628,1,1
3.0165082541270634,0.04921197736704257,1,1
3.0215107553776885,0.04965592427433435,1,1
3.026513256628314,0.04885692911810675,1,1
3.0315157578789393,0.04694495932409779,1,1
3.0365182591295645,0.04620605415846081,1,1
3.04152076038019,0.04790276530626909,1,1
3.0465232616308153,0.04721328972623459,1,1
3.0515257628814405,0.04634621012363829,1,1
3.056528264132066,0.048151595579640764,1,1
3.0615307653826913,0.046073629034676336,1,1
3.0665332666333165,0.048419310332959785,1,1
3.0715357678839417,0.044535993387083625,1,1
3.0765382691345673,0.04486908252021311,1,1
3.0815407703851925,0.04562942172814476,1,1
3.0865432716358177,0.04516344169302602,1,1
3.0915457728864433,0.043847678022151323,1,1
3.0965482741370685,0.045921615510993455,1,1
3.1015507753876936,0.04619909375123169,1,1
3.1065532766383193,0.04567547232353173,1,1
3.1115557778889444,0.04431886501071224,1,1
3.1165582791395696,0.04459644180854138,1,1
3.121560780390195,0.04473550871589293,1,1
3.1265632816408204,0.04560097232441106,1,1
3.1315657828914456,0.044824904405000546,1,1
3.136568284142071,0.04403076471415513,1,1
3.1415707853926964,0.04305859014009283,1,1
3.1465732866433216,0.043324758493907614,1,1
3.1515757878939468,0.044230199866931476,1,1
3.1565782891445724,0.04398007701991871,1,1
3.1615807903951976,0.04359460051588718,1,1
3.1665832916458228,0.042164395721686655,1,1
3.171585792896448,0.04277945862465121,1,1
3.1765882941470736,0.04020257254124314,1,1
3.1815907953976987,0.04206325442933703,1,1
3.186593296648324,0.04047330163220672,1,1
3.1915957978989495,0.04004763931235692,1,1
3.1965982991495747,0.041394335746244876,1,1
3.2016008004002,0.04202770531228635,1,1
3.2066033016508255,0.040979610487524125,1,1
3.2116058029014507,0.04100118898437854,1,1
3.216608304152076,0.04133234317678407,1,1
3.221610805402701,0.04136762283879253,1,1
3.2266133066533267,0.041228089658537324,1,1
3.231615807903952,0.03973417766781808,1,1
3.236618309154577,0.038081222263265754,1,1
3.2416208104052027,0.04012138694487598,1,1
3.246623311655828,0.03951545005466574,1,1
3.251625812906453,0.03762321457283721,1,1
3.2566283141570787,0.03829090737431035,1,1
3.261630815407704,0.037262039486388364,1,1
3.266633316658329,0.03737908296306545,1,1
3.271635817908954,0.03906849169662887,1,1
3.27663831915958,0.03686922594459556,1,1
3.281640820410205,0.03774270717452761,1,1
3.28664332166083,0.03800846531552629,1,1
3.291645822911456,0.0378926298176442,1,1
3.296648324162081,0.037125932738371295,1,1
3.301650825412706,0.03635532272933651,1,1
3.306653326663332,0.03589903888219532,1,1
3.311655827913957,0.036820836814985776,1,1
3.316658329164582,0.03701069205591132,1,1
3.3216608304152073,0.03541781244466781,1,1
3.326663331665833,0.03643204962641034,1,1
3.331665832916458,0.03456025795617243,1,1
3.3366683341670833,0.035821058572798256,1,1
3.341670835417709,0.03565672148618304,1,1
3.346673336668334,0.036412086802724175,1,1
3.3516758379189593,0.03369517201153358,1,1
3.356678339169585,0.0355453405173285,1,1
3.36168084042021,0.034833751687654894,1,1
3.3666833416708353,0.033368985304393944,1,1
3.3716858429214605,0.03533592120751437,1,1
3.376688344172086,0.03415525102422839,1,1
3.3816908454227113,0.033058185618274956,1,1
3.3866933466733364,0.03327870236385468,1,1
3.391695847923962,0.03402199263658711,1,1
3.3966983491745872,0.03466633175218555,1,1
3.4017008504252124,0.03316832220212636,1,1
3.406703351675838,0.03326085187914485,1,1
3.4117058529264632,0.03422989707110919,1,1
3.4167083541770884,0.03196288422768073,1,1
3.4217108554277136,0.031947857357164634,1,1
3.426713356678339,0.031987995061452404,1,1
3.4317158579289644,0.03110078597406898,1,1
3.4367183591795896,0.031876009670962276,1,1
3.441720860430215,0.03217007766206151,1,1
3.4467233616808404,0.032875381842068285,1,1
3.4517258629314655,0.03236091415238281,1,1
3.4567283641820907,0.032599201831659846,1,1
3.4617308654327164,0.03133793144201071,1,1
3.4667333666833415,0.031859927684200054,1,1
3.4717358679339667,0.03169261862224322,1,1
3.4767383691845923,0.03171574767540794,1,1
3.4817408704352175,0.02990853372661268,1,1
3.4867433716858427,0.03174648343303771,1,1
3.4917458729364683,0.029801378626821945,1,1
3.4967483741870935,0.031156258080674872,1,1
3.5017508754377187,0.03130960990132477,1,1
3.506753376688344,0.02929872488091504,1,1
3.5117558779389695,0.029990953763602928,1,1
3.5167583791895947,0.030529239942868637,1,1
3.52176088044022,0.03020357528961094,1,1
3.5267633816908455,0.02904317261259312,1,1
3.5317658829414706,0.029175366414099426,1,1
3.536768384192096,0.027981931130614326,1,1
3.5417708854427215,0.029456001945075198,1,1
3.5467733866933466,0.028512626493378802,1,1
3.551775887943972,0.02846026441308304,1,1
3.556778389194597,0.029269511281500734,1,1
3.5617808904452226,0.029232057723538134,1,1
3.566783391695848,0.02862199181060535,1,1
3.571785892946473,0.028730986468818106,1,1
3.5767883941970986,0.02758367937702562,1,1
3.5817908954477238,0.028707061375136456,1,1
3.586793396698349,0.027591238065422997,1,1
3.5917958979489746,0.027238873346112774,1,1
3.5967983991995998,0.028423551411007154,1,1
3.601800900450225,0.028321464825107126,1,1
3.60680340170085,0.02812268560628382,1,1
3.6118059029514757,0.02706797719869238,1,1
3.616808404202101,0.026394693671421877,1,1
3.621810905452726,0.025926166885425518,1,1
3.6268134067033517,0.02668534918252511,1,1
3.631815907953977,0.027443442516059166,1,1
3.636818409204602,0.026829995730932272,1,1
3.6418209104552277,0.026565208767598412,1,1
3.646823411705853,0.025755108533091618,1,1
3.651825912956478,0.025826509159121932,1,1
3.6568284142071033,0.025052122329325063,1,1
3.661830915457729,0.02633352917638784,1,1
3.666833416708354,0.026005939890703,1,1
3.6718359179589792,0.025811435355464055,1,1
3.676838419209605,0.02518750376201497,1,1
3.68184092046023,0.02443159516903621,1,1
3.686843421710855,0.025434870336993234,1,1
3.691845922961481,0.0255241545011124,1,1
3.696848424212106,0.02393836874881722,1,1
3.701850925462731,0.02549542946975585,1,1
3.7068534267133564,0.024327379370206067,1,1
3.711855927963982,0.02462053609397511,1,1
3.716858429214607,0.024169204524036925,1,1
3.7218609304652324,0.0232250245641899,1,1
3.726863431715858,0.02316247932644668,1,1
3.731865932966483,0.02314429295530498,1,1
3.7368684342171083,0.023202614034547413,1,1
3.741870935467734,0.02365549949394353,1,1
3.746873436718359,0.023351649620346717,1,1
3.7518759379689843,0.02342550281176455,1,1
3.7568784392196095,0.02312898417382483,1,1
3.761880940470235,0.023654239087609538,1,1
3.7668834417208603,0.023136242046464143,1,1
3.7718859429714855,0.02302131448081713,1,1
3.776888444222111,0.02361380980016071,1,1
3.7818909454727363,0.02315547941498964,1,1
3.7868934467233615,0.021826965169073387,1,1
3.791895947973987,0.021792157570489537,1,1
3.7968984492246123,0.022014170703404567,1,1
3.8019009504752375,0.021641367987917045,1,1
3.8069034517258626,0.022037227473459493,1,1
3.8119059529764883,0.02252278201057225,1,1
3.8169084542271134,0.022056590222740022,1,1
3.8219109554777386,0.02129277527511872,1,1
3.8269134567283642,0.021181522698065294,1,1
3.8319159579789894,0.021967780704514623,1,1
3.8369184592296146,0.020861157045017478,1,1
3.8419209604802402,0.02120926789586857,1,1
3.8469234617308654,0.021088104923242052,1,1
3.8519259629814906,0.02158184094518891,1,1
3.8569284642321158,0.0215364496536274,1,1
3.8619309654827414,0.021436237888423925,1,1
3.8669334667333666,0.020727872693058237,1,1
3.8719359679839918,0.020296941024836788,1,1
3.8769384692346174,0.021266651874027907,1,1
3.8819409704852426,0.020169782670025845,1,1
3.8869434717358677,0.020706718928165287,1,1
3.891945972986493,0.020128151644773884,1,1
3.8969484742371185,0.020822300685711382,1,1
3.9019509754877437,0.019957355936671566,1,1
3.906953476738369,0.02003696304805285,1,1
3.9119559779889945,0.020253722330113653,1,1
3.9169584792396197,0.020196341485338647,1,1
3.921960980490245,0.020176307324560425,1,1
3.9269634817408705,0.019844847475917384,1,1
3.9319659829914957,0.019738316547162398,1,1
3.936968484242121,0.018973466489714826,1,1
3.941970985492746,0.019265169102450075,1,1
3.9469734867433717,0.019120430307111164,1,1
3.951975987993997,0.01979018803390045,1,1
3.956978489244622,0.01956417927832007,1,1
3.9619809904952477,0.01929661637589789,1,1
3.966983491745873,0.019013380735411624,1,1
3.971985992996498,0.018246242508514053,1,1
3.9769884942471236,0.01931599395107928,1,1
3.981990995497749,0.01927216115037928,1,1
3.986993496748374,0.01799906086358126,1,1
3.991995997998999,0.01909565553899055,1,1
3.996998499249625,0.017698907396383027,1,1
4.00200100050025,0.017580855299651477,1,1
4.007003501750876,0.017906146878366065,1,1
4.012006003001501,0.018654774065633272,1,1
4.017008504252126,0.018393625124109372,1,1
4.022011005502751,0.01834789028695018,1,1
4.027013506753376,0.01768092738163211,1,1
4.0320160080040015,0.017471340516306708,1,1
4.037018509254628,0.018156755463061443,1,1
4.042021010505253,0.017546528289332557,1,1
4.047023511755878,0.01807256635664857,1,1
4.052026013006503,0.01721783640142177,1,1
4.057028514257128,0.017486078313265475,1,1
4.0620310155077535,0.016644046643805442,1,1
4.067033516758379,0.01672454638504718,1,1
4.072036018009005,0.017051594981363535,1,1
4.07703851925963,0.01674249088965027,1,1
4.082041020510255,0.016828710290042806,1,1
4.08704352176088,0.016782952537882232,1,1
4.092046023011505,0.016836222290113428,1,1
4.097048524262131,0.017190579471133262,1,1
4.102051025512757,0.017090576502633063,1,1
4.107053526763382,0.016767501636586905,1,1
4.112056028014007,0.01648944310390043,1,1
4.117058529264632,0.01677423828526939,1,1
4.122061030515257,0.015982207232401454,1,1
4.127063531765883,0.01643222924825554,1,1
4.132066033016508,0.01551648412528277,1,1
4.137068534267134,0.015342403314716705,1,1
4.142071035517759,0.01587991532448722,1,1
4.147073536768384,0.016221777357177832,1,1
4.152076038019009,0.015364182054249192,1,1
4.1570785392696346,0.016152618347449778,1,1
4.16208104052026,0.015305032702711396,1,1
4.167083541770885,0.015862620836015383,1,1
4.172086043021511,0.015741979491456816,1,1
4.177088544272136,0.015351410142460175,1,1
4.182091045522761,0.015640116464259526,1,1
4.1870935467733865,0.015752541101353913,1,1
4.192096048024012,0.015539404627323722,1,1
4.197098549274637,0.015550481391112737,1,1
4.202101050525263,0.014554807992437323,1,1
4.207103551775888,0.015403710841681647,1,1
4.212106053026513,0.014587329595214634,1,1
4.2171085542771385,0.01502247635422898,1,1
4.222111055527764,0.014370950136950075,1,1
4.227113556778389,0.015141579031695874,1,1
4.232116058029014,0.014212388473184298,1,1
4.23711855927964,0.014166197049627448,1,1
4.242121060530265,0.014832988796580134,1,1
4.2471235617808905,0.013754281271430299,1,1
4.252126063031516,0.014476093376518574,1,1
4.257128564282141,0.014563253251335779,1,1
4.262131065532766,0.01391226804563946,1,1
4.267133566783391,0.014264496719670332,1,1
4.272136068034017,0.013858330066400717,1,1
4.277138569284642,0.013500313835605671,1,1
4.282141070535268,0.014346544843748782,1,1
4.287143571785893,0.013367435296759253,1,1
4.292146073036518,0.013417052148289244,1,1
4.297148574287143,0.01341293297282619,1,1
4.302151075537768,0.01325041617502505,1,1
4.307153576788394,0.013948026185379455,1,1
4.31215607803902,0.013881470079919113,1,1
4.317158579289645,0.012813271932419537,1,1
4.32216108054027,0.012790574506685994,1,1
4.327163581790895,0.012695370555257891,1,1
4.33216608304152,0.013146433898485323,1,1
4.337168584292146,0.01307466587592904,1,1
4.3421710855427715,0.013449334589851387,1,1
4.347173586793397,0.012628290476528605,1,1
4.352176088044022,0.012565307605674708,1,1
4.357178589294647,0.012952594663579443,1,1
4.362181090545272,0.012893155040405785,1,1
4.367183591795897,0.013122418405598517,1,1
4.3721860930465235,0.012249997882979197,1,1
4.377188594297149,0.012876369791721444,1,1
4.382191095547774,0.01202941194478051,1,1
4.387193596798399,0.012371261216189701,1,1
4.392196098049024,0.012274055869299015,1,1
4.397198599299649,0.01273352047532694,1,1
4.402201100550275,0.011841592069230624,1,1
4.407203601800901,0.012080274593239284,1,1
4.412206103051526,0.012583691359467436,1,1
4.417208604302151,0.011731584685161844,1,1
4.422211105552776,0.012183519552503663,1,1
4.427213606803401,0.012183726116639398,1,1
4.4322161080540265,0.011596887738801995,1,1
4.437218609304653,0.012009920075811397,1,1
4.442221110555278,0.01212824008382387,1,1
4.447223611805903,0.012139076758863505,1,1
4.452226113056528,0.011687295925718696,1,1
4.457228614307153,0.011613148866243931,1,1
4.4622311155577785,0.011250636503107469,1,1
4.467233616808404,0.011226740771732198,1,1
4.47223611805903,0.011532137651651415,1,1
4.477238619309655,0.011478436859292035,1,1
4.48224112056028,0.011565970203489836,1,1
4.487243621810905,0.01168175799745262,1,1
4.4922461230615305,0.010858772350990647,1,1
4.497248624312156,0.011243053379749278,1,1
4.502251125562781,0.011508970700962975,1,1
4.507253626813407,0.01073837933177406,1,1
4.512256128064032,0.011067650336118656,1,1
4.517258629314657,0.010905303713737626,1,1
4.5222611305652824,0.011154125882533983,1,1
4.527263631815908,0.011042140821674092,1,1
4.532266133066533,0.01070013216271648,1,1
4.537268634317159,0.010820020052862237,1,1
4.542271135567784,0.010604801050651863,1,1
4.547273636818409,0.0108728653117798,1,1
4.552276138069034,0.01062646220738007,1,1
4.55727863931966,0.010597397536392758,1,1
4.562281140570285,0.010219414347221387,1,1
4.56728364182091,0.010041559088621178,1,1
4.572286143071536,0.010668679047331308,1,1
4.577288644322161,0.010602031747843816,1,1
4.582291145572786,0.009967064953249382,1,1
4.587293646823412,0.009997772725185247,1,1
4.592296148074037,0.010410813411337181,1,1
4.597298649324662,0.010399338311529348,1,1
4.602301150575287,0.010418426559061807,1,1
4.607303651825913,0.009632525878435492,1,1
4.612306153076538,0.009549399060851007,1,1
4.6173086543271635,0.010112175894119578,1,1
4.622311155577789,0.009459044772936014,1,1
4.627313656828414,0.009732624825047503,1,1
4.632316158079039,0.010096104059927493,1,1
4.637318659329665,0.009719053057322766,1,1
4.64232116058029,0.010002239065073987,1,1
4.6473236618309155,0.009783607027855116,1,1
4.652326163081541,0.009655348090082356,1,1
4.657328664332166,0.009452488583542107,1,1
4.662331165582791,0.009068204183586932,1,1
4.667333666833416,0.009680862552097767,1,1
4.672336168084042,0.009375576098395648,1,1
4.6773386693346675,0.009453177871029688,1,1
4.682341170585293,0.009158749534844206,1,1
4.687343671835918,0.00950290541368751,1,1
4.692346173086543,0.009495316709729676,1,1
4.697348674337168,0.009467396107165972,1,1
4.702351175587793,0.009192486687703701,1,1
4.707353676838419,0.009110233244157565,1,1
4.712356178089045,0.00904799420348045,1,1
4.71735867933967,0.00862728599528635,1,1
4.722361180590295,0.008930542861681993,1,1
4.72736368184092,0.00893622051323723,1,1
4.732366183091545,0.008966957920026438,1,1
4.7373686843421705,0.009020934102241055,1,1
4.742371185592797,0.008825972546066615,1,1
4.747373686843422,0.008469351841026289,1,1
4.752376188094047,0.008484735469961651,1,1
4.757378689344672,0.008861878284904529,1,1
4.762381190595297,0.008782099842745977,1,1
4.7673836918459225,0.008259068779401661,1,1
4.7723861930965485,0.008131580084294392,1,1
4.777388694347174,0.008146598284656153,1,1
4.782391195597799,0.00837531856371812,1,1
4.787393696848424,0.008278883619941646,1,1
4.792396198099049,0.008529324966651701,1,1
4.7973986993496744,0.008106162126694372,1,1
4.8024012006003,0.007889289620904308,1,1
4.807403701850926,0.008384256637085329,1,1
4.812406203101551,0.00815237553284838,1,1
4.817408704352176,0.008137672900717518,1,1
4.822411205602801,0.007821226161328554,1,1
4.827413706853426,0.007775080342896611,1,1
4.832416208104052,0.008196665129782812,1,1
4.837418709354677,0.008198894264756127,1,1
4.842421210605303,0.007952456426959898,1,1
4.847423711855928,0.007883877330300288,1,1
4.852426213106553,0.008082758278102512,1,1
4.857428714357178,0.008079533891705893,1,1
4.862431215607804,0.00753943608603331,1,1
4.867433716858429,0.007660713188305382,1,1
4.872436218109055,0.007593256926731828,1,1
4.87743871935968,0.007391025982559557,1,1
4.882441220610305,0.007617225226111303,1,1
4.88744372186093,0.007828441341603763,1,1
4.8924462231115555,0.007582637144617996,1,1
4.897448724362181,0.00759234750810968,1,1
4.902451225612806,0.0074806386600890715,1,1
4.907453726863432,0.007376057249679351,1,1
4.912456228114057,0.007063686108106072,1,1
4.917458729364682,0.007146065379625296,1,1
4.9224612306153075,0.007221045673576808,1,1
4.927463731865933,0.007149237089888419,1,1
4.932466233116558,0.007458383776475644,1,1
4.937468734367183,0.007439975586053741,1,1
4.942471235617809,0.007263190403863698,1,1
4.947473736868434,0.007090941371395498,1,1
4.9524762381190595,0.00682600493007523,1,1
4.957478739369685,0.007229991797232016,1,1
4.96248124062031,0.00690527798651593,1,1
4.967483741870935,0.007035291512608382,1,1
4.972486243121561,0.007085546347293194,1,1
4.977488744372186,0.00664115819654058,1,1
4.982491245622811,0.006874369047689571,1,1
4.987493746873437,0.0067742317647626485,1,1
4.992496248124062,0.006658389167221234,1,1
4.997498749374687,0.006512643454113157,1,1
5.002501250625312,0.006589835072320613,1,1
5.007503751875938,0.006606496865851165,1,1
5.012506253126563,0.006544500710601825,1,1
5.017508754377189,0.0066450189320955535,1,1
5.022511255627814,0.006706622781920484,1,1
5.027513756878439,0.0063830958036472756,1,1
5.032516258129064,0.00653935490287958,1,1
5.037518759379689,0.006298167087149862,1,1
5.042521260630315,0.006440301659314228,1,1
5.0475237618809405,0.006282575212565199,1,1
5.052526263131566,0.006182284979470706,1,1
5.057528764382191,0.00644391563773856,1,1
5.062531265632816,0.006433747878541474,1,1
5.067533766883441,0.006158190307216548,1,1
5.072536268134067,0.006136881708960683,1,1
5.0775387693846925,0.006453661038766636,1,1
5.082541270635318,0.0061478547888622285,1,1
5.087543771885943,0.006010023688811649,1,1
5.092546273136568,0.006308925436512787,1,1
5.097548774387193,0.006023088653876484,1,1
5.102551275637818,0.0058478801430315724,1,1
5.1075537768884445,0.0059294295149608075,1,1
5.11255627813907,0.0059343387785117255,1,1
5.117558779389695,0.0062172274367638435,1,1
5.12256128064032,0.006059522512024353,1,1
5.127563781890945,0.00593177431562475,1,1
5.13256628314157,0.0058378725877798006,1,1
5.1375687843921956,0.005862196451836875,1,1
5.142571285642822,0.0058537089148166695,1,1
5.147573786893447,0.00579728128353204,1,1
5.152576288144072,0.005914726000764334,1,1
5.157578789394697,0.005551816590118045,1,1
5.162581290645322,0.005517339144597679,1,1
5.1675837918959475,0.005863897568727718,1,1
5.172586293146573,0.005474915602626274,1,1
5.177588794397199,0.005786235710140024,1,1
5.182591295647824,0.0056761399876083495,1,1
5.187593796898449,0.005502601033478769,1,1
5.192596298149074,0.00573356163857063,1,1
5.1975987993996995,0.005659644046892936,1,1
5.202601300650325,0.005412434953507246,1,1
5.207603801900951,0.005350056225587467,1,1
5.212606303151576,0.005602387526868223,1,1
5.217608804402201,0.0055461548716170565,1,1
5.222611305652826,0.005381381444074744,1,1
5.2276138069034515,0.005517822600700734,1,1
5.232616308154077,0.005279766807927673,1,1
5.237618809404702,0.005347996417941143,1,1
5.242621310655328,0.005139174249544937,1,1
5.247623811905953,0.005223465016149697,1,1
5.252626313156578,0.0053693194978758,1,1
5.257628814407203,0.005339123769156014,1,1
5.262631315657829,0.005115734640855745,1,1
5.267633816908454,0.005356431019233629,1,1
5.272636318159079,0.005293981830050042,1,1
5.277638819409705,0.005009761820698346,1,1
5.28264132066033,0.0048798265216578665,1,1
5.287643821910955,0.004894781293200068,1,1
5.292646323161581,0.0049391362088763,1,1
5.297648824412206,0.004984952209246733,1,1
5.302651325662831,0.005177459037862673,1,1
5.307653826913457,0.005117149230660084,1,1
5.312656328164082,0.005095421823064071,1,1
5.317658829414707,0.004925124212446799,1,1
5.3226613306653325,0.0047228342730722805,1,1
5.327663831915958,0.004815890034148593,1,1
5.332666333166583,0.004953431879282352,1,1
5.337668834417208,0.004915676086246792,1,1
5.342671335667834,0.004851314571358856,1,1
5.347673836918459,0.00466949770225278,1,1
5.3526763381690845,0.004759044515172535,1,1
5.35767883941971,0.004872540670618445,1,1
5.362681340670335,0.004560077441429947,1,1
5.36768384192096,0.0045579812938497735,1,1
5.372686343171585,0.004722941662344166,1,1
5.377688844422211,0.00444080271683098,1,1
5.3826913456728365,0.004588877474486613,1,1
5.387693846923462,0.004427601169607242,1,1
5.392696348174087,0.0046511131401785226,1,1
5.397698849424712,0.004446177158183939,1,1
5.402701350675337,0.0043977131275375605,1,1
5.407703851925963,0.004513881546746918,1,1
5.412706353176588,0.004581204654473904,1,1
5.417708854427214,0.004607360340199642,1,1
5.422711355677839,0.004378543142497533,1,1
5.427713856928464,0.004507876479049565,1,1
5.432716358179089,0.004314922301530013,1,1
5.437718859429714,0.004221114370007237,1,1
5.44272136068034,0.004342627699512483,1,1
5.447723861930966,0.004305779339753815,1,1
5.452726363181591,0.0042680372653483584,1,1
5.457728864432216,0.004367381455954834,1,1
5.462731365682841,0.004267912573579623,1,1
5.467733866933466,0.004246123119790332,1,1
5.4727363681840915,0.004281253353988434,1,1
5.4777388694347176,0.0042534534614606274,1,1
5.482741370685343,0.0041642411054216,1,1
5.487743871935968,0.004135136356891781,1,1
5.492746373186593,0.003983540198286628,1,1
5.497748874437218,0.0040059198035313276,1,1
5.5027513756878434,0.004191437614184154,1,1
5.5077538769384695,0.00410353380438182,1,1
5.512756378189095,0.0039335508037997334,1,1
5.51775887943972,0.004097026065203146,1,1
5.522761380690345,0.00412329409120156,1,1
5.52776388194097,0.003997051538329267,1,1
5.532766383191595,0.0038829226128138344,1,1
5.537768884442221,0.0040121089647995045,1,1
5.542771385692847,0.0039168759193387295,1,1
5.547773886943472,0.003882518402980947,1,1
5.552776388194097,0.0038882623328805386,1,1
5.557778889444722,0.003834743018629856,1,1
5.562781390695347,0.003972190681467212,1,1
5.567783891945973,0.003953518633884785,1,1
5.572786393196598,0.0036547898683463574,1,1
5.577788894447224,0.0037662617957436276,1,1
5.582791395697849,0.0037320196142741416,1,1
5.587793896948474,0.0037289474360548695,1,1
5.592796398199099,0.0037496222132983037,1,1
5.5977988994497245,0.003847452809903431,1,1
5.60280140070035,0.0037881019262645164,1,1
5.607803901950975,0.0035570023429006893,1,1
5.612806403201601,0.0035663622265287433,1,1
5.617808904452226,0.003521576138273006,1,1
5.622811405702851,0.003736186230094384,1,1
5.6278139069534765,0.003663561706030443,1,1
5.632816408204102,0.0034722317035069204,1,1
5.637818909454727,0.003638262537329231,1,1
5.642821410705353,0.0034034620315987725,1,1
5.647823911955978,0.0036007760398021767,1,1
5.652826413206603,0.003489636699601912,1,1
5.6578289144572285,0.0034252500469483488,1,1
5.662831415707854,0.003493750717261791,1,1
5.667833916958479,0.0034790432910572844,1,1
5.672836418209104,0.0034954059768375,1,1
5.67783891945973,0.0032915936547936704,1,1
5.682841420710355,0.0034207786904351728,1,1
5.68784392196098,0.003426707821639238,1,1
5.692846423211606,0.003357702274453662,1,1
5.697848924462231,0.003351310903202422,1,1
5.702851425712856,0.003352513623213699,1,1
5.707853926963481,0.003260076323890694,1,1
5.712856428214107,0.0032730912841765466,1,1
5.717858929464732,0.003174356191323512,1,1
5.722861430715358,0.0031441489366268154,1,1
5.727863931965983,0.0033767412606253264,1,1
5.732866433216608,0.0031823214363257573,1,1
5.737868934467233,0.0033108163731465513,1,1
5.742871435717859,0.0030784365244928406,1,1
5.747873936968484,0.003296282227017366,1,1
5.7528764382191095,0.003049159537559902,1,1
5.757878939469735,0.0030630343193824025,1,1
5.76288144072036,0.0030196652280236576,1,1
5.767883941970985,0.003125512832563076,1,1
5.77288644322161,0.0031613799353777047,1,1
5.777888944472236,0.0031597916704840176,1,1
5.7828914457228615,0.0030775291602658677,1,1
5.787893946973487,0.00313203902708097,1,1
5.792896448224112,0.0030359607115629877,1,1
5.797898949474737,0.0030135257621915477,1,1
5.802901450725362,0.0029631618076055295,1,1
5.807903951975987,0.0031139477745480157,1,1
5.8129064532266135,0.0029340623526932725,1,1
5.817908954477239,0.002955586008983276,1,1
5.822911455727864,0.002863043621091477,1,1
5.827913956978489,0.00297384577706967,1,1
5.832916458229114,0.0028370761911638153,1,1
5.837918959479739,0.0028750827839695487,1,1
5.8429214607303654,0.0028370642437064277,1,1
5.847923961980991,0.002970312625895563,1,1
5.852926463231616,0.002850080802073341,1,1
5.857928964482241,0.0029415193769788722,1,1
5.862931465732866,0.002859051437459105,1,1
5.867933966983491,0.002934161758629884,1,1
5.8729364682341165,0.0028989121644966208,1,1
5.877938969484743,0.002751278931365429,1,1
5.882941470735368,0.002869717058842096,1,1
5.887943971985993,0.0026950385453939118,1,1
5.892946473236618,0.0026520379377644255,1,1
5.897948974487243,0.0026777038671294603,1,1
5.9029514757378685,0.002771936345174363,1,1
5.907953976988494,0.0028142950765032474,1,1
5.91295647823912,0.002807593357944349,1,1
5.917958979489745,0.002632285041754517,1,1
5.92296148074037,0.002582686809525369,1,1
5.927963981990995,0.002655529030285494,1,1
5.9329664832416205,0.0025446583196691397,1,1
5.937968984492246,0.0026797450396038353,1,1
5.942971485742872,0.002643658130534817,1,1
5.947973986993497,0.0025548223751243335,1,1
5.952976488244122,0.0025516317941694606,1,1
5.957978989494747,0.002666487888917468,1,1
5.962981490745372,0.0025692499088087973,1,1
5.967983991995998,0.002470353115707718,1,1
5.972986493246623,0.0024544038192470595,1,1
5.977988994497249,0.002570931630087308,1,1
5.982991495747874,0.002533907777693092,1,1
5.987993996998499,0.002476170009480942,1,1
5.992996498249124,0.0024432874341205075,1,1
5.99799899949975,0.002481333219144808,1,1
6.003001500750375,0.002450750705844557,1,1
6.008004002001,0.0025513117471460964,1,1
6.013006503251626,0.002509717084339164,1,1
6.018009004502251,0.0024773826461676825,1,1
6.023011505752876,0.002487488116059011,1,1
6.0280140070035015,0.002316148461465844,1,1
6.033016508254127,0.002490486458660528,1,1
6.038019009504752,0.002386598462735179,1,1
6.043021510755377,0.0024388618792588654,1,1
6.048024012006003,0.0023804972732895746,1,1
6.053026513256628,0.002306552410912331,1,1
6.0580290145072535,0.0022732194761252308,1,1
6.063031515757879,0.002284030940369632,1,1
6.068034017008504,0.0022379071980293238,1,1
6.073036518259129,0.00231056279243876,1,1
6.078039019509755,0.0023231202760680986,1,1
6.08304152076038,0.0022990880917155322,1,1
6.0880440220110055,0.002326694169700668,1,1
6.093046523261631,0.0022718289635397723,1,1
6.098049024512256,0.002251133003387268,1,1
6.103051525762881,0.0021724333039957423,1,1
6.108054027013506,0.002160523142752109,1,1
6.113056528264132,0.002267106484464833,1,1
6.118059029514757,0.0021635504325795375,1,1
6.123061530765383,0.002249023625914834,1,1
6.128064032016008,0.0022487751990804008,1,1
6.133066533266633,0.0022088584168516246,1,1
6.138069034517258,0.0021975350850022934,1,1
6.143071535767883,0.0022321336537426376,1,1
6.148074037018509,0.002108183494222398,1,1
6.153076538269135,0.0021754948059086493,1,1
6.15807903951976,0.0020940906163383886,1,1
6.163081540770385,0.002183259278873112,1,1
6.16808404202101,0.002150104257514005,1,1
6.173086543271635,0.002032978550197994,1,1
6.178089044522261,0.0020975142371025663,1,1
6.1830915457728866,0.0020089109802290603,1,1
6.188094047023512,0.002084998864646432,1,1
6.193096548274137,0.002057753603926433,1,1
6.198099049524762,0.002005040460825516,1,1
6.203101550775387,0.001970590869852035,1,1
6.2081040520260125,0.0020604063276854537,1,1
6.2131065532766385,0.001934716420546433,1,1
6.218109054527264,0.002018869711857449,1,1
6.223111555777889,0.002036812786810297,1,1
6.228114057028514,0.0019249616941274343,1,1
6.233116558279139,0.00192160965360173,1,1
6.238119059529764,0.0019814502837731908,1,1
6.24312156078039,0.0018673495007769819,1,1
6.248124062031016,0.0019244739644838334,1,1
6.253126563281641,0.0019369433704270705,1,1
6.258129064532266,0.0018735637457364476,1,1
6.263131565782891,0.0019372823190123348,1,1
6.268134067033516,0.0019364542299364163,1,1
6.273136568284142,0.0018776218213066075,1,1
6.278139069534768,0.0018707327224783059,1,1
6.283141570785393,0.0018726476073622302,1,1
6.288144072036018,0.0018461772209520358,1,1
6.293146573286643,0.0018357662728684038,1,1
6.298149074537268,0.0018328878826271023,1,1
6.3031515757878935,0.0018150769134437001,1,1
6.308154077038519,0.001809485184633951,1,1
6.313156578289145,0.0018251868560536018,1,1
6.31815907953977,0.0017534774766093508,1,1
6.323161580790395,0.0017902960565272222,1,1
6.32816408204102,0.0017501854850662335,1,1
6.3331665832916455,0.0018186058704538245,1,1
6.338169084542271,0.0017989270828847109,1,1
6.343171585792896,0.0017395965937425663,1,1
6.348174087043522,0.0018075185654011006,1,1
6.353176588294147,0.001713219010964672,1,1
6.358179089544772,0.0017599530197664357,1,1
6.3631815907953975,0.0017513386263616792,1,1
6.368184092046023,0.001668676717792005,1,1
6.373186593296648,0.001736782298582774,1,1
6.378189094547274,0.0017525840093635561,1,1
6.383191595797899,0.00169149903060531,1,1
6.388194097048524,0.0016729068572403454,1,1
6.393196598299149,0.001684830597365423,1,1
6.398199099549775,0.0016551717841621664,1,1
6.4032016008004,0.0016465199615982424,1,1
6.408204102051025,0.0016505140924529197,1,1
6.413206603301651,0.0016806786830193539,1,1
6.418209104552276,0.0016689829107198319,1,1
6.423211605802901,0.0016066683219800606,1,1
6.428214107053527,0.0016733529515649903,1,1
6.433216608304152,0.0016332435287092538,1,1
6.438219109554777,0.0015641221848376155,1,1
6.443221610805402,0.0015845451159275622,1,1
6.448224112056028,0.0015789256875267874,1,1
6.453226613306653,0.0015530265141944367,1,1
6.4582291145572785,0.0015181904548698508,1,1
6.463231615807904,0.001609675564342258,1,1
6.468234117058529,0.0015633980952400662,1,1
6.473236618309154,0.001551737579194512,1,1
6.478239119559779,0.0015107135314756963,1,1
6.483241620810405,0.0015757550309406247,1,1
6.4882441220610305,0.001461950191858093,1,1
6.493246623311656,0.0015477726699608364,1,1
6.498249124562281,0.0015646775970900187,1,1
6.503251625812906,0.0014589052608319495,1,1
6.508254127063531,0.001480864860752181,1,1
6.513256628314157,0.0015246214226487447,1,1
6.5182591295647825,0.0014654319375185085,1,1
6.523261630815408,0.0015259557019387249,1,1
6.528264132066033,0.0014935175475326928,1,1
6.533266633316658,0.0014391446725288569,1,1
6.538269134567283,0.0014292929920131777,1,1
6.543271635817908,0.0014462590214014465,1,1
6.5482741370685345,0.0014458335585130807,1,1
6.55327663831916,0.0014395770081659105,1,1
6.558279139569785,0.001435155377925241,1,1
6.56328164082041,0.0013815846340903884,1,1
6.568284142071035,0.0013633436786652305,1,1
6.57328664332166,0.0014245300201125126,1,1
6.5782891445722855,0.001347375477868609,1,1
6.583291645822912,0.0013856995749256824,1,1
6.588294147073537,0.0013659372424130382,1,1
6.593296648324162,0.001336061555079948,1,1
6.598299149574787,0.0013875722516193067,1,1
6.603301650825412,0.0014075203010977231,1,1
6.6083041520760375,0.0013356775104771982,1,1
6.613306653326664,0.0013882457377967516,1,1
6.618309154577289,0.0013743330359421077,1,1
6.623311655827914,0.0012935417577668944,1,1
6.628314157078539,0.0012808138384992542,1,1
6.633316658329164,0.001357607908394078,1,1
6.6383191595797895,0.001273305823027581,1,1
6.643321660830415,0.001334343024424623,1,1
6.648324162081041,0.001296738598655324,1,1
6.653326663331666,0.0013124818697610645,1,1
6.658329164582291,0.0012415288566393174,1,1
6.663331665832916,0.0012998327822937381,1,1
6.668334167083541,0.0012771947022413971,1,1
6.673336668334167,0.0012717976638579387,1,1
6.678339169584792,0.00122499822016183,1,1
6.683341670835418,0.0012815851677247677,1,1
6.688344172086043,0.0012542736388286655,1,1
6.693346673336668,0.0012509077147439406,1,1
6.698349174587293,0.0012489655308690827,1,1
6.703351675837919,0.001230934292998048,1,1
6.708354177088544,0.0012268627914562903,1,1
6.71335667833917,0.0012473843794768868,1,1
6.718359179589795,0.0011780645619299402,1,1
6.72336168084042,0.0012185175714483384,1,1
6.728364182091045,0.0012378720012864554,1,1
6.7333666833416705,0.0012176948528094676,1,1
6.738369184592296,0.0012160028844947492,1,1
6.743371685842921,0.0012068887566893981,1,1
6.748374187093547,0.001136211639059438,1,1
6.753376688344172,0.0011486176425271211,1,1
6.758379189594797,0.0011632176001938376,1,1
6.7633816908454225,0.001139449430393873,1,1
6.768384192096048,0.001107331913073385,1,1
6.773386693346673,0.0011160621342704068,1,1
6.778389194597298,0.00112473587727704,1,1
6.783391695847924,0.001175852228209402,1,1
6.788394197098549,0.0011405074119008245,1,1
6.7933966983491745,0.0010889046949703635,1,1
6.7983991995998,0.0011247120166983015,1,1
6.803401700850425,0.0011133125898688456,1,1
6.80840420210105,0.001135018469156524,1,1
6.813406703351676,0.001094701455833348,1,1
6.818409204602301,0.001123034979835355,1,1
6.8234117058529264,0.001086472564489086,1,1
6.828414207103552,0.0011218521632883063,1,1
6.833416708354177,0.0010472839332181878,1,1
6.838419209604802,0.0010316036488910204,1,1
6.843421710855427,0.001033211220608702,1,1
6.848424212106053,0.0010621694287161058,1,1
6.853426713356678,0.0010368287298598681,1,1
6.858429214607304,0.0010578216435575658,1,1
6.863431715857929,0.0010291240397894289,1,1
6.868434217108554,0.0010268602758814276,1,1
6.873436718359179,0.0010256475334554165,1,1
6.878439219609804,0.0009966419910786989,1,1
6.88344172086043,0.001024076631420622,1,1
6.888444222111056,0.0010466567575190375,1,1
6.893446723361681,0.0010204973974894554,1,1
6.898449224612306,0.0010136441621671798,1,1
6.903451725862931,0.000983682052742823,1,1
6.908454227113556,0.0009748560608740069,1,1
6.9134567283641815,0.0010039579638416916,1,1
6.9184592296148075,0.0009579138616864809,1,1
6.923461730865433,0.0009983176258131843,1,1
6.928464232116058,0.0009828056842105496,1,1
6.933466733366683,0.000979285683422791,1,1
6.938469234617308,0.0010034385181307741,1,1
6.943471735867933,0.0009994662628537829,1,1
6.9484742371185595,0.0009547927743474914,1,1
6.953476738369185,0.0009448314724891296,1,1
6.95847923961981,0.0009752636835414123,1,1
6.963481740870435,0.0009122153013857053,1,1
6.96848424212106,0.0009352206710540877,1,1
6.973486743371685,0.0009035360963015606,1,1
6.978489244622311,0.0009504984832925118,1,1
6.983491745872937,0.0009190149824188595,1,1
6.988494247123562,0.0009501042252451462,1,1
6.993496748374187,0.0009240000130199406,1,1
6.998499249624812,0.0009409973402647048,1,1
7.003501750875437,0.0008838711671245251,1,1
7.0085042521260625,0.0009231291691371501,1,1
7.013506753376688,0.0008685300610709947,1,1
7.018509254627314,0.0009260974953306954,1,1
7.023511755877939,0.0008921183023761556,1,1
7.028514257128564,0.0009124482401999247,1,1
7.033516758379189,0.0008964794416171384,1,1
7.0385192596298145,0.0008656483425503675,1,1
7.04352176088044,0.0008733198403241792,1,1
7.048524262131066,0.0008684052593465865,1,1
7.053526763381691,0.0008948940810162766,1,1
7.058529264632316,0.0008839766628560107,1,1
7.063531765882941,0.0008288387052115904,1,1
7.0685342671335665,0.0008649471033608786,1,1
7.073536768384192,0.0008505298875381198,1,1
7.078539269634817,0.0008335494038141154,1,1
7.083541770885443,0.0008089763058171098,1,1
7.088544272136068,0.000828898230310072,1,1
7.093546773386693,0.0008556230101424858,1,1
7.098549274637318,0.0008522548537464632,1,1
7.103551775887944,0.0008428223603055682,1,1
7.108554277138569,0.0007911694311393109,1,1
7.113556778389194,0.0008177038403113196,1,1
7.11855927963982,0.000808432305772018,1,1
7.123561780890445,0.0007930079992152312,1,1
7.12856428214107,0.0008216409092770737,1,1
7.133566783391696,0.0008051401049415999,1,1
7.138569284642321,0.0008133418900384254,1,1
7.143571785892946,0.0008199473749330407,1,1
7.148574287143572,0.0007726189775585857,1,1
7.153576788394197,0.0008040233156329118,1,1
7.158579289644822,0.0007830394777573005,1,1
7.1635817908954476,0.0008038005221562058,1,1
7.168584292146073,0.0007881427535505482,1,1
7.173586793396698,0.0007723296264419606,1,1
7.178589294647323,0.0007394134782106339,1,1
7.183591795897949,0.0007736196102390831,1,1
7.188594297148574,0.0007808818698132208,1,1
7.1935967983991995,0.0007705101118917105,1,1
7.198599299649825,0.0007571751316538753,1,1
7.20360180090045,0.0007572659178176144,1,1
7.208604302151075,0.0007442867682670621,1,1
7.2136068034017,0.000732231464290123,1,1
7.218609304652326,0.0007274318753105893,1,1
7.2236118059029515,0.0007126965206940353,1,1
7.228614307153577,0.0007096899975748384,1,1
7.233616808404202,0.0007224239809952257,1,1
7.238619309654827,0.0007348075398134908,1,1
7.243621810905452,0.0007258892476557449,1,1
7.248624312156078,0.0007109474272143521,1,1
7.2536268134067035,0.0007296808650982386,1,1
7.258629314657329,0.0006845408979011459,1,1
7.263631815907954,0.0007202101191848171,1,1
7.268634317158579,0.0007005157681344876,1,1
7.273636818409204,0.0006718347105455003,1,1
7.278639319659829,0.0006879683738559791,1,1
7.283641820910455,0.0006874017255940864,1,1
7.288644322161081,0.0006788168858401283,1,1
7.293646823411706,0.0007025591433567008,1,1
7.298649324662331,0.0006694658732796658,1,1
7.303651825912956,0.0006546208939607424,1,1
7.308654327163581,0.0006887949725596842,1,1
7.3136568284142065,0.0006530340310525034,1,1
7.318659329664833,0.0006811565950246095,1,1
7.323661830915458,0.0006707068958206209,1,1
7.328664332166083,0.0006683496630109336,1,1
7.333666833416708,0.0006313000332948518,1,1
7.338669334667333,0.0006245167328250673,1,1
7.3436718359179585,0.0006539501181847354,1,1
7.348674337168584,0.0006569099278771239,1,1
7.35367683841921,0.0006283768820985636,1,1
7.358679339669835,0.0006408003181100215,1,1
7.36368184092046,0.0006186768603890715,1,1
7.368684342171085,0.0006259528903297615,1,1
7.37368684342171,0.0006328922329474358,1,1
7.378689344672336,0.0006343085565055433,1,1
7.383691845922962,0.0006201018964683624,1,1
7.388694347173587,0.0005994488449089817,1,1
7.393696848424212,0.0006052305445942604,1,1
7.398699349674837,0.0006127376562233419,1,1
7.403701850925462,0.0005847920004779496,1,1
7.408704352176088,0.0006019974675485055,1,1
7.413706853426713,0.0006208941446667926,1,1
7.418709354677339,0.0006002532073844693,1,1
7.423711855927964,0.0005998129000644163,1,1
7.428714357178589,0.0005941547211257164,1,1
7.433716858429214,0.0005968973324664473,1,1
7.4387193596798395,0.0005715134746406,1,1
7.443721860930465,0.000563771381726156,1,1
7.44872436218109,0.0005870067100984555,1,1
7.453726863431716,0.0005751076208099167,1,1
7.458729364682341,0.0005684275940758568,1,1
7.463731865932966,0.0005711522572720732,1,1
7.4687343671835915,0.0005820535266788956,1,1
7.473736868434217,0.0005475327074848375,1,1
7.478739369684842,0.0005522271166325782,1,1
7.483741870935468,0.0005476727529323531,1,1
7.488744372186093,0.0005607464819129182,1,1
7.493746873436718,0.0005636614251167793,1,1
7.4987493746873435,0.0005587597951178879,1,1
7.503751875937969,0.0005355152236000374,1,1
7.508754377188594,0.0005644242423884499,1,1
7.513756878439219,0.0005404225620225445,1,1
7.518759379689845,0.0005562103379915317,1,1
7.52376188094047,0.0005302628555400406,1,1
7.5287643821910955,0.0005295381130578816,1,1
7.533766883441721,0.000528665478029193,1,1
7.538769384692346,0.0005449384027414279,1,1
7.543771885942971,0.0005154600764942197,1,1
7.548774387193596,0.0005118112215913507,1,1
7.553776888444222,0.0005449740181803412,1,1
7.558779389694847,0.0005271494824060364,1,1
7.563781890945473,0.000523115720080391,1,1
7.568784392196098,0.0004990299343407985,1,1
7.573786893446723,0.0005002136110612486,1,1
7.578789394697348,0.0005009352847389275,1,1
7.583791895947974,0.0005196234860417527,1,1
7.588794397198599,0.000513949625615672,1,1
7.593796898449225,0.0005185230664725087,1,1
7.59879939969985,0.0004982731471769752,1,1
7.603801900950475,0.0004962160350658822,1,1
7.6088044022011,0.0005106336450523695,1,1
7.613806903451725,0.0004843475585943378,1,1
7.618809404702351,0.0004887609686128271,1,1
7.6238119059529765,0.0005033352832315647,1,1
7.628814407203602,0.00048175788829667886,1,1
7.633816908454227,0.0004746642967541672,1,1
7.638819409704852,0.0004733586046383653,1,1
7.643821910955477,0.00048363325370883895,1,1
7.648824412206102,0.00046475253355406847,1,1
7.6538269134567285,0.00047944369663258297,1,1
7.658829414707354,0.0004780598889506951,1,1
7.663831915957979,0.0004615263434476207,1,1
7.668834417208604,0.00047418721095493065,1,1
7.673836918459229,0.00046128185900807075,1,1
7.678839419709854,0.0004568720819222897,1,1
7.6838419209604805,0.0004567857327680333,1,1
7.688844422211106,0.0004540026460767485,1,1
7.693846923461731,0.0004432457961865105,1,1
7.698849424712356,0.0004651764430806283,1,1
7.703851925962981,0.0004667670609247383,1,1
7.708854427213606,0.00045662763245218955,1,1
7.7138569284642315,0.0004299018239155734,1,1
7.718859429714858,0.00044737421676931355,1,1
7.723861930965483,0.00044814586099581403,1,1
7.728864432216108,0.00043787419976832524,1,1
7.733866933466733,0.00042436806744117775,1,1
7.738869434717358,0.00044481006533460786,1,1
7.7438719359679835,0.0004287820397682055,1,1
7.748874437218609,0.00043111066833909436,1,1
7.753876938469235,0.00042698748524843923,1,1
7.75887943971986,0.00042578323421647716,1,1
7.763881940970485,0.00041452732401432154,1,1
7.76888444222111,0.00043234165678393175,1,1
7.7738869434717355,0.00041532404169957355,1,1
7.778889444722361,0.0004286073937451675,1,1
7.783891945972986,0.00041662228717744064,1,1
7.788894447223612,0.0004271490490656293,1,1
7.793896948474237,0.00039615867858644796,1,1
7.798899449724862,0.0004161480542363281,1,1
7.8039019509754874,0.0003953834881786359,1,1
7.808904452226113,0.00039309580400347994,1,1
7.813906953476738,0.0003909003489937093,1,1
7.818909454727364,0.00040954208589899255,1,1
7.823911955977989,0.00040767164386541505,1,1
7.828914457228614,0.0004110928716997236,1,1
7.833916958479239,0.0003943258196529155,1,1
7.838919459729865,0.00040831694615843663,1,1
7.84392196098049,0.00039308979839475293,1,1
7.848924462231115,0.0003752771943203944,1,1
7.853926963481741,0.000376179057695197,1,1
7.858929464732366,0.0003770535984562047,1,1
7.863931965982991,0.00037021467393666825,1,1
7.868934467233617,0.00038755362789364567,1,1
7.873936968484242,0.0003803464780225115,1,1
7.878939469734867,0.00038026005672703024,1,1
7.883941970985492,0.0003786656631688233,1,1
7.888944472236118,0.0003616874983300965,1,1
7.893946973486743,0.0003833484261184123,1,1
7.8989494747373685,0.00037432816155398796,1,1
7.903951975987994,0.0003776681095188243,1,1
7.908954477238619,0.00037787791700432766,1,1
7.913956978489244,0.00035272471019032013,1,1
7.91895947973987,0.0003722580638033129,1,1
7.923961980990495,0.00037002141937075714,1,1
7.9289644822411205,0.00036161196949089893,1,1
7.933966983491746,0.00034876327773023647,1,1
7.938969484742371,0.00035448845225501146,1,1
7.943971985992996,0.00034110741638775853,1,1
7.948974487243621,0.0003462863861319916,1,1
7.953976988494247,0.00034975034120298385,1,1
7.9589794897448725,0.00034802750934154826,1,1
7.963981990995498,0.0003439351038415197,1,1
7.968984492246123,0.00034539329733172423,1,1
7.973986993496748,0.00035701698392275543,1,1
7.978989494747373,0.0003307754916106665,1,1
7.983991995997998,0.00033139232124383233,1,1
7.988994497248624,0.00032909917074827843,1,1
7.99399699849925,0.0003242374637678122,1,1
7.998999499749875,0.0003481150679456039,1,1
8.0040020010005,0.000340766153206522,1,1
8.009004502251125,0.00033554492871989484,1,1
8.014007003501751,0.0003294909068282331,1,1
8.019009504752376,0.00031818099454626603,1,1
8.024012006003002,0.0003195867762717635,1,1
8.029014507253626,0.0003326788936515808,1,1
8.034017008504252,0.00031450724678970006,1,1
8.039019509754878,0.0003349739979197303,1,1
8.044022011005502,0.00033383497232443985,1,1
8.049024512256128,0.0003247347227479789,1,1
8.054027013506753,0.00032260022441658783,1,1
8.059029514757379,0.00031829553574279227,1,1
8.064032016008003,0.0003220494941704114,1,1
8.069034517258629,0.0003029164981362101,1,1
8.074037018509255,0.00030520960823383675,1,1
8.07903951975988,0.0003091038135915081,1,1
8.084042021010506,0.00029953673888061944,1,1
8.08904452226113,0.00031604454501296545,1,1
8.094047023511756,0.00030615551158196517,1,1
8.09904952476238,0.00031138828840263696,1,1
8.104052026013006,0.0003070821332105794,1,1
8.109054527263632,0.00029620128065024524,1,1
8.114057028514257,0.0003102130358771345,1,1
8.119059529764883,0.0003019659714493048,1,1
8.124062031015507,0.0002931106140832384,1,1
8.129064532266133,0.00029907998610468283,1,1
8.134067033516757,0.00029936436990069904,1,1
8.139069534767383,0.00028133190580451295,1,1
8.14407203601801,0.0002959124096138361,1,1
8.149074537268634,0.00029732512529004784,1,1
8.15407703851926,0.00027843000969759096,1,1
8.159079539769884,0.0002781472954497092,1,1
8.16408204102051,0.0002956536826832925,1,1
8.169084542271134,0.00028128529806774604,1,1
8.17408704352176,0.0002877621150054798,1,1
8.179089544772387,0.00027743891277412714,1,1
8.18409204602301,0.00028759000983012776,1,1
8.189094547273637,0.00028120471988351815,1,1
8.194097048524261,0.0002666574070035791,1,1
8.199099549774887,0.0002784573324074974,1,1
8.204102051025513,0.000283068082733794,1,1
8.209104552276138,0.00026729776092767086,1,1
8.214107053526764,0.00027699319757245455,1,1
8.219109554777388,0.00027776475230146565,1,1
8.224112056028014,0.0002767175729971152,1,1
8.229114557278638,0.00027576317322267437,1,1
8.234117058529264,0.0002563034882827357,1,1
8.23911955977989,0.0002601767588607554,1,1
8.244122061030515,0.00026195231015081543,1,1
8.24912456228114,0.0002537686384713016,1,1
8.254127063531765,0.0002659301916061425,1,1
8.259129564782391,0.00024975855754418426,1,1
8.264132066033016,0.00025440070110791706,1,1
8.269134567283642,0.00025734179327310656,1,1
8.274137068534268,0.0002487279339775303,1,1
8.279139569784892,0.0002451826928812298,1,1
8.284142071035518,0.00025665590263489153,1,1
8.289144572286142,0.00025114918167464813,1,1
8.294147073536768,0.0002508090766456566,1,1
8.299149574787393,0.0002441820241520212,1,1
8.304152076038019,0.00024550102257372736,1,1
8.309154577288645,0.00024303243674113828,1,1
8.314157078539269,0.00025390744169388816,1,1
8.319159579789895,0.00023737539386465455,1,1
8.32416208104052,0.00023641379874092655,1,1
8.329164582291146,0.00023291739561437098,1,1
8.33416708354177,0.00023846642922734543,1,1
8.339169584792396,0.00024368687724391896,1,1
8.344172086043022,0.00024186089858375403,1,1
8.349174587293646,0.00024388589781647118,1,1
8.354177088544272,0.00023523430566173406,1,1
8.359179589794897,0.00023856952427024465,1,1
8.364182091045523,0.00024214111951984725,1,1
8.369184592296147,0.00022859156671706436,1,1
8.374187093546773,0.00023147766514968667,1,1
8.379189594797399,0.00022962597529685072,1,1
8.384192096048023,0.00022924628433873515,1,1
8.38919459729865,0.0002196665966410011,1,1
8.394197098549274,0.00022291443977978998,1,1
8.3991995997999,0.00021937780460592348,1,1
8.404202101050526,0.00022142812674559364,1,1
8.40920460230115,0.00022087131524320196,1,1
8.414207103551776,0.0002244554175217977,1,1
8.4192096048024,0.0002197972884378637,1,1
8.424212106053027,0.00022392620927089187,1,1
8.429214607303651,0.0002107303476945949,1,1
8.434217108554277,0.0002162285752429425,1,1
8.439219609804903,0.00022074583605310918,1,1
8.444222111055527,0.00022160316450090442,1,1
8.449224612306153,0.00022101284130255592,1,1
8.454227113556778,0.0002122354459268502,1,1
8.459229614807404,0.00021563358584076095,1,1
8.464232116058028,0.00020463802147316303,1,1
8.469234617308654,0.00020547455323625266,1,1
8.47423711855928,0.00020925473992487877,1,1
8.479239619809904,0.00021577068073132063,1,1
8.48424212106053,0.00019985575052346277,1,1
8.489244622311155,0.00021139296035161843,1,1
8.494247123561781,0.00021156215963911062,1,1
8.499249624812405,0.0002078934379873342,1,1
8.504252126063031,0.000205435864997521,1,1
8.509254627313657,0.00019804303372308673,1,1
8.514257128564282,0.0001949733122699681,1,1
8.519259629814908,0.00019745991687131626,1,1
8.524262131065532,0.00019568194660773804,1,1
8.529264632316158,0.00019214651671108337,1,1
8.534267133566782,0.00019082671023065131,1,1
8.539269634817408,0.00020205806146459903,1,1
8.544272136068034,0.00018690308887174556,1,1
8.549274637318659,0.00018656600158793005,1,1
8.554277138569285,0.00019634824194118415,1,1
8.55927963981991,0.00019612989883187936,1,1
8.564282141070535,0.00019130517595412726,1,1
8.56928464232116,0.00018268846265626242,1,1
8.574287143571786,0.00019279538579234428,1,1
8.579289644822412,0.00019113275602639906,1,1
8.584292146073036,0.00018680945452822256,1,1
8.589294647323662,0.00019262603088260842,1,1
8.594297148574286,0.00018033511220977587,1,1
8.599299649824912,0.00018056811397690233,1,1
8.604302151075537,0.00017620269019328705,1,1
8.609304652326163,0.00018689836127476503,1,1
8.614307153576789,0.0001821967106705088,1,1
8.619309654827413,0.00017358300304211286,1,1
8.62431215607804,0.00017956274474798523,1,1
8.629314657328663,0.00017612586233058347,1,1
8.63431715857929,0.00018186065943226316,1,1
8.639319659829916,0.00017917161461757292,1,1
8.64432216108054,0.000181635805815129,1,1
8.649324662331166,0.0001813219769837292,1,1
8.65432716358179,0.0001739462312506627,1,1
8.659329664832416,0.00017115480226693173,1,1
8.66433216608304,0.00017136835166776444,1,1
8.669334667333667,0.00017315591969942909,1,1
8.674337168584293,0.00017644612846881675,1,1
8.679339669834917,0.0001707266772956406,1,1
8.684342171085543,0.0001712380733607058,1,1
8.689344672336167,0.00017290064818175502,1,1
8.694347173586793,0.0001655121434361964,1,1
8.699349674837418,0.00016293583775414645,1,1
8.704352176088044,0.00016422441205172727,1,1
8.70935467733867,0.0001595297135426447,1,1
8.714357178589294,0.00016405381431243185,1,1
8.71935967983992,0.00016616364210968307,1,1
8.724362181090545,0.00016901672821392194,1,1
8.72936468234117,0.00015745492591687647,1,1
8.734367183591795,0.0001656734080446522,1,1
8.739369684842421,0.00016087628453032485,1,1
8.744372186093047,0.00015508025194116345,1,1
8.749374687343671,0.0001588031271698693,1,1
8.754377188594297,0.00016331379217888607,1,1
8.759379689844922,0.00016257046364782747,1,1
8.764382191095548,0.00015560801594218684,1,1
8.769384692346172,0.00015983361838352227,1,1
8.774387193596798,0.0001588206429521294,1,1
8.779389694847424,0.00015092371183897204,1,1
8.784392196098048,0.00014819729470670308,1,1
8.789394697348675,0.0001560650812003319,1,1
8.794397198599299,0.00015734150752378932,1,1
8.799399699849925,0.00014547379185939063,1,1
8.80440220110055,0.0001480314054966295,1,1
8.809404702351175,0.00014365978351719042,1,1
8.814407203601801,0.00014520264957940305,1,1
8.819409704852426,0.0001480740499993592,1,1
8.824412206103052,0.00014891345666835474,1,1
8.829414707353676,0.00014337589982738613,1,1
8.834417208604302,0.00014655924289277443,1,1
8.839419709854928,0.00014851129178796455,1,1
8.844422211105552,0.0001384259536598688,1,1
8.849424712356178,0.00014873639457191638,1,1
8.854427213606803,0.0001435417953250499,1,1
8.859429714857429,0.00014303957763322605,1,1
8.864432216108053,0.00014549321471014413,1,1
8.86943471735868,0.00014541069708954058,1,1
8.874437218609305,0.00013586598164790146,1,1
8.87943971985993,0.00014379987113152272,1,1
8.884442221110556,0.000139712213345481,1,1
8.88944472236118,0.00013533099567600792,1,1
8.894447223611806,0.00013753984476815986,1,1
8.89944972486243,0.00013178404745352882,1,1
8.904452226113056,0.00013310687885192233,1,1
8.909454727363682,0.00013786245977468937,1,1
8.914457228614307,0.00013769896647584847,1,1
8.919459729864933,0.0001306268543526741,1,1
8.924462231115557,0.0001378443950392276,1,1
8.929464732366183,0.0001330597235385889,1,1
8.934467233616807,0.00013160705267390392,1,1
8.939469734867433,0.00013388195747443616,1,1
8.94447223611806,0.00013392832753358777,1,1
8.949474737368684,0.0001304973096708731,1,1
8.95447723861931,0.00012527389501787513,1,1
8.959479739869934,0.00012826131003432892,1,1
8.96448224112056,0.00012574605287888263,1,1
8.969484742371185,0.00012534301679942894,1,1
8.97448724362181,0.0001220013910345637,1,1
8.979489744872437,0.00012574230807322001,1,1
8.984492246123061,0.00012999532374910087,1,1
8.989494747373687,0.00012041271577317445,1,1
8.994497248624311,0.00012765806697557087,1,1
8.999499749874937,0.00012136263458168628,1,1
9.004502251125562,0.00012659603638762965,1,1
9.009504752376188,0.00012372052700094152,1,1
9.014507253626814,0.00011908327857045395,1,1
9.019509754877438,0.0001174860918118879,1,1
9.024512256128064,0.00011865297016944419,1,1
9.029514757378688,0.00012395921293901528,1,1
9.034517258629315,0.00011904527568648111,1,1
9.039519759879939,0.00011808952537413118,1,1
9.044522261130565,0.00011956011090299282,1,1
9.049524762381191,0.00011698614657263193,1,1
9.054527263631815,0.00011935240040726666,1,1
9.059529764882441,0.00011578155887253554,1,1
9.064532266133066,0.00011113806959703838,1,1
9.069534767383692,0.00011757878774209191,1,1
9.074537268634318,0.00011778332201476359,1,1
9.079539769884942,0.00011598349485587603,1,1
9.084542271135568,0.00011417313651234255,1,1
9.089544772386192,0.00010983937366473087,1,1
9.094547273636818,0.00011030203156717176,1,1
9.099549774887443,0.00011133069381045904,1,1
9.104552276138069,0.00011557802143096942,1,1
9.109554777388695,0.00011208249159551447,1,1
9.11455727863932,0.00011082572519265842,1,1
9.119559779889945,0.00011306861332894503,1,1
9.12456228114057,0.00011141080042014712,1,1
9.129564782391196,0.0001082337797732367,1,1
9.13456728364182,0.00011009798756907045,1,1
9.139569784892446,0.00010578972434678839,1,1
9.144572286143072,0.00010877527916479646,1,1
9.149574787393696,0.00010279512217057138,1,1
9.154577288644322,0.00010327322974888211,1,1
9.159579789894947,0.00010860324967152794,1,1
9.164582291145573,0.00010128081789228399,1,1
9.169584792396197,0.00010723233688918432,1,1
9.174587293646823,0.00010497391696130632,1,1
9.17958979489745,0.00010665310457567152,1,1
9.184592296148073,0.00010084816709617424,1,1
9.1895947973987,0.00010155375954358536,1,1
9.194597298649324,0.00010059607750040807,1,1
9.19959979989995,9.91857714369615e-05,1,1
9.204602301150574,9.761804433502107e-05,1,1
9.2096048024012,0.000102751059300279,1,1
9.214607303651826,0.00010050004728885194,1,1
9.21960980490245,9.777325420233541e-05,1,1
9.224612306153077,9.823040883765001e-05,1,1
9.229614807403701,9.819811366388329e-05,1,1
9.234617308654327,0.00010092254997663512,1,1
9.239619809904951,9.833625195295981e-05,1,1
9.244622311155577,9.738694423114361e-05,1,1
9.249624812406203,9.251577993915134e-05,1,1
9.254627313656828,9.339227672108966e-05,1,1
9.259629814907454,9.844936117291801e-05,1,1
9.264632316158078,9.800800493954969e-05,1,1
9.269634817408704,9.285741997267081e-05,1,1
9.27463731865933,9.505179752731876e-05,1,1
9.279639819909955,9.072604333350889e-05,1,1
9.28464232116058,9.08958986485833e-05,1,1
9.289644822411205,9.164798431529336e-05,1,1
9.294647323661831,8.896082982878808e-05,1,1
9.299649824912455,9.385424575811224e-05,1,1
9.304652326163081,8.898819969543592e-05,1,1
9.309654827413707,9.333288841949855e-05,1,1
9.314657328664332,9.095015171934366e-05,1,1
9.319659829914958,9.258923427389205e-05,1,1
9.324662331165582,8.998624173547761e-05,1,1
9.329664832416208,9.153594255163856e-05,1,1
9.334667333666832,9.043979644228637e-05,1,1
9.339669834917459,8.445019932480955e-05,1,1
9.344672336168085,8.51292434316067e-05,1,1
9.349674837418709,8.715585255677141e-05,1,1
9.354677338669335,8.971332373354697e-05,1,1
9.35967983991996,8.286384908252308e-05,1,1
9.364682341170585,8.248906136646802e-05,1,1
9.36968484242121,8.615259258254202e-05,1,1
9.374687343671836,8.372977755699863e-05,1,1
9.379689844922462,8.251592377650063e-05,1,1
9.384692346173086,8.492368175597295e-05,1,1
9.389694847423712,8.164846204086496e-05,1,1
9.394697348674336,8.063118628810073e-05,1,1
9.399699849924962,8.370939787153252e-05,1,1
9.404702351175587,8.07293537856997e-05,1,1
9.409704852426213,8.387263515088612e-05,1,1
9.414707353676839,8.404955498278178e-05,1,1
9.419709854927463,8.26304523324902e-05,1,1
9.42471235617809,8.214335980665908e-05,1,1
9.429714857428714,8.101549219207602e-05,1,1
9.43471735867934,8.263019866617533e-05,1,1
9.439719859929964,7.734667731479752e-05,1,1
9.44472236118059,7.79846113946685e-05,1,1
9.449724862431216,7.897521296371278e-05,1,1
9.45472736368184,7.535115357722134e-05,1,1
9.459729864932466,7.900088159330325e-05,1,1
9.46473236618309,7.838796619045961e-05,1,1
9.469734867433717,7.714864802990051e-05,1,1
9.474737368684341,7.880310291737999e-05,1,1
9.479739869934967,7.67927636544244e-05,1,1
9.484742371185593,7.807357711545834e-05,1,1
9.489744872436217,7.353765308529606e-05,1,1
9.494747373686844,7.34026700583031e-05,1,1
9.499749874937468,7.281402932949856e-05,1,1
9.504752376188094,7.204847773112086e-05,1,1
9.50975487743872,7.297702886548555e-05,1,1
9.514757378689344,7.528993802640247e-05,1,1
9.51975987993997,7.191276449637335e-05,1,1
9.524762381190595,7.433519091740626e-05,1,1
9.52976488244122,7.045822989088435e-05,1,1
9.534767383691845,7.182335224840821e-05,1,1
9.539769884942471,7.362698935760191e-05,1,1
9.544772386193097,7.185922138784998e-05,1,1
9.549774887443721,7.118894220611968e-05,1,1
9.554777388694347,7.239452594108007e-05,1,1
9.559779889944972,6.940593635964958e-05,1,1
9.564782391195598,7.072745572360779e-05,1,1
9.569784892446222,7.037031910317126e-05,1,1
9.574787393696848,6.849209047068726e-05,1,1
9.579789894947474,6.977622177020137e-05,1,1
9.584792396198099,7.076538204440085e-05,1,1
9.589794897448725,6.599381997996467e-05,1,1
9.594797398699349,6.542994745776158e-05,1,1
9.599799899949975,7.000414034714835e-05,1,1
9.6048024012006,6.513364403045023e-05,1,1
9.609804902451225,6.865451053841024e-05,1,1
9.614807403701851,6.786061181978347e-05,1,1
9.619809904952476,6.594733566784837e-05,1,1
9.624812406203102,6.719379202163487e-05,1,1
9.629814907453726,6.596663613493826e-05,1,1
9.634817408704352,6.486879069299913e-05,1,1
9.639819909954976,6.729514307693619e-05,1,1
9.644822411205602,6.292450245603726e-05,1,1
9.649824912456229,6.232316937711737e-05,1,1
9.654827413706853,6.258706511191487e-05,1,1
9.659829914957479,6.584626695474978e-05,1,1
9.664832416208103,6.175015206674289e-05,1,1
9.66983491745873,6.559512366716665e-05,1,1
9.674837418709354,6.352941349415002e-05,1,1
9.67983991995998,6.216134122903337e-05,1,1
9.684842421210606,6.194857179521367e-05,1,1
9.68984492246123,6.0292634161933366e-05,1,1
9.694847423711856,6.273304222741255e-05,1,1
9.69984992496248,6.043434483980241e-05,1,1
9.704852426213106,6.143296835964779e-05,1,1
9.709854927463732,5.8773781846216215e-05,1,1
9.714857428714357,5.872441372979563e-05,1,1
9.719859929964983,5.777232906198936e-05,1,1
9.724862431215607,5.9343423655162124e-05,1,1
9.729864932466233,6.170225174524935e-05,1,1
9.734867433716857,5.828265761129821e-05,1,1
9.739869934967484,6.061069104700323e-05,1,1
9.74487243621811,5.888535129800302e-05,1,1
9.749874937468734,5.7821365113323074e-05,1,1
9.75487743871936,5.781780304900734e-05,1,1
9.759879939969984,5.659950576629187e-05,1,1
9.76488244122061,5.9221112049482005e-05,1,1
9.769884942471235,5.489748645078071e-05,1,1
9.77488744372186,5.855206618101487e-05,1,1
9.779889944972487,5.661021430663894e-05,1,1
9.784892446223111,5.43257876143595e-05,1,1
9.789894947473737,5.567524397306153e-05,1,1
9.794897448724361,5.7723315370590234e-05,1,1
9.799899949974987,5.719221588396734e-05,1,1
9.804902451225612,5.651325712787476e-05,1,1
9.809904952476238,5.56528001953664e-05,1,1
9.814907453726864,5.298877046752855e-05,1,1
9.819909954977488,5.23624885038455e-05,1,1
9.824912456228114,5.234909565583479e-05,1,1
9.829914957478739,5.194052057092299e-05,1,1
9.834917458729365,5.3825079571380864e-05,1,1
9.839919959979989,5.20361307243487e-05,1,1
9.844922461230615,5.244433821696291e-05,1,1
9.849924962481241,5.4613716444496374e-05,1,1
9.854927463731865,5.2382981144905305e-05,1,1
9.859929964982491,5.142441858613823e-05,1,1
9.864932466233116,5.06011780733697e-05,1,1
9.869934967483742,5.036260477878375e-05,1,1
9.874937468734366,5.226188508091434e-05,1,1
9.879939969984992,5.314193503610126e-05,1,1
9.884942471235618,5.026765885243344e-05,1,1
9.889944972486242,5.0786747417338705e-05,1,1
9.894947473736869,4.969616586317206e-05,1,1
9.899949974987493,4.9496804160702555e-05,1,1
9.904952476238119,4.948823136848616e-05,1,1
9.909954977488743,5.161679665467563e-05,1,1
9.91495747873937,4.838051580609901e-05,1,1
9.919959979989995,5.001588517213416e-05,1,1
9.92496248124062,5.060388395443708e-05,1,1
9.929964982491246,5.013845835543998e-05,1,1
9.93496748374187,4.751770211842551e-05,1,1
9.939969984992496,4.7080670118678914e-05,1,1
9.944972486243122,4.941097919356347e-05,1,1
9.949974987493746,4.763914968445654e-05,1,1
9.954977488744372,4.614773937410084e-05,1,1
9.959979989994997,4.656115239924563e-05,1,1
9.964982491245623,4.690589182359233e-05,1,1
9.969984992496247,4.511134620559239e-05,1,1
9.974987493746873,4.5435300066964685e-05,1,1
9.9799899949975,4.581172403742717e-05,1,1
9.984992496248124,4.532138469979652e-05,1,1
9.98999499749875,4.5745719621796245e-05,1,1
9.994997498749374,4.414279741333054e-05,1,1
10.0,4.705564865272233e-05,1,1
