x,Sigmoid Value,a,b,c
0.0,0.5160198681265397,1,1,0
0.0050025012506253125,0.5109248622317517,1,1,0
0.010005002501250625,0.5067637151792463,1,1,0
0.015007503751875938,0.5155344788954805,1,1,0
0.02001000500250125,0.5154976527604086,1,1,0
0.02501250625312656,0.4881734061783826,1,1,0
0.030015007503751877,0.5112938456967071,1,1,0
0.03501750875437719,0.500070788291192,1,1,0
0.0400200100050025,0.4995518801602749,1,1,0
0.04502251125562781,0.5096752028953804,1,1,0
0.05002501250625312,0.518213586641595,1,1,0
0.055027513756878435,0.5144351323033588,1,1,0
0.060030015007503754,0.5066570711069028,1,1,0
0.06503251625812906,0.5256340928765298,1,1,0
0.07003501750875438,0.5032930787802297,1,1,0
0.07503751875937968,0.5244399731023838,1,1,0
0.080040020010005,0.5217297331202664,1,1,0
0.08504252126063032,0.533673679584178,1,1,0
0.09004502251125562,0.5311981586299398,1,1,0
0.09504752376188094,0.5204999198402548,1,1,0
0.10005002501250625,0.5099307606541255,1,1,0
0.10505252626313157,0.512645860797147,1,1,0
0.11005502751375687,0.5209579053134936,1,1,0
0.11505752876438219,0.5150014855914324,1,1,0
0.12006003001500751,0.5198899726284991,1,1,0
0.12506253126563283,0.5140459235041166,1,1,0
0.13006503251625812,0.5510799217005513,1,1,0
0.13506753376688344,0.5524122644494204,1,1,0
0.14007003501750875,0.518338856962582,1,1,0
0.14507253626813407,0.5336594287448008,1,1,0
0.15007503751875936,0.5526093352146829,1,1,0
0.15507753876938468,0.5299493792106201,1,1,0
0.16008004002001,0.5280496722389388,1,1,0
0.16508254127063532,0.53284570057977,1,1,0
0.17008504252126064,0.5488591917565199,1,1,0
0.17508754377188593,0.5468259981038389,1,1,0
0.18009004502251125,0.5639313591752346,1,1,0
0.18509254627313657,0.530626317716811,1,1,0
0.19009504752376188,0.5412296288013247,1,1,0
0.19509754877438718,0.5513587839699312,1,1,0
0.2001000500250125,0.5356796824539458,1,1,0
0.2051025512756378,0.561044416386544,1,1,0
0.21010505252626313,0.5465768992673476,1,1,0
0.21510755377688845,0.5343687934593616,1,1,0
0.22011005502751374,0.5472894319623924,1,1,0
0.22511255627813906,0.543360003272722,1,1,0
0.23011505752876438,0.5666753716523053,1,1,0
0.2351175587793897,0.5724424405962044,1,1,0
0.24012006003001501,0.5747889292784257,1,1,0
0.2451225612806403,0.5774385253967155,1,1,0
0.25012506253126565,0.5625291831569312,1,1,0
0.25512756378189094,0.5474195297226707,1,1,0
0.26013006503251623,0.5698208002906046,1,1,0
0.2651325662831416,0.5693533986513569,1,1,0
0.27013506753376687,0.5674462855096464,1,1,0
0.27513756878439216,0.5751966743875057,1,1,0
0.2801400700350175,0.5764581764633935,1,1,0
0.2851425712856428,0.5749792376287172,1,1,0
0.29014507253626814,0.5663979390841761,1,1,0
0.29514757378689344,0.5648095221711471,1,1,0
0.3001500750375187,0.5619388937059404,1,1,0
0.3051525762881441,0.5898612932295942,1,1,0
0.31015507753876936,0.5556807071778891,1,1,0
0.3151575787893947,0.5689147377351148,1,1,0
0.32016008004002,0.5804578850013155,1,1,0
0.3251625812906453,0.5699763291073486,1,1,0
0.33016508254127064,0.593195533318156,1,1,0
0.33516758379189593,0.6025618892841222,1,1,0
0.3401700850425213,0.5880948566688369,1,1,0
0.34517258629314657,0.6066674063444414,1,1,0
0.35017508754377186,0.5815731975183623,1,1,0
0.3551775887943972,0.5671862669159846,1,1,0
0.3601800900450225,0.5999390140770018,1,1,0
0.36518259129564784,0.6016648846394295,1,1,0
0.37018509254627313,0.6017025512024455,1,1,0
0.3751875937968984,0.5703837957316691,1,1,0
0.38019009504752377,0.6153509279342022,1,1,0
0.38519259629814906,0.6051183850584491,1,1,0
0.39019509754877435,0.5740755568657857,1,1,0
0.3951975987993997,0.5765495328349298,1,1,0
0.400200100050025,0.6098796450233204,1,1,0
0.40520260130065033,0.6198285956903674,1,1,0
0.4102051025512756,0.6200943077366874,1,1,0
0.4152076038019009,0.6148213667267081,1,1,0
0.42021010505252626,0.5937481965444321,1,1,0
0.42521260630315155,0.6101451462470004,1,1,0
0.4302151075537769,0.5949715274516407,1,1,0
0.4352176088044022,0.5932869088760956,1,1,0
0.4402201100550275,0.6114479485059666,1,1,0
0.4452226113056528,0.6067380856371835,1,1,0
0.4502251125562781,0.5949652234350827,1,1,0
0.45522761380690346,0.6272835805360267,1,1,0
0.46023011505752875,0.6096806030557026,1,1,0
0.46523261630815405,0.5964142226783378,1,1,0
0.4702351175587794,0.6359928937596394,1,1,0
0.4752376188094047,0.5932327094321975,1,1,0
0.48024012006003003,0.5982411429456301,1,1,0
0.4852426213106553,0.5973756569406785,1,1,0
0.4902451225612806,0.6344226643924025,1,1,0
0.49524762381190596,0.6391717110729025,1,1,0
0.5002501250625313,0.6183565247045758,1,1,0
0.5052526263131566,0.59979896128651,1,1,0
0.5102551275637819,0.6246619796615028,1,1,0
0.5152576288144072,0.6386570420101664,1,1,0
0.5202601300650325,0.6100550184701465,1,1,0
0.5252626313156579,0.6221594630792028,1,1,0
0.5302651325662832,0.6516971766241688,1,1,0
0.5352676338169085,0.6348566538922401,1,1,0
0.5402701350675337,0.6101104141070027,1,1,0
0.545272636318159,0.6159817934348152,1,1,0
0.5502751375687843,0.6209610431715588,1,1,0
0.5552776388194097,0.6425359588772106,1,1,0
0.560280140070035,0.6589691894267287,1,1,0
0.5652826413206603,0.6514611859574402,1,1,0
0.5702851425712856,0.6509807542134375,1,1,0
0.5752876438219109,0.6541705515149624,1,1,0
0.5802901450725363,0.6599738462212911,1,1,0
0.5852926463231616,0.6603035601099541,1,1,0
0.5902951475737869,0.6353828727590856,1,1,0
0.5952976488244122,0.6519395347342419,1,1,0
0.6003001500750375,0.6246501796067186,1,1,0
0.6053026513256629,0.6346911372971801,1,1,0
0.6103051525762881,0.658593541635675,1,1,0
0.6153076538269134,0.6456196446492074,1,1,0
0.6203101550775387,0.6320271170618101,1,1,0
0.625312656328164,0.6577242906630544,1,1,0
0.6303151575787894,0.6512624057033863,1,1,0
0.6353176588294147,0.6766170675973227,1,1,0
0.64032016008004,0.6739620278015152,1,1,0
0.6453226613306653,0.6673472461711432,1,1,0
0.6503251625812906,0.6336463145477068,1,1,0
0.655327663831916,0.6694309160402725,1,1,0
0.6603301650825413,0.6788318866788068,1,1,0
0.6653326663331666,0.6413542174836772,1,1,0
0.6703351675837919,0.6862521031246819,1,1,0
0.6753376688344171,0.6668455031891045,1,1,0
0.6803401700850426,0.6776115475347989,1,1,0
0.6853426713356678,0.6777147711511133,1,1,0
0.6903451725862931,0.654608591749691,1,1,0
0.6953476738369184,0.6554662467885467,1,1,0
0.7003501750875437,0.6734678426380837,1,1,0
0.7053526763381691,0.6590508127182966,1,1,0
0.7103551775887944,0.663875932410762,1,1,0
0.7153576788394197,0.6525897898702874,1,1,0
0.720360180090045,0.687578083581748,1,1,0
0.7253626813406703,0.6705231260736989,1,1,0
0.7303651825912957,0.6555838019546527,1,1,0
0.735367683841921,0.6955856256491835,1,1,0
0.7403701850925463,0.6671735200903762,1,1,0
0.7453726863431716,0.7047960616985746,1,1,0
0.7503751875937968,0.6844178527951873,1,1,0
0.7553776888444221,0.6801393808352971,1,1,0
0.7603801900950475,0.6603772697385538,1,1,0
0.7653826913456728,0.6695550990748897,1,1,0
0.7703851925962981,0.7014689671339203,1,1,0
0.7753876938469234,0.6622143796830327,1,1,0
0.7803901950975487,0.6723536795804759,1,1,0
0.7853926963481741,0.6687232660697394,1,1,0
0.7903951975987994,0.6640562669272708,1,1,0
0.7953976988494247,0.6783679886035933,1,1,0
0.80040020010005,0.6837179025496861,1,1,0
0.8054027013506753,0.6903724856757706,1,1,0
0.8104052026013007,0.6821660998357698,1,1,0
0.815407703851926,0.7155262245401487,1,1,0
0.8204102051025512,0.6956276521120854,1,1,0
0.8254127063531765,0.6832680144006616,1,1,0
0.8304152076038018,0.6709989144062382,1,1,0
0.8354177088544272,0.6838503564290573,1,1,0
0.8404202101050525,0.7143602410039616,1,1,0
0.8454227113556778,0.7132848148299866,1,1,0
0.8504252126063031,0.6764942406870363,1,1,0
0.8554277138569284,0.7066449171942343,1,1,0
0.8604302151075538,0.7227435844731726,1,1,0
0.8654327163581791,0.7243115966390034,1,1,0
0.8704352176088044,0.7284784220061364,1,1,0
0.8754377188594297,0.7246554671294859,1,1,0
0.880440220110055,0.7281399849661573,1,1,0
0.8854427213606804,0.6800556093232946,1,1,0
0.8904452226113057,0.7267243171678243,1,1,0
0.8954477238619309,0.7244830457610636,1,1,0
0.9004502251125562,0.6850415479882703,1,1,0
0.9054527263631815,0.7286468641153189,1,1,0
0.9104552276138069,0.7056772293183995,1,1,0
0.9154577288644322,0.7000228687683849,1,1,0
0.9204602301150575,0.719680993062939,1,1,0
0.9254627313656828,0.724177732787709,1,1,0
0.9304652326163081,0.738215649729393,1,1,0
0.9354677338669335,0.7034356670642512,1,1,0
0.9404702351175588,0.6909799269123693,1,1,0
0.9454727363681841,0.7348316275641393,1,1,0
0.9504752376188094,0.6963836537157728,1,1,0
0.9554777388694347,0.710920648881287,1,1,0
0.9604802401200601,0.7420846575593454,1,1,0
0.9654827413706853,0.7053669805313086,1,1,0
0.9704852426213106,0.6963467378312737,1,1,0
0.9754877438719359,0.7201083564925648,1,1,0
0.9804902451225612,0.7375229768490721,1,1,0
0.9854927463731865,0.7530965024131782,1,1,0
0.9904952476238119,0.7454578502996999,1,1,0
0.9954977488744372,0.7035983234960891,1,1,0
1.0005002501250626,0.7398313193740568,1,1,0
1.0055027513756878,0.7368393013264876,1,1,0
1.0105052526263132,0.7230907789244416,1,1,0
1.0155077538769384,0.7515394626007186,1,1,0
1.0205102551275638,0.7404871704441787,1,1,0
1.0255127563781892,0.7213997585623129,1,1,0
1.0305152576288144,0.7458679125371706,1,1,0
1.0355177588794398,0.7457022441686721,1,1,0
1.040520260130065,0.7203895610853569,1,1,0
1.0455227613806903,0.755075449957608,1,1,0
1.0505252626313157,0.7679980468421262,1,1,0
1.055527763881941,0.7529190295929963,1,1,0
1.0605302651325663,0.7712895862113672,1,1,0
1.0655327663831915,0.7198778429474297,1,1,0
1.070535267633817,0.7542398558736142,1,1,0
1.075537768884442,0.7286796264459457,1,1,0
1.0805402701350675,0.7472068135447327,1,1,0
1.0855427713856929,0.7334683034688558,1,1,0
1.090545272636318,0.7494084993502951,1,1,0
1.0955477738869435,0.7639518468249025,1,1,0
1.1005502751375686,0.7321805112140585,1,1,0
1.105552776388194,0.774688044515187,1,1,0
1.1105552776388194,0.7557409099440814,1,1,0
1.1155577788894446,0.7564408251523171,1,1,0
1.12056028014007,0.7347084668186017,1,1,0
1.1255627813906952,0.7289220577349371,1,1,0
1.1305652826413206,0.7626622365614262,1,1,0
1.135567783891946,0.73253505107078,1,1,0
1.1405702851425712,0.7466497456637586,1,1,0
1.1455727863931966,0.771083515468541,1,1,0
1.1505752876438218,0.7772029464667055,1,1,0
1.1555777888944472,0.7513379668438621,1,1,0
1.1605802901450726,0.7529492489950282,1,1,0
1.1655827913956978,0.7561807489403681,1,1,0
1.1705852926463232,0.7348713432059977,1,1,0
1.1755877938969483,0.7912579893372301,1,1,0
1.1805902951475737,0.7735040490496885,1,1,0
1.1855927963981991,0.7878288974211649,1,1,0
1.1905952976488243,0.7954277008807805,1,1,0
1.1955977988994497,0.7647365584816022,1,1,0
1.200600300150075,0.7952439072685085,1,1,0
1.2056028014007003,0.7428363974725168,1,1,0
1.2106053026513257,0.7509681183749634,1,1,0
1.215607803901951,0.7824603628923096,1,1,0
1.2206103051525763,0.785073676371698,1,1,0
1.2256128064032015,0.7805961782770291,1,1,0
1.2306153076538269,0.7866732964871069,1,1,0
1.2356178089044523,0.7772356985176239,1,1,0
1.2406203101550775,0.7502800985988779,1,1,0
1.2456228114057029,0.746349232894728,1,1,0
1.250625312656328,0.7790839974429024,1,1,0
1.2556278139069534,0.781957640865403,1,1,0
1.2606303151575788,0.7845545856149334,1,1,0
1.265632816408204,0.7504327862321217,1,1,0
1.2706353176588294,0.7614693973576719,1,1,0
1.2756378189094546,0.7542054542772015,1,1,0
1.28064032016008,0.796546621726508,1,1,0
1.2856428214107054,0.8131588231558643,1,1,0
1.2906453226613306,0.7637189706570084,1,1,0
1.295647823911956,0.7817930587365054,1,1,0
1.3006503251625812,0.7861148337958835,1,1,0
1.3056528264132066,0.7598208158601283,1,1,0
1.310655327663832,0.7999133423337733,1,1,0
1.3156578289144572,0.7828878848449277,1,1,0
1.3206603301650826,0.767271357104546,1,1,0
1.3256628314157077,0.782545291351188,1,1,0
1.3306653326663331,0.7629708096479163,1,1,0
1.3356678339169585,0.8095996000623641,1,1,0
1.3406703351675837,0.7832063804506307,1,1,0
1.3456728364182091,0.7913202143302589,1,1,0
1.3506753376688343,0.7846013389999841,1,1,0
1.3556778389194597,0.7819119807834661,1,1,0
1.360680340170085,0.7864404025902163,1,1,0
1.3656828414207103,0.8017583973173013,1,1,0
1.3706853426713357,0.7834057228842485,1,1,0
1.3756878439219609,0.7777661692025276,1,1,0
1.3806903451725863,0.782426385175042,1,1,0
1.3856928464232117,0.7739823405115434,1,1,0
1.3906953476738368,0.7750542940109064,1,1,0
1.3956978489244622,0.7746343107358195,1,1,0
1.4007003501750874,0.8052802551856754,1,1,0
1.4057028514257128,0.7754373716604271,1,1,0
1.4107053526763382,0.8097712514187609,1,1,0
1.4157078539269634,0.8203247556590573,1,1,0
1.4207103551775888,0.8312516022942393,1,1,0
1.425712856428214,0.7946544108067263,1,1,0
1.4307153576788394,0.8022955907689624,1,1,0
1.4357178589294648,0.8159922245121708,1,1,0
1.44072036018009,0.7994535953409783,1,1,0
1.4457228614307154,0.7887755309360018,1,1,0
1.4507253626813406,0.7926849434780454,1,1,0
1.455727863931966,0.7797289351364474,1,1,0
1.4607303651825914,0.8293883832072859,1,1,0
1.4657328664332165,0.8271065044625191,1,1,0
1.470735367683842,0.8355462016298459,1,1,0
1.4757378689344671,0.8124384180047879,1,1,0
1.4807403701850925,0.8416384573786363,1,1,0
1.485742871435718,0.7876227223472958,1,1,0
1.490745372686343,0.8401912171205358,1,1,0
1.4957478739369685,0.8043553106755682,1,1,0
1.5007503751875937,0.7936504435852708,1,1,0
1.505752876438219,0.8020906945034562,1,1,0
1.5107553776888443,0.8249355837068384,1,1,0
1.5157578789394697,0.8315673470912203,1,1,0
1.520760380190095,0.7948737068575027,1,1,0
1.5257628814407203,0.8376523371487541,1,1,0
1.5307653826913457,0.8392133812208559,1,1,0
1.5357678839419708,0.8474017432864535,1,1,0
1.5407703851925962,0.8354583024915866,1,1,0
1.5457728864432216,0.8161638134964292,1,1,0
1.5507753876938468,0.80495223569479,1,1,0
1.5557778889444722,0.7954556473711227,1,1,0
1.5607803901950974,0.819350017981051,1,1,0
1.5657828914457228,0.8049773320680345,1,1,0
1.5707853926963482,0.7952215856679646,1,1,0
1.5757878939469734,0.8405059613982797,1,1,0
1.5807903951975988,0.8534996549011502,1,1,0
1.585792896448224,0.8504923870133653,1,1,0
1.5907953976988494,0.8105223953762033,1,1,0
1.5957978989494748,0.8592796101171195,1,1,0
1.6008004002001,0.8197000871711827,1,1,0
1.6058029014507254,0.8303499047206,1,1,0
1.6108054027013505,0.8526138414938568,1,1,0
1.615807903951976,0.8130590668164005,1,1,0
1.6208104052026013,0.8463749314845692,1,1,0
1.6258129064532265,0.8302610947879798,1,1,0
1.630815407703852,0.845587436316713,1,1,0
1.635817908954477,0.8664243009148497,1,1,0
1.6408204102051025,0.8396806528141052,1,1,0
1.645822911455728,0.8312070909485039,1,1,0
1.650825412706353,0.8620854559919578,1,1,0
1.6558279139569785,0.8449941974000766,1,1,0
1.6608304152076037,0.8703525436593087,1,1,0
1.665832916458229,0.8658756831204645,1,1,0
1.6708354177088545,0.8271863990258613,1,1,0
1.6758379189594796,0.842800700031681,1,1,0
1.680840420210105,0.8259086171719761,1,1,0
1.6858429214607302,0.8171315769913039,1,1,0
1.6908454227113556,0.866607471217697,1,1,0
1.695847923961981,0.8192805513501076,1,1,0
1.7008504252126062,0.8667632795366498,1,1,0
1.7058529264632316,0.8747994581431751,1,1,0
1.7108554277138568,0.8220390212541991,1,1,0
1.7158579289644822,0.8173601083493998,1,1,0
1.7208604302151076,0.8542969102230439,1,1,0
1.7258629314657328,0.874480549361618,1,1,0
1.7308654327163582,0.8803279002172268,1,1,0
1.7358679339669834,0.859232099567107,1,1,0
1.7408704352176088,0.8221428717025767,1,1,0
1.7458729364682342,0.8829465316923583,1,1,0
1.7508754377188593,0.842700401691891,1,1,0
1.7558779389694847,0.8264731702627957,1,1,0
1.76088044022011,0.8855249782304004,1,1,0
1.7658829414707353,0.8665403064026166,1,1,0
1.7708854427213607,0.8345772390444641,1,1,0
1.775887943971986,0.8570990268628883,1,1,0
1.7808904452226113,0.8830051699822428,1,1,0
1.7858929464732365,0.8628940083016919,1,1,0
1.7908954477238619,0.8632991823131678,1,1,0
1.7958979489744873,0.8755050607182137,1,1,0
1.8009004502251125,0.8625489650373932,1,1,0
1.8059029514757379,0.8439717941810843,1,1,0
1.810905452726363,0.8584744585792611,1,1,0
1.8159079539769885,0.8281229421840216,1,1,0
1.8209104552276139,0.8422696166051827,1,1,0
1.825912956478239,0.8526574275168188,1,1,0
1.8309154577288644,0.8950794600183519,1,1,0
1.8359179589794896,0.8343256546434478,1,1,0
1.840920460230115,0.856227978795318,1,1,0
1.8459229614807404,0.8542419312594082,1,1,0
1.8509254627313656,0.8984051888137344,1,1,0
1.855927963981991,0.8631975221826322,1,1,0
1.8609304652326162,0.8766327398473569,1,1,0
1.8659329664832416,0.8510010860129901,1,1,0
1.870935467733867,0.8536766686567865,1,1,0
1.8759379689844922,0.8891114235993108,1,1,0
1.8809404702351176,0.8661836161692763,1,1,0
1.8859429714857427,0.867897956869876,1,1,0
1.8909454727363681,0.8538600006094479,1,1,0
1.8959479739869936,0.8988308518003119,1,1,0
1.9009504752376187,0.8945982925096908,1,1,0
1.9059529764882441,0.8529985413143301,1,1,0
1.9109554777388693,0.8827106297035777,1,1,0
1.9159579789894947,0.8550241193252438,1,1,0
1.9209604802401201,0.8586878881644276,1,1,0
1.9259629814907453,0.8735307899928895,1,1,0
1.9309654827413707,0.8731520645803588,1,1,0
1.9359679839919959,0.8751106421483931,1,1,0
1.9409704852426213,0.9012665326042713,1,1,0
1.9459729864932465,0.8777280195363748,1,1,0
1.9509754877438719,0.8433776903392982,1,1,0
1.9559779889944973,0.8683404636830352,1,1,0
1.9609804902451224,0.8991675540572225,1,1,0
1.9659829914957478,0.8621417099930033,1,1,0
1.970985492746373,0.8868749441278304,1,1,0
1.9759879939969984,0.8649174535774319,1,1,0
1.9809904952476238,0.8552480941285758,1,1,0
1.985992996498249,0.8724631696273704,1,1,0
1.9909954977488744,0.8754294932676331,1,1,0
1.9959979989994996,0.8644327496142983,1,1,0
2.001000500250125,0.8988460683918076,1,1,0
2.0060030015007504,0.9133074858964109,1,1,0
2.0110055027513756,0.8887254515403048,1,1,0
2.0160080040020008,0.9090389522381309,1,1,0
2.0210105052526264,0.8477844790187082,1,1,0
2.0260130065032516,0.8694447770299252,1,1,0
2.0310155077538767,0.8907862959603549,1,1,0
2.0360180090045024,0.886984918503236,1,1,0
2.0410205102551275,0.9167650346575067,1,1,0
2.0460230115057527,0.8589806336567913,1,1,0
2.0510255127563783,0.8844708449121302,1,1,0
2.0560280140070035,0.9033918215852752,1,1,0
2.0610305152576287,0.9163673660304263,1,1,0
2.066033016508254,0.9174418955635082,1,1,0
2.0710355177588795,0.8986923604056386,1,1,0
2.0760380190095047,0.8575637113495721,1,1,0
2.08104052026013,0.8943298082673323,1,1,0
2.0860430215107555,0.9227309572721603,1,1,0
2.0910455227613807,0.9083266628287064,1,1,0
2.096048024012006,0.9048069375104233,1,1,0
2.1010505252626315,0.8752505927614014,1,1,0
2.1060530265132567,0.8850112122079491,1,1,0
2.111055527763882,0.9062705647767569,1,1,0
2.116058029014507,0.8905576383289732,1,1,0
2.1210605302651326,0.8636508317095096,1,1,0
2.126063031515758,0.9277823935688184,1,1,0
2.131065532766383,0.8639926785912067,1,1,0
2.1360680340170086,0.9225503974421133,1,1,0
2.141070535267634,0.9210691076391353,1,1,0
2.146073036518259,0.8684942125867152,1,1,0
2.151075537768884,0.9170294039244833,1,1,0
2.15607803901951,0.9293988111274871,1,1,0
2.161080540270135,0.9058111306026498,1,1,0
2.16608304152076,0.926641470659478,1,1,0
2.1710855427713858,0.8754718096110627,1,1,0
2.176088044022011,0.8698397974680631,1,1,0
2.181090545272636,0.8941416638209551,1,1,0
2.1860930465232618,0.8718959271263975,1,1,0
2.191095547773887,0.8679124527306179,1,1,0
2.196098049024512,0.8686168405280006,1,1,0
2.2011005502751373,0.8689426696316241,1,1,0
2.206103051525763,0.9083732860345347,1,1,0
2.211105552776388,0.9325834535435872,1,1,0
2.2161080540270133,0.9189459850546476,1,1,0
2.221110555277639,0.8901070723665389,1,1,0
2.226113056528264,0.9112032099846733,1,1,0
2.2311155577788893,0.8717722063680384,1,1,0
2.236118059029515,0.8985022484104052,1,1,0
2.24112056028014,0.8737136362727376,1,1,0
2.2461230615307652,0.9388458057036605,1,1,0
2.2511255627813904,0.9054612969070817,1,1,0
2.256128064032016,0.8841756312785434,1,1,0
2.2611305652826412,0.9306474888809644,1,1,0
2.2661330665332664,0.8844250513833605,1,1,0
2.271135567783892,0.8945984865788501,1,1,0
2.276138069034517,0.9216827225954912,1,1,0
2.2811405702851424,0.8828031700380025,1,1,0
2.286143071535768,0.8920173466250769,1,1,0
2.291145572786393,0.9237961219959346,1,1,0
2.2961480740370184,0.8737932235372711,1,1,0
2.3011505752876436,0.885047232082783,1,1,0
2.306153076538269,0.9098231381681158,1,1,0
2.3111555777888944,0.9158083333453562,1,1,0
2.3161580790395195,0.8814915865847478,1,1,0
2.321160580290145,0.9226302488839071,1,1,0
2.3261630815407703,0.8994282510733286,1,1,0
2.3311655827913955,0.9459908619852468,1,1,0
2.336168084042021,0.9418564597603205,1,1,0
2.3411705852926463,0.9181204168414654,1,1,0
2.3461730865432715,0.9393283746899855,1,1,0
2.3511755877938967,0.9449330582711132,1,1,0
2.3561780890445223,0.9452523783213304,1,1,0
2.3611805902951475,0.903201060410522,1,1,0
2.3661830915457727,0.9216010111251534,1,1,0
2.3711855927963983,0.9274726668822197,1,1,0
2.3761880940470235,0.8901974159456809,1,1,0
2.3811905952976486,0.8837301136391816,1,1,0
2.3861930965482743,0.943136630204459,1,1,0
2.3911955977988995,0.8900192646487184,1,1,0
2.3961980990495246,0.9020340229616367,1,1,0
2.40120060030015,0.9406317368249825,1,1,0
2.4062031015507754,0.9311984554421214,1,1,0
2.4112056028014006,0.9129056667809081,1,1,0
2.416208104052026,0.8825332851602776,1,1,0
2.4212106053026514,0.8995218771234498,1,1,0
2.4262131065532766,0.8885934529225163,1,1,0
2.431215607803902,0.9369164335785318,1,1,0
2.4362181090545274,0.9512458527226666,1,1,0
2.4412206103051526,0.8936436709967387,1,1,0
2.4462231115557778,0.8947533858031483,1,1,0
2.451225612806403,0.9024503633789465,1,1,0
2.4562281140570286,0.9015294995385814,1,1,0
2.4612306153076537,0.9158004785340895,1,1,0
2.466233116558279,0.9577322969772968,1,1,0
2.4712356178089045,0.939976163814419,1,1,0
2.4762381190595297,0.9213310789091474,1,1,0
2.481240620310155,0.9229031905227536,1,1,0
2.4862431215607805,0.9044615297296057,1,1,0
2.4912456228114057,0.9217550534986371,1,1,0
2.496248124062031,0.9320213584770876,1,1,0
2.501250625312656,0.9579127267819332,1,1,0
2.5062531265632817,0.9047184458811707,1,1,0
2.511255627813907,0.9146805982177969,1,1,0
2.516258129064532,0.8913651232907012,1,1,0
2.5212606303151577,0.9101489684953481,1,1,0
2.526263131565783,0.9528874298881641,1,1,0
2.531265632816408,0.9230555601193147,1,1,0
2.5362681340670337,0.9285337436395515,1,1,0
2.541270635317659,0.8999777480811834,1,1,0
2.546273136568284,0.9102981714349879,1,1,0
2.551275637818909,0.9221324684232675,1,1,0
2.556278139069535,0.942060422784568,1,1,0
2.56128064032016,0.8968474572562221,1,1,0
2.566283141570785,0.9496579717820162,1,1,0
2.571285642821411,0.9653198163791722,1,1,0
2.576288144072036,0.9603314236065281,1,1,0
2.581290645322661,0.9086066792886713,1,1,0
2.5862931465732864,0.9472177540441237,1,1,0
2.591295647823912,0.9285880282753927,1,1,0
2.596298149074537,0.944903365870768,1,1,0
2.6013006503251623,0.9637222821830642,1,1,0
2.606303151575788,0.955646319050147,1,1,0
2.611305652826413,0.9105118128097284,1,1,0
2.6163081540770383,0.9585710389864223,1,1,0
2.621310655327664,0.9384034429812153,1,1,0
2.626313156578289,0.9081975547629344,1,1,0
2.6313156578289143,0.9411097500745469,1,1,0
2.6363181590795395,0.9157016466174551,1,1,0
2.641320660330165,0.9174137961362436,1,1,0
2.6463231615807903,0.9575408599516005,1,1,0
2.6513256628314155,0.9047969246604984,1,1,0
2.656328164082041,0.942375501196138,1,1,0
2.6613306653326663,0.9171796618507252,1,1,0
2.6663331665832914,0.9001608549956589,1,1,0
2.671335667833917,0.9460160853274721,1,1,0
2.6763381690845423,0.9322151130614905,1,1,0
2.6813406703351674,0.9646667415844753,1,1,0
2.6863431715857926,0.9079972595658174,1,1,0
2.6913456728364182,0.9058540610512368,1,1,0
2.6963481740870434,0.9025562544584499,1,1,0
2.7013506753376686,0.8998100679595672,1,1,0
2.706353176588294,0.9497290172297377,1,1,0
2.7113556778389194,0.9663605165675806,1,1,0
2.7163581790895446,0.9621564145331883,1,1,0
2.72136068034017,0.9629079409630901,1,1,0
2.7263631815907954,0.9468152537388602,1,1,0
2.7313656828414206,0.9333433120044766,1,1,0
2.7363681840920457,0.9498114392048937,1,1,0
2.7413706853426714,0.9574642725997092,1,1,0
2.7463731865932965,0.9705761137685412,1,1,0
2.7513756878439217,0.9181092296598478,1,1,0
2.7563781890945473,0.9436546163431017,1,1,0
2.7613806903451725,0.9751880375959853,1,1,0
2.7663831915957977,0.9253109563780157,1,1,0
2.7713856928464233,0.9392690071719726,1,1,0
2.7763881940970485,0.9711488712108779,1,1,0
2.7813906953476737,0.9626872530111769,1,1,0
2.786393196598299,0.9259704334162968,1,1,0
2.7913956978489245,0.9243093981510008,1,1,0
2.7963981990995497,0.948438910335184,1,1,0
2.801400700350175,0.9420661081126943,1,1,0
2.8064032016008005,0.9476330669893198,1,1,0
2.8114057028514257,0.9099259240609509,1,1,0
2.816408204102051,0.9597330260731737,1,1,0
2.8214107053526765,0.9220783533112488,1,1,0
2.8264132066033016,0.9247192502596012,1,1,0
2.831415707853927,0.968556706233717,1,1,0
2.836418209104552,0.9784975996630373,1,1,0
2.8414207103551776,0.9080835018535176,1,1,0
2.846423211605803,0.9526510068156474,1,1,0
2.851425712856428,0.912294775113416,1,1,0
2.8564282141070536,0.9358501347788257,1,1,0
2.861430715357679,0.9186235030500703,1,1,0
2.866433216608304,0.9260980689185515,1,1,0
2.8714357178589296,0.9317139163647129,1,1,0
2.8764382191095548,0.9736936986109308,1,1,0
2.88144072036018,0.9360626531340116,1,1,0
2.886443221610805,0.9519373128509269,1,1,0
2.8914457228614308,0.9121132948501692,1,1,0
2.896448224112056,0.9443108030474462,1,1,0
2.901450725362681,0.9830628556123348,1,1,0
2.9064532266133067,0.9530354331778249,1,1,0
2.911455727863932,0.979085621743493,1,1,0
2.916458229114557,0.9750566442824204,1,1,0
2.9214607303651827,0.9444491499906006,1,1,0
2.926463231615808,0.9240373108818,1,1,0
2.931465732866433,0.9311269924844745,1,1,0
2.9364682341170583,0.9370199271570719,1,1,0
2.941470735367684,0.9180443235033185,1,1,0
2.946473236618309,0.9316585851235801,1,1,0
2.9514757378689342,0.9506878235064726,1,1,0
2.95647823911956,0.9698210548133219,1,1,0
2.961480740370185,0.9537537173646394,1,1,0
2.9664832416208102,0.9459745707494156,1,1,0
2.971485742871436,0.9159860558076868,1,1,0
2.976488244122061,0.9708296042909569,1,1,0
2.981490745372686,0.9376685538003912,1,1,0
2.9864932466233114,0.9225042579577855,1,1,0
2.991495747873937,0.9189108685528845,1,1,0
2.996498249124562,0.9665017136214714,1,1,0
3.0015007503751874,0.9655569681044308,1,1,0
3.006503251625813,0.9186015865839662,1,1,0
3.011505752876438,0.975823906500573,1,1,0
3.0165082541270634,0.9640622003618018,1,1,0
3.0215107553776885,0.9421609365555592,1,1,0
3.026513256628314,0.9478861897013272,1,1,0
3.0315157578789393,0.9798297124918771,1,1,0
3.0365182591295645,0.9392132333852787,1,1,0
3.04152076038019,0.9822068086610418,1,1,0
3.0465232616308153,0.9717296698855159,1,1,0
3.0515257628814405,0.9210130944525552,1,1,0
3.056528264132066,0.9169283437415741,1,1,0
3.0615307653826913,0.9290253732766828,1,1,0
3.0665332666333165,0.9293531095462784,1,1,0
3.0715357678839417,0.978820398149647,1,1,0
3.0765382691345673,0.9913935241245202,1,1,0
3.0815407703851925,0.928138319969696,1,1,0
3.0865432716358177,0.9202766459800853,1,1,0
3.0915457728864433,0.9549664560716481,1,1,0
3.0965482741370685,0.9707363794662653,1,1,0
3.1015507753876936,0.96823230349613,1,1,0
3.1065532766383193,0.9862879085032319,1,1,0
3.1115557778889444,0.927789986887857,1,1,0
3.1165582791395696,0.9737329831182664,1,1,0
3.121560780390195,0.9227631578334293,1,1,0
3.1265632816408204,0.9488701257561899,1,1,0
3.1315657828914456,0.9885714930937235,1,1,0
3.136568284142071,0.9389427416242937,1,1,0
3.1415707853926964,0.9676879676399828,1,1,0
3.1465732866433216,0.9506465439979067,1,1,0
3.1515757878939468,0.9695971508302532,1,1,0
3.1565782891445724,0.9430211338988951,1,1,0
3.1615807903951976,0.9344197359371632,1,1,0
3.1665832916458228,0.9813702614953312,1,1,0
3.171585792896448,0.9950554487384193,1,1,0
3.1765882941470736,0.99708143859937,1,1,0
3.1815907953976987,0.9493109205180286,1,1,0
3.186593296648324,0.9346967785523908,1,1,0
3.1915957978989495,0.9230390799469107,1,1,0
3.1965982991495747,0.9837038642786258,1,1,0
3.2016008004002,0.9427349147595473,1,1,0
3.2066033016508255,0.9618385692266378,1,1,0
3.2116058029014507,0.9730425710680494,1,1,0
3.216608304152076,0.9901187947099043,1,1,0
3.221610805402701,0.9670019554633141,1,1,0
3.2266133066533267,0.9396681172255945,1,1,0
3.231615807903952,0.9348547659322165,1,1,0
3.236618309154577,0.9410965357970196,1,1,0
3.2416208104052027,0.95619351142146,1,1,0
3.246623311655828,0.9847385922423523,1,1,0
3.251625812906453,0.9388344285324317,1,1,0
3.2566283141570787,0.9490386528688923,1,1,0
3.261630815407704,0.9515407457497967,1,1,0
3.266633316658329,0.973145800828904,1,1,0
3.271635817908954,0.9772943766008773,1,1,0
3.27663831915958,0.9627640633703092,1,1,0
3.281640820410205,0.929745040255182,1,1,0
3.28664332166083,0.9920334956348125,1,1,0
3.291645822911456,0.9581748322266957,1,1,0
3.296648324162081,0.9800923542347517,1,1,0
3.301650825412706,0.9473199699734868,1,1,0
3.306653326663332,0.938093839528379,1,1,0
3.311655827913957,0.9442010094779979,1,1,0
3.316658329164582,0.9488211666663434,1,1,0
3.3216608304152073,0.9748606332676704,1,1,0
3.326663331665833,0.934466265965117,1,1,0
3.331665832916458,0.9551188729483062,1,1,0
3.3366683341670833,0.9368904736279725,1,1,0
3.341670835417709,0.9440659359435176,1,1,0
3.346673336668334,0.927670009180408,1,1,0
3.3516758379189593,0.9966006934044443,1,1,0
3.356678339169585,0.99050470190533,1,1,0
3.36168084042021,0.9644341853712319,1,1,0
3.3666833416708353,0.9545068800843416,1,1,0
3.3716858429214605,0.9806390637105272,1,1,0
3.376688344172086,0.9381745550305255,1,1,0
3.3816908454227113,0.9884049465765958,1,1,0
3.3866933466733364,1.0003086660382519,1,1,0
3.391695847923962,0.9575867018579068,1,1,0
3.3966983491745872,0.9936698684242318,1,1,0
3.4017008504252124,0.9816638343675596,1,1,0
3.406703351675838,1.0011862822544588,1,1,0
3.4117058529264632,1.003752034583517,1,1,0
3.4167083541770884,0.9410940313417745,1,1,0
3.4217108554277136,0.945554802333219,1,1,0
3.426713356678339,0.9872554284205908,1,1,0
3.4317158579289644,0.9370885098485174,1,1,0
3.4367183591795896,0.9608433721447874,1,1,0
3.441720860430215,0.9437211065492787,1,1,0
3.4467233616808404,0.9393092559086,1,1,0
3.4517258629314655,0.9787727343545941,1,1,0
3.4567283641820907,0.9477936573448361,1,1,0
3.4617308654327164,0.9946352038821299,1,1,0
3.4667333666833415,1.004903065249962,1,1,0
3.4717358679339667,1.0064844424100554,1,1,0
3.4767383691845923,0.9695436365105781,1,1,0
3.4817408704352175,0.9839209537790413,1,1,0
3.4867433716858427,0.9344278685117049,1,1,0
3.4917458729364683,0.9633721532426738,1,1,0
3.4967483741870935,0.9998532461626826,1,1,0
3.5017508754377187,0.9568130262925131,1,1,0
3.506753376688344,0.943415762923829,1,1,0
3.5117558779389695,0.9890408420177468,1,1,0
3.5167583791895947,0.9946003661989032,1,1,0
3.52176088044022,0.9998163042041863,1,1,0
3.5267633816908455,0.9965687518213542,1,1,0
3.5317658829414706,0.9420426358458116,1,1,0
3.536768384192096,0.9545265604376014,1,1,0
3.5417708854427215,0.9524489161164101,1,1,0
3.5467733866933466,0.9625791346623136,1,1,0
3.551775887943972,1.0083487974329801,1,1,0
3.556778389194597,0.9454274292692834,1,1,0
3.5617808904452226,0.9757077043562378,1,1,0
3.566783391695848,0.9818999817923857,1,1,0
3.571785892946473,0.9570657979112317,1,1,0
3.5767883941970986,0.9621792914475279,1,1,0
3.5817908954477238,0.9706704028238712,1,1,0
3.586793396698349,0.9439098427629167,1,1,0
3.5917958979489746,0.9821282585013893,1,1,0
3.5967983991995998,0.9393248999216414,1,1,0
3.601800900450225,0.9711533089035655,1,1,0
3.60680340170085,0.9502585135423008,1,1,0
3.6118059029514757,0.964580908890723,1,1,0
3.616808404202101,1.0105589713528758,1,1,0
3.621810905452726,0.9764520955101171,1,1,0
3.6268134067033517,0.9577441228032918,1,1,0
3.631815907953977,1.0035572404324684,1,1,0
3.636818409204602,1.0043836675128477,1,1,0
3.6418209104552277,0.9992187501844825,1,1,0
3.646823411705853,0.9917183663273628,1,1,0
3.651825912956478,1.0074927861923402,1,1,0
3.6568284142071033,0.9764295160012337,1,1,0
3.661830915457729,0.94451563412712,1,1,0
3.666833416708354,0.9733827039990657,1,1,0
3.6718359179589792,0.9750253571490969,1,1,0
3.676838419209605,0.9502312981985573,1,1,0
3.68184092046023,0.9371610076652781,1,1,0
3.686843421710855,0.9398528242806649,1,1,0
3.691845922961481,1.005560927590637,1,1,0
3.696848424212106,0.9753795115915921,1,1,0
3.701850925462731,1.009117533353226,1,1,0
3.7068534267133564,0.986052879336619,1,1,0
3.711855927963982,0.9525890694107466,1,1,0
3.716858429214607,0.9584500974007137,1,1,0
3.7218609304652324,1.0007943234379781,1,1,0
3.726863431715858,0.9833238729889295,1,1,0
3.731865932966483,0.9423921385295574,1,1,0
3.7368684342171083,0.941971238631334,1,1,0
3.741870935467734,0.972193439481048,1,1,0
3.746873436718359,0.9455764869130368,1,1,0
3.7518759379689843,0.9578956345750472,1,1,0
3.7568784392196095,1.0156715107020555,1,1,0
3.761880940470235,0.9537565083573808,1,1,0
3.7668834417208603,0.9700050266003467,1,1,0
3.7718859429714855,0.9651810392688428,1,1,0
3.776888444222111,0.9527075658662971,1,1,0
3.7818909454727363,1.0036131982482386,1,1,0
3.7868934467233615,0.9544680555556533,1,1,0
3.791895947973987,0.9637820225968751,1,1,0
3.7968984492246123,0.9427900402833304,1,1,0
3.8019009504752375,0.9397526900537915,1,1,0
3.8069034517258626,0.9501348107060165,1,1,0
3.8119059529764883,1.0115856957968121,1,1,0
3.8169084542271134,0.9668782128880188,1,1,0
3.8219109554777386,0.957602918125761,1,1,0
3.8269134567283642,0.9430473445562146,1,1,0
3.8319159579789894,0.9419662339385412,1,1,0
3.8369184592296146,0.9570561971635589,1,1,0
3.8419209604802402,0.9778197702209483,1,1,0
3.8469234617308654,0.9984758830674467,1,1,0
3.8519259629814906,1.0146062840272863,1,1,0
3.8569284642321158,0.9544344931032273,1,1,0
3.8619309654827414,1.0081324061050674,1,1,0
3.8669334667333666,0.9977127682357436,1,1,0
3.8719359679839918,1.0125424470161488,1,1,0
3.8769384692346174,0.9704863593469358,1,1,0
3.8819409704852426,0.9872223508174607,1,1,0
3.8869434717358677,0.9793531473864332,1,1,0
3.891945972986493,0.9728122348603787,1,1,0
3.8969484742371185,0.9820426019965771,1,1,0
3.9019509754877437,0.9857698412590674,1,1,0
3.906953476738369,1.0054308216769232,1,1,0
3.9119559779889945,0.9954447729993373,1,1,0
3.9169584792396197,0.9528894421307724,1,1,0
3.921960980490245,1.0077211012204614,1,1,0
3.9269634817408705,0.9629298753623918,1,1,0
3.9319659829914957,0.98998717154014,1,1,0
3.936968484242121,0.9432263173308824,1,1,0
3.941970985492746,0.9739605477050022,1,1,0
3.9469734867433717,0.971160396897544,1,1,0
3.951975987993997,0.9742938318543027,1,1,0
3.956978489244622,1.001254508097926,1,1,0
3.9619809904952477,0.9488114857807395,1,1,0
3.966983491745873,1.0046890386645468,1,1,0
3.971985992996498,0.9828937341296354,1,1,0
3.9769884942471236,1.0004233459415355,1,1,0
3.981990995497749,0.9627300378000664,1,1,0
3.986993496748374,0.9973451742206019,1,1,0
3.991995997998999,0.9767591607183221,1,1,0
3.996998499249625,0.981872043775388,1,1,0
4.00200100050025,1.0208102345261525,1,1,0
4.007003501750876,1.0164097364972415,1,1,0
4.012006003001501,0.9619856712707898,1,1,0
4.017008504252126,1.0056103827226182,1,1,0
4.022011005502751,1.0130052869283743,1,1,0
4.027013506753376,0.9822022002809399,1,1,0
4.0320160080040015,1.0035661090339292,1,1,0
4.037018509254628,0.9667097705423314,1,1,0
4.042021010505253,0.9877049097664122,1,1,0
4.047023511755878,0.9697813092164778,1,1,0
4.052026013006503,1.001480758866371,1,1,0
4.057028514257128,0.9742682800520989,1,1,0
4.0620310155077535,1.0050988370941933,1,1,0
4.067033516758379,0.9889809822571395,1,1,0
4.072036018009005,0.9571945039091453,1,1,0
4.07703851925963,1.0185356638982233,1,1,0
4.082041020510255,0.9500162469981249,1,1,0
4.08704352176088,1.012315644837758,1,1,0
4.092046023011505,1.0066779456842248,1,1,0
4.097048524262131,0.971212804142786,1,1,0
4.102051025512757,0.9755736291097296,1,1,0
4.107053526763382,1.020756435799025,1,1,0
4.112056028014007,0.9977134276258693,1,1,0
4.117058529264632,0.9780432480764246,1,1,0
4.122061030515257,0.9783923812723445,1,1,0
4.127063531765883,1.0172165054285793,1,1,0
4.132066033016508,1.008730484571655,1,1,0
4.137068534267134,0.9701565636452819,1,1,0
4.142071035517759,1.0093404429264405,1,1,0
4.147073536768384,1.0041529491778536,1,1,0
4.152076038019009,0.9860167102580295,1,1,0
4.1570785392696346,1.0204609904658746,1,1,0
4.16208104052026,0.9535264183345326,1,1,0
4.167083541770885,1.0070816879134656,1,1,0
4.172086043021511,0.9997084541256744,1,1,0
4.177088544272136,0.9796009153346027,1,1,0
4.182091045522761,0.9732313562988619,1,1,0
4.1870935467733865,0.9892441777266622,1,1,0
4.192096048024012,1.0097195025039138,1,1,0
4.197098549274637,0.9780678667640582,1,1,0
4.202101050525263,1.0038828062610738,1,1,0
4.207103551775888,0.9760897202251014,1,1,0
4.212106053026513,1.0029969723121204,1,1,0
4.2171085542771385,1.0200489867851894,1,1,0
4.222111055527764,1.014722637141358,1,1,0
4.227113556778389,0.9980102806493629,1,1,0
4.232116058029014,1.0184194690047073,1,1,0
4.23711855927964,1.0092721012470696,1,1,0
4.242121060530265,0.9724540197007215,1,1,0
4.2471235617808905,0.9621646913016092,1,1,0
4.252126063031516,0.946775761545122,1,1,0
4.257128564282141,1.008468526556459,1,1,0
4.262131065532766,1.0173184999216365,1,1,0
4.267133566783391,0.9608450905900954,1,1,0
4.272136068034017,1.0210082107161318,1,1,0
4.277138569284642,0.9649277166942865,1,1,0
4.282141070535268,1.021745710838283,1,1,0
4.287143571785893,1.004446155467639,1,1,0
4.292146073036518,0.9924940105660592,1,1,0
4.297148574287143,0.9529013014905738,1,1,0
4.302151075537768,1.0174415534684866,1,1,0
4.307153576788394,1.0011193821903757,1,1,0
4.31215607803902,1.0173144300055317,1,1,0
4.317158579289645,0.9906786179705174,1,1,0
4.32216108054027,0.9535751172854215,1,1,0
4.327163581790895,0.9798516561092685,1,1,0
4.33216608304152,0.9938867007529626,1,1,0
4.337168584292146,0.9543440547495904,1,1,0
4.3421710855427715,0.9724421867583938,1,1,0
4.347173586793397,0.9759504844476367,1,1,0
4.352176088044022,1.0012115129521004,1,1,0
4.357178589294647,0.9619760643986255,1,1,0
4.362181090545272,0.9981030939497206,1,1,0
4.367183591795897,0.9905906934751608,1,1,0
4.3721860930465235,0.9645100982918737,1,1,0
4.377188594297149,0.9927732537773163,1,1,0
4.382191095547774,1.0037343842982158,1,1,0
4.387193596798399,0.9872036895478955,1,1,0
4.392196098049024,0.9822120712238019,1,1,0
4.397198599299649,1.025602810284523,1,1,0
4.402201100550275,0.9799569084203309,1,1,0
4.407203601800901,0.9956731193711191,1,1,0
4.412206103051526,0.9871961520352921,1,1,0
4.417208604302151,1.0245554341754097,1,1,0
4.422211105552776,0.9622073706389364,1,1,0
4.427213606803401,0.9862300592777223,1,1,0
4.4322161080540265,0.9572130358675296,1,1,0
4.437218609304653,0.9621878495365768,1,1,0
4.442221110555278,0.9915113397160357,1,1,0
4.447223611805903,1.0001008897444805,1,1,0
4.452226113056528,1.0280035504877263,1,1,0
4.457228614307153,0.991858365136261,1,1,0
4.4622311155577785,1.0115180286741745,1,1,0
4.467233616808404,0.9832306314992625,1,1,0
4.47223611805903,1.0051604781180234,1,1,0
4.477238619309655,0.9835362780767434,1,1,0
4.48224112056028,1.008955927477729,1,1,0
4.487243621810905,0.9717288701667155,1,1,0
4.4922461230615305,1.016586559980532,1,1,0
4.497248624312156,0.9911050051576145,1,1,0
4.502251125562781,1.0120491554098667,1,1,0
4.507253626813407,0.9602583057570464,1,1,0
4.512256128064032,0.9943099068793958,1,1,0
4.517258629314657,0.9745984635658137,1,1,0
4.5222611305652824,0.9584516919527799,1,1,0
4.527263631815908,0.978453145384824,1,1,0
4.532266133066533,0.9897497766473449,1,1,0
4.537268634317159,0.9568289821972104,1,1,0
4.542271135567784,0.9645020816411546,1,1,0
4.547273636818409,0.9711724440542046,1,1,0
4.552276138069034,0.9749647190515663,1,1,0
4.55727863931966,0.9631544097211792,1,1,0
4.562281140570285,1.0173501286364222,1,1,0
4.56728364182091,0.9891502224485195,1,1,0
4.572286143071536,1.0168317752395324,1,1,0
4.577288644322161,0.9685372270023247,1,1,0
4.582291145572786,0.9652505313902284,1,1,0
4.587293646823412,0.9890583171641458,1,1,0
4.592296148074037,0.9905820361341645,1,1,0
4.597298649324662,1.016365066926825,1,1,0
4.602301150575287,1.007339808073601,1,1,0
4.607303651825913,0.9970336874032363,1,1,0
4.612306153076538,0.9746298256386022,1,1,0
4.6173086543271635,1.014923583783483,1,1,0
4.622311155577789,0.9828566671177156,1,1,0
4.627313656828414,0.9897058777066401,1,1,0
4.632316158079039,1.0045566143208937,1,1,0
4.637318659329665,1.0127383910315122,1,1,0
4.64232116058029,1.0015377070284255,1,1,0
4.6473236618309155,0.9896526112301809,1,1,0
4.652326163081541,1.0272378345928812,1,1,0
4.657328664332166,0.9631201853473896,1,1,0
4.662331165582791,1.0101092117270096,1,1,0
4.667333666833416,0.9969829881495784,1,1,0
4.672336168084042,0.9878059965997436,1,1,0
4.6773386693346675,0.9571114858500389,1,1,0
4.682341170585293,1.000244806369207,1,1,0
4.687343671835918,0.9845034645036357,1,1,0
4.692346173086543,0.9903028310098086,1,1,0
4.697348674337168,0.9830112548245269,1,1,0
4.702351175587793,1.0008394205573536,1,1,0
4.707353676838419,0.9565980235085609,1,1,0
4.712356178089045,1.0046527055694852,1,1,0
4.71735867933967,1.0192741522521716,1,1,0
4.722361180590295,1.0186476731382916,1,1,0
4.72736368184092,0.9638090571004329,1,1,0
4.732366183091545,1.0261624517017605,1,1,0
4.7373686843421705,1.0113965224686572,1,1,0
4.742371185592797,0.9997968012533,1,1,0
4.747373686843422,1.0106212171745814,1,1,0
4.752376188094047,0.9945665965061227,1,1,0
4.757378689344672,0.9992313293318692,1,1,0
4.762381190595297,0.9972661048399991,1,1,0
4.7673836918459225,1.0001485352865214,1,1,0
4.7723861930965485,0.9620716979009417,1,1,0
4.777388694347174,1.000812809275179,1,1,0
4.782391195597799,0.9578021246849546,1,1,0
4.787393696848424,1.0189024919946426,1,1,0
4.792396198099049,0.9670941276801631,1,1,0
4.7973986993496744,1.013766403740334,1,1,0
4.8024012006003,0.9687083064444995,1,1,0
4.807403701850926,1.027840932245966,1,1,0
4.812406203101551,1.0131308813304007,1,1,0
4.817408704352176,0.9965051524459475,1,1,0
4.822411205602801,0.9744157474722748,1,1,0
4.827413706853426,0.9940137438212124,1,1,0
4.832416208104052,0.9736771407997024,1,1,0
4.837418709354677,1.0203091197739456,1,1,0
4.842421210605303,0.988996899578281,1,1,0
4.847423711855928,1.0257822586623893,1,1,0
4.852426213106553,1.0120006038200422,1,1,0
4.857428714357178,1.007252627773865,1,1,0
4.862431215607804,0.9821313918393151,1,1,0
4.867433716858429,1.005068785905634,1,1,0
4.872436218109055,0.9612550162468929,1,1,0
4.87743871935968,1.0277945673099782,1,1,0
4.882441220610305,0.9589789521921576,1,1,0
4.88744372186093,1.0225015360157323,1,1,0
4.8924462231115555,1.0260923194252283,1,1,0
4.897448724362181,0.996221858044778,1,1,0
4.902451225612806,1.0142650637576158,1,1,0
4.907453726863432,0.9741048672211238,1,1,0
4.912456228114057,0.9772609138290466,1,1,0
4.917458729364682,1.0032765799352346,1,1,0
4.9224612306153075,0.9767783908017115,1,1,0
4.927463731865933,0.9579052801289607,1,1,0
4.932466233116558,0.9583254747211359,1,1,0
4.937468734367183,0.9648938448162816,1,1,0
4.942471235617809,1.0148269481240513,1,1,0
4.947473736868434,1.0090564852893502,1,1,0
4.9524762381190595,1.0063087300992335,1,1,0
4.957478739369685,1.0230044685201523,1,1,0
4.96248124062031,1.0023910703572352,1,1,0
4.967483741870935,0.9830361355849673,1,1,0
4.972486243121561,1.0176937799752286,1,1,0
4.977488744372186,1.0096630165366478,1,1,0
4.982491245622811,0.9591319196816148,1,1,0
4.987493746873437,1.0244112488626085,1,1,0
4.992496248124062,0.9660513874846867,1,1,0
4.997498749374687,0.9917014471661183,1,1,0
5.002501250625312,0.9629608327606562,1,1,0
5.007503751875938,0.9621546739569582,1,1,0
5.012506253126563,1.0113593374687395,1,1,0
5.017508754377189,1.028671478093233,1,1,0
5.022511255627814,0.9728899605839582,1,1,0
5.027513756878439,1.026313529687001,1,1,0
5.032516258129064,0.9572871870095502,1,1,0
5.037518759379689,0.9652048499486708,1,1,0
5.042521260630315,0.9780817541006606,1,1,0
5.0475237618809405,0.9796663628832984,1,1,0
5.052526263131566,0.9829339891214837,1,1,0
5.057528764382191,1.0243807723235343,1,1,0
5.062531265632816,0.9901763046008413,1,1,0
5.067533766883441,1.0202285508957651,1,1,0
5.072536268134067,0.9573801535973941,1,1,0
5.0775387693846925,1.0014606547279266,1,1,0
5.082541270635318,1.0234014600768062,1,1,0
5.087543771885943,1.0229683422313014,1,1,0
5.092546273136568,1.0121737130148047,1,1,0
5.097548774387193,1.0226373649388247,1,1,0
5.102551275637818,0.982866562047858,1,1,0
5.1075537768884445,1.0213591613924122,1,1,0
5.11255627813907,1.0007344444730712,1,1,0
5.117558779389695,0.9944370090755206,1,1,0
5.12256128064032,0.978073108038526,1,1,0
5.127563781890945,0.9875668319413559,1,1,0
5.13256628314157,1.007780916855522,1,1,0
5.1375687843921956,0.9654846177252346,1,1,0
5.142571285642822,0.9810563092248594,1,1,0
5.147573786893447,0.9583957312537541,1,1,0
5.152576288144072,1.0016585736714998,1,1,0
5.157578789394697,1.0232043218989533,1,1,0
5.162581290645322,1.004398292923045,1,1,0
5.1675837918959475,1.0060615602875342,1,1,0
5.172586293146573,0.9741765309302953,1,1,0
5.177588794397199,0.9559981050631376,1,1,0
5.182591295647824,0.9615853049853411,1,1,0
5.187593796898449,0.982921798501026,1,1,0
5.192596298149074,0.9553537683491391,1,1,0
5.1975987993996995,0.9938637338055069,1,1,0
5.202601300650325,0.968368248866797,1,1,0
5.207603801900951,0.9690507698731372,1,1,0
5.212606303151576,1.0307577478141514,1,1,0
5.217608804402201,0.9928670007933112,1,1,0
5.222611305652826,1.0212259906548886,1,1,0
5.2276138069034515,0.9602877388519755,1,1,0
5.232616308154077,0.9725845609939948,1,1,0
5.237618809404702,0.9555725199676788,1,1,0
5.242621310655328,1.034319590372815,1,1,0
5.247623811905953,0.9868904848523639,1,1,0
5.252626313156578,0.9766706838053008,1,1,0
5.257628814407203,0.9766087433759557,1,1,0
5.262631315657829,0.9970898788969563,1,1,0
5.267633816908454,1.009998648043692,1,1,0
5.272636318159079,0.9959857772987531,1,1,0
5.277638819409705,0.9646303396248533,1,1,0
5.28264132066033,0.981119494790312,1,1,0
5.287643821910955,0.9571831796926484,1,1,0
5.292646323161581,0.9841649232819247,1,1,0
5.297648824412206,0.9886420546638924,1,1,0
5.302651325662831,1.0122663965262584,1,1,0
5.307653826913457,1.0006326097908003,1,1,0
5.312656328164082,0.9884841033123298,1,1,0
5.317658829414707,0.9601144612747232,1,1,0
5.3226613306653325,0.9964881282662161,1,1,0
5.327663831915958,0.9582472211048134,1,1,0
5.332666333166583,0.9623500497173033,1,1,0
5.337668834417208,1.0248747115079209,1,1,0
5.342671335667834,0.9583155954907914,1,1,0
5.347673836918459,1.0065340007163575,1,1,0
5.3526763381690845,0.963812313024773,1,1,0
5.35767883941971,0.9973459496562818,1,1,0
5.362681340670335,1.0197251750576939,1,1,0
5.36768384192096,1.0344011419791175,1,1,0
5.372686343171585,1.0183722592716908,1,1,0
5.377688844422211,0.959244929507024,1,1,0
5.3826913456728365,0.9868489195634351,1,1,0
5.387693846923462,0.9625616128946949,1,1,0
5.392696348174087,1.0136291903341164,1,1,0
5.397698849424712,1.0015105123200463,1,1,0
5.402701350675337,1.0064099526581323,1,1,0
5.407703851925963,0.9589630648775742,1,1,0
5.412706353176588,1.0102402746390922,1,1,0
5.417708854427214,1.0159019465463814,1,1,0
5.422711355677839,0.980697506710487,1,1,0
5.427713856928464,0.9626460712440879,1,1,0
5.432716358179089,1.0206258042310132,1,1,0
5.437718859429714,0.9769040764315232,1,1,0
5.44272136068034,0.9860855372661282,1,1,0
5.447723861930966,1.030259081160993,1,1,0
5.452726363181591,0.9795633663903922,1,1,0
5.457728864432216,1.0089658031104138,1,1,0
5.462731365682841,0.962696625311259,1,1,0
5.467733866933466,1.00923632404968,1,1,0
5.4727363681840915,1.008498453431082,1,1,0
5.4777388694347176,1.0300293640384328,1,1,0
5.482741370685343,1.0116619943514393,1,1,0
5.487743871935968,1.0196744959175112,1,1,0
5.492746373186593,1.0100426275854635,1,1,0
5.497748874437218,0.9996857086721618,1,1,0
5.5027513756878434,1.0133488627599914,1,1,0
5.5077538769384695,1.028048126108269,1,1,0
5.512756378189095,1.0067373115022578,1,1,0
5.51775887943972,1.0133089524769558,1,1,0
5.522761380690345,0.9984632760623398,1,1,0
5.52776388194097,0.999432403288809,1,1,0
5.532766383191595,0.983903030603241,1,1,0
5.537768884442221,0.9577380149894251,1,1,0
5.542771385692847,1.0219082842572165,1,1,0
5.547773886943472,1.0053944518085984,1,1,0
5.552776388194097,0.9915760168885513,1,1,0
5.557778889444722,0.9763537288107178,1,1,0
5.562781390695347,0.9833891615648211,1,1,0
5.567783891945973,0.9599869086094872,1,1,0
5.572786393196598,1.0094291525245438,1,1,0
5.577788894447224,0.9854092799700065,1,1,0
5.582791395697849,0.9850521693962383,1,1,0
5.587793896948474,0.9704386735168478,1,1,0
5.592796398199099,1.0158327261347577,1,1,0
5.5977988994497245,1.0028856873641248,1,1,0
5.60280140070035,0.9965029140337942,1,1,0
5.607803901950975,0.970629019702561,1,1,0
5.612806403201601,1.0268138509103366,1,1,0
5.617808904452226,0.9776110030387266,1,1,0
5.622811405702851,0.9776096858950355,1,1,0
5.6278139069534765,0.9718626960586746,1,1,0
5.632816408204102,0.9668466405707367,1,1,0
5.637818909454727,0.9853818524958413,1,1,0
5.642821410705353,1.008762378563311,1,1,0
5.647823911955978,0.9809813110182094,1,1,0
5.652826413206603,0.9634707810196325,1,1,0
5.6578289144572285,1.014757680084713,1,1,0
5.662831415707854,1.019905866275703,1,1,0
5.667833916958479,1.0308675005740464,1,1,0
5.672836418209104,1.0187304221127174,1,1,0
5.67783891945973,1.0131950916814048,1,1,0
5.682841420710355,0.9771932277344472,1,1,0
5.68784392196098,0.9699341876014396,1,1,0
5.692846423211606,0.961135235266567,1,1,0
5.697848924462231,1.027936494450726,1,1,0
5.702851425712856,0.9891314087657018,1,1,0
5.707853926963481,1.0026242298244175,1,1,0
5.712856428214107,0.9681587199937016,1,1,0
5.717858929464732,0.9946676669454502,1,1,0
5.722861430715358,1.019241974050022,1,1,0
5.727863931965983,0.9957371785317174,1,1,0
5.732866433216608,0.9595010356491306,1,1,0
5.737868934467233,1.0137851610008317,1,1,0
5.742871435717859,0.9974771853653357,1,1,0
5.747873936968484,0.9581027519991497,1,1,0
5.7528764382191095,0.9890963327269837,1,1,0
5.757878939469735,0.9752985041205636,1,1,0
5.76288144072036,1.0029712683847876,1,1,0
5.767883941970985,0.9676939325191987,1,1,0
5.77288644322161,0.9973950596781724,1,1,0
5.777888944472236,0.9829916717395233,1,1,0
5.7828914457228615,0.9709671273231505,1,1,0
5.787893946973487,0.9829631707529756,1,1,0
5.792896448224112,0.9842026260666421,1,1,0
5.797898949474737,1.0147283917528016,1,1,0
5.802901450725362,0.987939470878804,1,1,0
5.807903951975987,1.0002652569331967,1,1,0
5.8129064532266135,0.9621394513648328,1,1,0
5.817908954477239,0.99011022526539,1,1,0
5.822911455727864,1.0018597503710596,1,1,0
5.827913956978489,1.0166400441786443,1,1,0
5.832916458229114,1.0256460620273165,1,1,0
5.837918959479739,0.9658130575286855,1,1,0
5.8429214607303654,1.028075546100711,1,1,0
5.847923961980991,0.9647362527955892,1,1,0
5.852926463231616,1.01329136925641,1,1,0
5.857928964482241,1.0165477676729016,1,1,0
5.862931465732866,1.0296096101011385,1,1,0
5.867933966983491,0.9714798616743495,1,1,0
5.8729364682341165,0.957800923930818,1,1,0
5.877938969484743,0.9608039898262734,1,1,0
5.882941470735368,1.024199025935545,1,1,0
5.887943971985993,0.970398882385809,1,1,0
5.892946473236618,1.0326729860227646,1,1,0
5.897948974487243,1.0187784034147584,1,1,0
5.9029514757378685,1.0155275922541307,1,1,0
5.907953976988494,1.0027921142846619,1,1,0
5.91295647823912,1.0124523277470552,1,1,0
5.917958979489745,0.9627191201154579,1,1,0
5.92296148074037,1.0369322959043914,1,1,0
5.927963981990995,1.0368594219924219,1,1,0
5.9329664832416205,1.0255598041125704,1,1,0
5.937968984492246,0.9846079115634846,1,1,0
5.942971485742872,0.9979008097188201,1,1,0
5.947973986993497,0.9683175207029047,1,1,0
5.952976488244122,1.0109794317080163,1,1,0
5.957978989494747,0.9705386442153796,1,1,0
5.962981490745372,0.9767132022847562,1,1,0
5.967983991995998,0.9891821605833439,1,1,0
5.972986493246623,0.9839820147375404,1,1,0
5.977988994497249,1.0094698562975288,1,1,0
5.982991495747874,1.006238891471853,1,1,0
5.987993996998499,1.034324897218657,1,1,0
5.992996498249124,0.9647416123513636,1,1,0
5.99799899949975,1.0151186639809482,1,1,0
6.003001500750375,0.9922268673078686,1,1,0
6.008004002001,1.0123969323558715,1,1,0
6.013006503251626,1.0007537373355355,1,1,0
6.018009004502251,0.9745810409346288,1,1,0
6.023011505752876,1.0197232380632155,1,1,0
6.0280140070035015,1.021630652847383,1,1,0
6.033016508254127,0.9938366104341831,1,1,0
6.038019009504752,1.0207340336956372,1,1,0
6.043021510755377,0.9898194574687202,1,1,0
6.048024012006003,1.0314244588361323,1,1,0
6.053026513256628,1.0296437643351777,1,1,0
6.0580290145072535,1.03287318201447,1,1,0
6.063031515757879,1.021181780326253,1,1,0
6.068034017008504,1.0239821890409997,1,1,0
6.073036518259129,1.006498262173117,1,1,0
6.078039019509755,1.008180909609944,1,1,0
6.08304152076038,0.9882892550490274,1,1,0
6.0880440220110055,0.9795817707826846,1,1,0
6.093046523261631,1.0110702858145035,1,1,0
6.098049024512256,1.026117024448376,1,1,0
6.103051525762881,0.9992643173444752,1,1,0
6.108054027013506,1.019630273542526,1,1,0
6.113056528264132,0.9621341901728239,1,1,0
6.118059029514757,0.9846118382678942,1,1,0
6.123061530765383,0.9776344444692947,1,1,0
6.128064032016008,1.0004337722169194,1,1,0
6.133066533266633,0.9649899165458996,1,1,0
6.138069034517258,0.9962964787220063,1,1,0
6.143071535767883,1.0110021620110203,1,1,0
6.148074037018509,0.9961640835911132,1,1,0
6.153076538269135,0.9922531172556734,1,1,0
6.15807903951976,0.9668007401352516,1,1,0
6.163081540770385,0.9915492317874884,1,1,0
6.16808404202101,1.0233224079350407,1,1,0
6.173086543271635,1.026302785736893,1,1,0
6.178089044522261,0.9616902064934028,1,1,0
6.1830915457728866,0.9755218836850295,1,1,0
6.188094047023512,1.0336620708048037,1,1,0
6.193096548274137,1.026643366104662,1,1,0
6.198099049524762,0.9634087110141658,1,1,0
6.203101550775387,0.979403827777409,1,1,0
6.2081040520260125,0.9675210664591216,1,1,0
6.2131065532766385,0.9881109140763036,1,1,0
6.218109054527264,0.970997712301675,1,1,0
6.223111555777889,0.9892306290168119,1,1,0
6.228114057028514,1.0103601949659942,1,1,0
6.233116558279139,0.9828025712538488,1,1,0
6.238119059529764,0.9674857935998571,1,1,0
6.24312156078039,1.0013943434392438,1,1,0
6.248124062031016,1.004563525815696,1,1,0
6.253126563281641,1.0226032400977254,1,1,0
6.258129064532266,0.9965159561024213,1,1,0
6.263131565782891,1.0213779692175953,1,1,0
6.268134067033516,1.0244284804623869,1,1,0
6.273136568284142,0.9681117317110441,1,1,0
6.278139069534768,1.034312383476151,1,1,0
6.283141570785393,1.0298853001460924,1,1,0
6.288144072036018,1.000259426833338,1,1,0
6.293146573286643,1.0064698646025036,1,1,0
6.298149074537268,0.9916946073269716,1,1,0
6.3031515757878935,0.9989563759016048,1,1,0
6.308154077038519,1.030267180844319,1,1,0
6.313156578289145,1.004109591601487,1,1,0
6.31815907953977,1.0124335162026274,1,1,0
6.323161580790395,0.9792029481621053,1,1,0
6.32816408204102,0.9959930941109915,1,1,0
6.3331665832916455,1.0366732288784162,1,1,0
6.338169084542271,0.9613791325801978,1,1,0
6.343171585792896,1.012795042540995,1,1,0
6.348174087043522,1.0162375709513525,1,1,0
6.353176588294147,0.9860436057871842,1,1,0
6.358179089544772,0.9733377073043947,1,1,0
6.3631815907953975,1.028136263913469,1,1,0
6.368184092046023,0.9680651337548279,1,1,0
6.373186593296648,0.9707120272879084,1,1,0
6.378189094547274,0.9872116905510542,1,1,0
6.383191595797899,1.0348900915815151,1,1,0
6.388194097048524,1.0339752391487316,1,1,0
6.393196598299149,1.020316654076908,1,1,0
6.398199099549775,0.9966337707515788,1,1,0
6.4032016008004,0.9853757273314269,1,1,0
6.408204102051025,0.9751369954966624,1,1,0
6.413206603301651,1.0115930448879702,1,1,0
6.418209104552276,1.0337160529377238,1,1,0
6.423211605802901,0.9649681713959563,1,1,0
6.428214107053527,1.0116726133176628,1,1,0
6.433216608304152,0.9926557119303411,1,1,0
6.438219109554777,1.0139863136602547,1,1,0
6.443221610805402,1.0264754098750304,1,1,0
6.448224112056028,0.9855157610645694,1,1,0
6.453226613306653,1.018517023351547,1,1,0
6.4582291145572785,0.9605023833173553,1,1,0
6.463231615807904,0.9617921525311357,1,1,0
6.468234117058529,0.9795215418155758,1,1,0
6.473236618309154,1.0147623560989563,1,1,0
6.478239119559779,1.0356120353849514,1,1,0
6.483241620810405,1.0227042836807925,1,1,0
6.4882441220610305,0.9759007128244668,1,1,0
6.493246623311656,1.0217103928365376,1,1,0
6.498249124562281,1.020093651967948,1,1,0
6.503251625812906,0.9982248805256694,1,1,0
6.508254127063531,0.9997837372507005,1,1,0
6.513256628314157,1.0363325030788686,1,1,0
6.5182591295647825,1.0056623706487415,1,1,0
6.523261630815408,1.0377439282293268,1,1,0
6.528264132066033,0.9879704432786289,1,1,0
6.533266633316658,0.9975636683587161,1,1,0
6.538269134567283,0.9688138987838933,1,1,0
6.543271635817908,1.02783666482892,1,1,0
6.5482741370685345,1.0305158220180677,1,1,0
6.55327663831916,0.9609290603416872,1,1,0
6.558279139569785,0.97689097083458,1,1,0
6.56328164082041,0.9957463736391686,1,1,0
6.568284142071035,0.9717833007745279,1,1,0
6.57328664332166,0.9628267201583297,1,1,0
6.5782891445722855,0.9694053700718537,1,1,0
6.583291645822912,0.9773979423513546,1,1,0
6.588294147073537,1.0156404144092277,1,1,0
6.593296648324162,0.9737830544029686,1,1,0
6.598299149574787,0.9601791976116584,1,1,0
6.603301650825412,1.013827533681444,1,1,0
6.6083041520760375,1.0275227303053913,1,1,0
6.613306653326664,1.0155384346520833,1,1,0
6.618309154577289,0.9588028038038557,1,1,0
6.623311655827914,1.0190673813867521,1,1,0
6.628314157078539,0.9745622245009475,1,1,0
6.633316658329164,0.9678590370879567,1,1,0
6.6383191595797895,0.9822290697994309,1,1,0
6.643321660830415,1.027538452776796,1,1,0
6.648324162081041,1.0197330513322211,1,1,0
6.653326663331666,0.9950038884309707,1,1,0
6.658329164582291,0.9644915332294842,1,1,0
6.663331665832916,0.9965677470673593,1,1,0
6.668334167083541,1.006234686477468,1,1,0
6.673336668334167,0.9888444738243307,1,1,0
6.678339169584792,1.0167137613730832,1,1,0
6.683341670835418,1.0000188918773272,1,1,0
6.688344172086043,0.9829726227333184,1,1,0
6.693346673336668,0.9896784664844966,1,1,0
6.698349174587293,1.0152628497704448,1,1,0
6.703351675837919,0.9765518099262532,1,1,0
6.708354177088544,1.033564481591606,1,1,0
6.71335667833917,0.9983145544970714,1,1,0
6.718359179589795,1.0362837570726038,1,1,0
6.72336168084042,0.9833427117342564,1,1,0
6.728364182091045,0.9674744529926724,1,1,0
6.7333666833416705,0.991280079682466,1,1,0
6.738369184592296,0.9637148205594227,1,1,0
6.743371685842921,0.9872015559648677,1,1,0
6.748374187093547,1.0027332302375396,1,1,0
6.753376688344172,1.0042753116402694,1,1,0
6.758379189594797,1.0204310704176767,1,1,0
6.7633816908454225,0.9774028537861672,1,1,0
6.768384192096048,1.0040136222994647,1,1,0
6.773386693346673,1.0358636359635465,1,1,0
6.778389194597298,0.976715077330918,1,1,0
6.783391695847924,1.0209921893084952,1,1,0
6.788394197098549,0.9597213264521287,1,1,0
6.7933966983491745,0.990064448329456,1,1,0
6.7983991995998,1.020343242337484,1,1,0
6.803401700850425,1.0186925852873832,1,1,0
6.80840420210105,1.0231457514742954,1,1,0
6.813406703351676,0.9658174606539669,1,1,0
6.818409204602301,1.0100966013176875,1,1,0
6.8234117058529264,1.0053581954983768,1,1,0
6.828414207103552,1.028823614130588,1,1,0
6.833416708354177,0.9671447892538537,1,1,0
6.838419209604802,0.9936100085198027,1,1,0
6.843421710855427,1.031708300952571,1,1,0
6.848424212106053,1.0207782816423865,1,1,0
6.853426713356678,1.011840914519648,1,1,0
6.858429214607304,0.9881914784982815,1,1,0
6.863431715857929,0.994831167449491,1,1,0
6.868434217108554,0.9741989942166409,1,1,0
6.873436718359179,1.0355011921433974,1,1,0
6.878439219609804,1.0345052477934855,1,1,0
6.88344172086043,0.9631040545568412,1,1,0
6.888444222111056,1.018883076374336,1,1,0
6.893446723361681,0.9897109114806883,1,1,0
6.898449224612306,0.9761062784084081,1,1,0
6.903451725862931,0.9651602839421383,1,1,0
6.908454227113556,1.0203027086941256,1,1,0
6.9134567283641815,0.9775691940452265,1,1,0
6.9184592296148075,0.9900727281932205,1,1,0
6.923461730865433,1.020967137761261,1,1,0
6.928464232116058,0.9986339440347033,1,1,0
6.933466733366683,0.9735032944357074,1,1,0
6.938469234617308,0.98951941190274,1,1,0
6.943471735867933,1.002196983965073,1,1,0
6.9484742371185595,0.960540311741061,1,1,0
6.953476738369185,1.029033510969788,1,1,0
6.95847923961981,1.001536610126275,1,1,0
6.963481740870435,1.015679069376577,1,1,0
6.96848424212106,1.0116614393545433,1,1,0
6.973486743371685,0.97598978317356,1,1,0
6.978489244622311,0.975267755046142,1,1,0
6.983491745872937,0.9720392429474336,1,1,0
6.988494247123562,0.9863975606477924,1,1,0
6.993496748374187,1.0311934680180783,1,1,0
6.998499249624812,1.0090687216025909,1,1,0
7.003501750875437,1.0228426208837156,1,1,0
7.0085042521260625,1.0087319990446435,1,1,0
7.013506753376688,1.0170714995961014,1,1,0
7.018509254627314,1.010226069540603,1,1,0
7.023511755877939,0.9627371994493598,1,1,0
7.028514257128564,0.9858792027287465,1,1,0
7.033516758379189,0.9951249106582758,1,1,0
7.0385192596298145,0.9795413282490011,1,1,0
7.04352176088044,1.0311866289330296,1,1,0
7.048524262131066,0.9640495597876355,1,1,0
7.053526763381691,0.9975045654960111,1,1,0
7.058529264632316,1.015449496721932,1,1,0
7.063531765882941,1.0104134555731226,1,1,0
7.0685342671335665,1.016625065756947,1,1,0
7.073536768384192,0.9854249748769168,1,1,0
7.078539269634817,1.031699293995444,1,1,0
7.083541770885443,1.0282109329432032,1,1,0
7.088544272136068,1.023295208084837,1,1,0
7.093546773386693,0.9803216627869247,1,1,0
7.098549274637318,0.9769060340219404,1,1,0
7.103551775887944,1.0307190215973405,1,1,0
7.108554277138569,0.9827563285258364,1,1,0
7.113556778389194,1.0349018750225722,1,1,0
7.11855927963982,0.9774650852101232,1,1,0
7.123561780890445,0.9986233928218923,1,1,0
7.12856428214107,1.0267998292865799,1,1,0
7.133566783391696,0.9745753660107962,1,1,0
7.138569284642321,1.0205557059122292,1,1,0
7.143571785892946,0.9941186151455514,1,1,0
7.148574287143572,1.028562265949237,1,1,0
7.153576788394197,1.0077861504629904,1,1,0
7.158579289644822,0.9922235777299425,1,1,0
7.1635817908954476,1.0248891715801358,1,1,0
7.168584292146073,1.0074686430683555,1,1,0
7.173586793396698,0.9804389921007179,1,1,0
7.178589294647323,1.0083494009335943,1,1,0
7.183591795897949,0.9632821292629536,1,1,0
7.188594297148574,0.9830367759871707,1,1,0
7.1935967983991995,1.0149383224068325,1,1,0
7.198599299649825,1.0377867287594928,1,1,0
7.20360180090045,0.9927400966935325,1,1,0
7.208604302151075,0.9953270303730354,1,1,0
7.2136068034017,0.9994577135865228,1,1,0
7.218609304652326,0.9725627296888264,1,1,0
7.2236118059029515,0.9709683116653488,1,1,0
7.228614307153577,1.0057089751938397,1,1,0
7.233616808404202,1.0228635737173115,1,1,0
7.238619309654827,1.0095067870243195,1,1,0
7.243621810905452,1.0048089907794955,1,1,0
7.248624312156078,0.9614912251166567,1,1,0
7.2536268134067035,0.99886460089608,1,1,0
7.258629314657329,1.00444876660351,1,1,0
7.263631815907954,1.0236506153362814,1,1,0
7.268634317158579,0.9870845509416595,1,1,0
7.273636818409204,1.0120143855010546,1,1,0
7.278639319659829,0.9942372750921256,1,1,0
7.283641820910455,0.9854480933898198,1,1,0
7.288644322161081,0.9800317352096617,1,1,0
7.293646823411706,1.014668573478686,1,1,0
7.298649324662331,1.0198933467544886,1,1,0
7.303651825912956,0.9879704612064246,1,1,0
7.308654327163581,1.0177687881797468,1,1,0
7.3136568284142065,0.9761245140383864,1,1,0
7.318659329664833,0.9883681834254572,1,1,0
7.323661830915458,1.0245448126736556,1,1,0
7.328664332166083,1.0173876630116738,1,1,0
7.333666833416708,1.023177890442241,1,1,0
7.338669334667333,0.9643195980122019,1,1,0
7.3436718359179585,0.9699745654189087,1,1,0
7.348674337168584,0.9869458345893825,1,1,0
7.35367683841921,0.9619670438910919,1,1,0
7.358679339669835,1.0119845097243743,1,1,0
7.36368184092046,0.9898254392828794,1,1,0
7.368684342171085,1.022402980114757,1,1,0
7.37368684342171,1.0313775514308234,1,1,0
7.378689344672336,1.028439431410286,1,1,0
7.383691845922962,0.9940286326927966,1,1,0
7.388694347173587,1.0019961038366108,1,1,0
7.393696848424212,1.008457682234085,1,1,0
7.398699349674837,0.9844507462216495,1,1,0
7.403701850925462,1.034311384216586,1,1,0
7.408704352176088,1.0156304884015708,1,1,0
7.413706853426713,1.012503516285943,1,1,0
7.418709354677339,0.9815837507442411,1,1,0
7.423711855927964,1.0092195138866222,1,1,0
7.428714357178589,0.9672272187119927,1,1,0
7.433716858429214,1.0139444118749534,1,1,0
7.4387193596798395,1.015928323946995,1,1,0
7.443721860930465,0.9799133061992489,1,1,0
7.44872436218109,0.9633100672711395,1,1,0
7.453726863431716,1.012271479539095,1,1,0
7.458729364682341,1.007600672355689,1,1,0
7.463731865932966,1.0231052523017898,1,1,0
7.4687343671835915,1.003687356346527,1,1,0
7.473736868434217,0.9691044061678589,1,1,0
7.478739369684842,1.0239076936803058,1,1,0
7.483741870935468,1.0303151397078987,1,1,0
7.488744372186093,0.9732121205121738,1,1,0
7.493746873436718,1.0035485472594192,1,1,0
7.4987493746873435,1.0323732650161714,1,1,0
7.503751875937969,1.0387307648577322,1,1,0
7.508754377188594,1.0070901099193366,1,1,0
7.513756878439219,1.0364242681191456,1,1,0
7.518759379689845,1.0372002358932004,1,1,0
7.52376188094047,0.9923888280356307,1,1,0
7.5287643821910955,1.0190915125143487,1,1,0
7.533766883441721,1.0210964074037565,1,1,0
7.538769384692346,0.9928361267296439,1,1,0
7.543771885942971,1.0259040423628905,1,1,0
7.548774387193596,1.0253550978767978,1,1,0
7.553776888444222,1.026319727909647,1,1,0
7.558779389694847,1.0219428029724793,1,1,0
7.563781890945473,0.9646847676151409,1,1,0
7.568784392196098,0.9988687209480535,1,1,0
7.573786893446723,1.0087427174287993,1,1,0
7.578789394697348,1.0318358196045945,1,1,0
7.583791895947974,1.0270196104639766,1,1,0
7.588794397198599,0.9922900016054631,1,1,0
7.593796898449225,1.0362706448609156,1,1,0
7.59879939969985,0.9861743450675712,1,1,0
7.603801900950475,0.9942311691580422,1,1,0
7.6088044022011,0.9610112704757399,1,1,0
7.613806903451725,0.9922429461175392,1,1,0
7.618809404702351,1.0111030365916995,1,1,0
7.6238119059529765,0.9701360641418192,1,1,0
7.628814407203602,0.9606128472891106,1,1,0
7.633816908454227,1.0070642364891769,1,1,0
7.638819409704852,1.0104986998687973,1,1,0
7.643821910955477,0.9923476476594104,1,1,0
7.648824412206102,0.9726655092778547,1,1,0
7.6538269134567285,0.9881324540207649,1,1,0
7.658829414707354,0.9823370709826571,1,1,0
7.663831915957979,1.0217407659994897,1,1,0
7.668834417208604,1.0150520182946514,1,1,0
7.673836918459229,1.0122505813294165,1,1,0
7.678839419709854,0.9722731532327816,1,1,0
7.6838419209604805,1.0018477073581118,1,1,0
7.688844422211106,1.0292207847220274,1,1,0
7.693846923461731,0.974817506393863,1,1,0
7.698849424712356,1.0343752453351982,1,1,0
7.703851925962981,1.0233281516102721,1,1,0
7.708854427213606,1.008597177638214,1,1,0
7.7138569284642315,0.9636174984131977,1,1,0
7.718859429714858,0.9886275294640281,1,1,0
7.723861930965483,1.0382022366842016,1,1,0
7.728864432216108,1.0341671180330703,1,1,0
7.733866933466733,1.0212893841104655,1,1,0
7.738869434717358,1.0213897747234377,1,1,0
7.7438719359679835,0.9966082976328315,1,1,0
7.748874437218609,0.9799696636875552,1,1,0
7.753876938469235,0.9815738501756168,1,1,0
7.75887943971986,0.9798252643422677,1,1,0
7.763881940970485,1.032842042915155,1,1,0
7.76888444222111,1.0247465554875594,1,1,0
7.7738869434717355,0.9763340316045405,1,1,0
7.778889444722361,0.9943727779231143,1,1,0
7.783891945972986,0.9936859964449507,1,1,0
7.788894447223612,0.9885979566659953,1,1,0
7.793896948474237,0.9815477874957739,1,1,0
7.798899449724862,1.0253222240655255,1,1,0
7.8039019509754874,0.9685326971757775,1,1,0
7.808904452226113,0.9747123533682968,1,1,0
7.813906953476738,0.9763141994367601,1,1,0
7.818909454727364,1.010320208657849,1,1,0
7.823911955977989,1.0112586887905255,1,1,0
7.828914457228614,1.0257907270384263,1,1,0
7.833916958479239,0.9901061157066188,1,1,0
7.838919459729865,1.038669690222263,1,1,0
7.84392196098049,0.9724035134006351,1,1,0
7.848924462231115,0.9796409357551752,1,1,0
7.853926963481741,0.9854487211566854,1,1,0
7.858929464732366,0.968686140263184,1,1,0
7.863931965982991,1.0150611995974046,1,1,0
7.868934467233617,1.035255686286009,1,1,0
7.873936968484242,1.0088145534442312,1,1,0
7.878939469734867,0.980552299010599,1,1,0
7.883941970985492,1.010634227272817,1,1,0
7.888944472236118,1.002205436917121,1,1,0
7.893946973486743,1.0378486520776056,1,1,0
7.8989494747373685,1.0053298827645527,1,1,0
7.903951975987994,0.994106181661201,1,1,0
7.908954477238619,0.9714760853863601,1,1,0
7.913956978489244,0.971558408358457,1,1,0
7.91895947973987,0.9680347639260463,1,1,0
7.923961980990495,1.0036598880336263,1,1,0
7.9289644822411205,1.0017532881502285,1,1,0
7.933966983491746,0.9717591114791625,1,1,0
7.938969484742371,0.9923541865678739,1,1,0
7.943971985992996,1.0161191516060653,1,1,0
7.948974487243621,1.0105454441381587,1,1,0
7.953976988494247,1.0051088695300097,1,1,0
7.9589794897448725,0.9861278504225636,1,1,0
7.963981990995498,1.022517247056759,1,1,0
7.968984492246123,0.9713251630238047,1,1,0
7.973986993496748,0.9931510107224656,1,1,0
7.978989494747373,0.9925451570138694,1,1,0
7.983991995997998,1.0355990699939424,1,1,0
7.988994497248624,0.9975560615572195,1,1,0
7.99399699849925,0.9637264892212144,1,1,0
7.998999499749875,0.9776274065170116,1,1,0
8.0040020010005,1.0145160392061532,1,1,0
8.009004502251125,0.961080876955407,1,1,0
8.014007003501751,1.0293206008907017,1,1,0
8.019009504752376,1.0067478308302134,1,1,0
8.024012006003002,1.0390296414045541,1,1,0
8.029014507253626,1.0324326019575805,1,1,0
8.034017008504252,1.023957444890969,1,1,0
8.039019509754878,0.983480951014215,1,1,0
8.044022011005502,0.9673875527337822,1,1,0
8.049024512256128,0.9781069454055917,1,1,0
8.054027013506753,0.9910946085675295,1,1,0
8.059029514757379,1.0311198189445412,1,1,0
8.064032016008003,0.9888613772978269,1,1,0
8.069034517258629,1.006393042587584,1,1,0
8.074037018509255,1.0042654409125156,1,1,0
8.07903951975988,0.9980400505454028,1,1,0
8.084042021010506,0.9597451505342169,1,1,0
8.08904452226113,1.0391561023742848,1,1,0
8.094047023511756,0.9790329889155084,1,1,0
8.09904952476238,1.0093567266322991,1,1,0
8.104052026013006,0.9912968309598312,1,1,0
8.109054527263632,1.0376846299857336,1,1,0
8.114057028514257,0.9807037226562395,1,1,0
8.119059529764883,0.9972862879050631,1,1,0
8.124062031015507,1.0081600051991302,1,1,0
8.129064532266133,1.0105317842981743,1,1,0
8.134067033516757,1.0271948266615207,1,1,0
8.139069534767383,0.9895703511122517,1,1,0
8.14407203601801,0.9832724566586215,1,1,0
8.149074537268634,1.0296327703871382,1,1,0
8.15407703851926,1.0050637883488842,1,1,0
8.159079539769884,1.0277720520616411,1,1,0
8.16408204102051,1.0213702561212328,1,1,0
8.169084542271134,1.0099364447719785,1,1,0
8.17408704352176,1.033514991908806,1,1,0
8.179089544772387,1.024810501834028,1,1,0
8.18409204602301,1.0055771899332813,1,1,0
8.189094547273637,0.9889446923551313,1,1,0
8.194097048524261,1.0304444469349654,1,1,0
8.199099549774887,1.0208093386521389,1,1,0
8.204102051025513,1.0350974587499833,1,1,0
8.209104552276138,1.0289928032525557,1,1,0
8.214107053526764,0.9708096254061017,1,1,0
8.219109554777388,0.979357051013295,1,1,0
8.224112056028014,0.9743886423641447,1,1,0
8.229114557278638,1.0185006586859604,1,1,0
8.234117058529264,0.9910570371068055,1,1,0
8.23911955977989,0.9892678662901344,1,1,0
8.244122061030515,1.0008846442786838,1,1,0
8.24912456228114,1.0395058739617646,1,1,0
8.254127063531765,1.0317704376463663,1,1,0
8.259129564782391,0.9820839238315074,1,1,0
8.264132066033016,0.9735817182753217,1,1,0
8.269134567283642,0.9938816121032557,1,1,0
8.274137068534268,1.0392376891715633,1,1,0
8.279139569784892,0.9713145466813435,1,1,0
8.284142071035518,1.006876531517967,1,1,0
8.289144572286142,0.974367623587349,1,1,0
8.294147073536768,0.9795520772493262,1,1,0
8.299149574787393,1.0037672418932582,1,1,0
8.304152076038019,0.960027871951403,1,1,0
8.309154577288645,1.0331644346521187,1,1,0
8.314157078539269,0.9726511275973515,1,1,0
8.319159579789895,1.0118178311473436,1,1,0
8.32416208104052,0.9684529696345138,1,1,0
8.329164582291146,0.970284208241879,1,1,0
8.33416708354177,1.0151898044074883,1,1,0
8.339169584792396,0.9691451418944412,1,1,0
8.344172086043022,0.9955975972533506,1,1,0
8.349174587293646,0.9731600226302224,1,1,0
8.354177088544272,1.015710804768826,1,1,0
8.359179589794897,1.011679441555607,1,1,0
8.364182091045523,1.0366737333782468,1,1,0
8.369184592296147,1.029149413529624,1,1,0
8.374187093546773,1.0313527697050944,1,1,0
8.379189594797399,0.98482361345867,1,1,0
8.384192096048023,0.9849085254439118,1,1,0
8.38919459729865,1.015702391222788,1,1,0
8.394197098549274,1.0392972862766545,1,1,0
8.3991995997999,0.998869945024661,1,1,0
8.404202101050526,0.9685295119203563,1,1,0
8.40920460230115,0.9612023748763132,1,1,0
8.414207103551776,0.9782846979857095,1,1,0
8.4192096048024,1.0187174768453855,1,1,0
8.424212106053027,1.0375918766100438,1,1,0
8.429214607303651,0.9659439977085096,1,1,0
8.434217108554277,0.972537260903583,1,1,0
8.439219609804903,1.0305430739296995,1,1,0
8.444222111055527,1.0190461214652395,1,1,0
8.449224612306153,0.989227861827316,1,1,0
8.454227113556778,1.028031928499028,1,1,0
8.459229614807404,1.0189702779529102,1,1,0
8.464232116058028,1.0205284199913114,1,1,0
8.469234617308654,0.9664238591828578,1,1,0
8.47423711855928,0.9940799011937164,1,1,0
8.479239619809904,0.9948769711694874,1,1,0
8.48424212106053,0.9833451077946369,1,1,0
8.489244622311155,0.9743477818263073,1,1,0
8.494247123561781,0.9844216882677332,1,1,0
8.499249624812405,0.9893152361573312,1,1,0
8.504252126063031,0.9762358094796355,1,1,0
8.509254627313657,1.0390457007693152,1,1,0
8.514257128564282,0.9799923199535052,1,1,0
8.519259629814908,1.0197765943861095,1,1,0
8.524262131065532,1.0225547986006425,1,1,0
8.529264632316158,0.983967527325285,1,1,0
8.534267133566782,1.004128333175934,1,1,0
8.539269634817408,1.0138769299210362,1,1,0
8.544272136068034,1.010455656310778,1,1,0
8.549274637318659,1.0209767376537395,1,1,0
8.554277138569285,0.996867780342128,1,1,0
8.55927963981991,0.9999811656346456,1,1,0
8.564282141070535,0.9950269743594818,1,1,0
8.56928464232116,1.015543375889354,1,1,0
8.574287143571786,0.9997860259608146,1,1,0
8.579289644822412,1.0322037802544317,1,1,0
8.584292146073036,0.9835917343399478,1,1,0
8.589294647323662,0.9889879862239486,1,1,0
8.594297148574286,0.9601481798404861,1,1,0
8.599299649824912,1.031170725545063,1,1,0
8.604302151075537,0.9975155319114711,1,1,0
8.609304652326163,0.9606564905629744,1,1,0
8.614307153576789,0.9739459641781313,1,1,0
8.619309654827413,1.0009322323621943,1,1,0
8.62431215607804,1.0255727577433358,1,1,0
8.629314657328663,0.9668693993238636,1,1,0
8.63431715857929,1.0212249785390661,1,1,0
8.639319659829916,0.9618045645890314,1,1,0
8.64432216108054,1.0094209207151756,1,1,0
8.649324662331166,0.980362266775779,1,1,0
8.65432716358179,0.9746660690617999,1,1,0
8.659329664832416,1.0358944466044586,1,1,0
8.66433216608304,0.9757471871106235,1,1,0
8.669334667333667,0.980214736493155,1,1,0
8.674337168584293,1.0111387032772525,1,1,0
8.679339669834917,1.0008927581537703,1,1,0
8.684342171085543,1.0261778830123587,1,1,0
8.689344672336167,0.9904308287478433,1,1,0
8.694347173586793,1.035421173976294,1,1,0
8.699349674837418,1.018592510054443,1,1,0
8.704352176088044,0.989746365256121,1,1,0
8.70935467733867,1.0356938676591163,1,1,0
8.714357178589294,0.9688844305022375,1,1,0
8.71935967983992,1.026224111472709,1,1,0
8.724362181090545,1.008966367334491,1,1,0
8.72936468234117,1.0118454308357854,1,1,0
8.734367183591795,0.9926955651165574,1,1,0
8.739369684842421,0.9808094739670379,1,1,0
8.744372186093047,0.9754578753073694,1,1,0
8.749374687343671,1.0095378206821082,1,1,0
8.754377188594297,1.005539449837456,1,1,0
8.759379689844922,0.9768440042370907,1,1,0
8.764382191095548,1.0331764893779234,1,1,0
8.769384692346172,1.0109349471666322,1,1,0
8.774387193596798,0.9834201421504479,1,1,0
8.779389694847424,0.9689156845684319,1,1,0
8.784392196098048,1.037199428603393,1,1,0
8.789394697348675,0.9998679391058398,1,1,0
8.794397198599299,1.0135972276307592,1,1,0
8.799399699849925,1.029768259449255,1,1,0
8.80440220110055,1.0358471488351797,1,1,0
8.809404702351175,1.0180504362963176,1,1,0
8.814407203601801,1.0351141199643883,1,1,0
8.819409704852426,0.9865943345083881,1,1,0
8.824412206103052,0.9668485555562948,1,1,0
8.829414707353676,0.9792274512483106,1,1,0
8.834417208604302,0.9785670505050914,1,1,0
8.839419709854928,1.0091634224712855,1,1,0
8.844422211105552,1.029232327640118,1,1,0
8.849424712356178,1.0070863634884466,1,1,0
8.854427213606803,0.9963153651070058,1,1,0
8.859429714857429,1.0122014946553044,1,1,0
8.864432216108053,1.0116507782683328,1,1,0
8.86943471735868,1.0236183102439764,1,1,0
8.874437218609305,0.9642345505816862,1,1,0
8.87943971985993,0.9864836469052857,1,1,0
8.884442221110556,1.0142533664471953,1,1,0
8.88944472236118,0.9979410416972075,1,1,0
8.894447223611806,0.9650429114174301,1,1,0
8.89944972486243,1.006931440722603,1,1,0
8.904452226113056,0.9864218762806284,1,1,0
8.909454727363682,1.0158625129965149,1,1,0
8.914457228614307,0.9703997623272145,1,1,0
8.919459729864933,1.003619716486305,1,1,0
8.924462231115557,0.9989956040181758,1,1,0
8.929464732366183,1.0358751290322956,1,1,0
8.934467233616807,1.0108024743553803,1,1,0
8.939469734867433,0.9797525434368684,1,1,0
8.94447223611806,1.0380188237540755,1,1,0
8.949474737368684,0.9634805002752789,1,1,0
8.95447723861931,1.0364229860697607,1,1,0
8.959479739869934,0.9943887377966386,1,1,0
8.96448224112056,1.000105782878643,1,1,0
8.969484742371185,0.9840072526847035,1,1,0
8.97448724362181,0.9626737351260531,1,1,0
8.979489744872437,1.0382612330678243,1,1,0
8.984492246123061,1.02656943236232,1,1,0
8.989494747373687,1.0201919571423606,1,1,0
8.994497248624311,0.9934590119946614,1,1,0
8.999499749874937,1.0039408194474324,1,1,0
9.004502251125562,0.9687021543529949,1,1,0
9.009504752376188,0.9746010871181219,1,1,0
9.014507253626814,0.970218135559962,1,1,0
9.019509754877438,1.0284975942885934,1,1,0
9.024512256128064,1.0163160017660884,1,1,0
9.029514757378688,1.0073369613981011,1,1,0
9.034517258629315,1.0295413730625746,1,1,0
9.039519759879939,1.0129799951456198,1,1,0
9.044522261130565,0.9782800106513558,1,1,0
9.049524762381191,1.0169073387102816,1,1,0
9.054527263631815,1.03023531520115,1,1,0
9.059529764882441,1.0119985846394026,1,1,0
9.064532266133066,1.00860335658591,1,1,0
9.069534767383692,1.0345646188118782,1,1,0
9.074537268634318,0.9691002487628398,1,1,0
9.079539769884942,0.9809962550031255,1,1,0
9.084542271135568,1.0215056517564345,1,1,0
9.089544772386192,0.981790317544637,1,1,0
9.094547273636818,1.0238156868825767,1,1,0
9.099549774887443,0.977427804002165,1,1,0
9.104552276138069,0.9936313331120267,1,1,0
9.109554777388695,1.0167531710022784,1,1,0
9.11455727863932,0.9893175953491862,1,1,0
9.119559779889945,0.9817123282481713,1,1,0
9.12456228114057,0.9761228897902693,1,1,0
9.129564782391196,1.022211975263211,1,1,0
9.13456728364182,1.0181442508797443,1,1,0
9.139569784892446,0.9898197891931426,1,1,0
9.144572286143072,0.9986854220598933,1,1,0
9.149574787393696,1.0384441288936095,1,1,0
9.154577288644322,1.0280928617325589,1,1,0
9.159579789894947,1.011876957165258,1,1,0
9.164582291145573,1.034701221087015,1,1,0
9.169584792396197,1.02050963079716,1,1,0
9.174587293646823,1.0174627275125323,1,1,0
9.17958979489745,0.999325496233038,1,1,0
9.184592296148073,0.9698609408799874,1,1,0
9.1895947973987,1.0194625814241782,1,1,0
9.194597298649324,0.9723589041711244,1,1,0
9.19959979989995,0.9659826235918375,1,1,0
9.204602301150574,1.0074453085891186,1,1,0
9.2096048024012,1.0314236567187323,1,1,0
9.214607303651826,1.0110900526145516,1,1,0
9.21960980490245,0.9770196844425916,1,1,0
9.224612306153077,1.0284853554770172,1,1,0
9.229614807403701,0.9624802530631185,1,1,0
9.234617308654327,0.962659710297185,1,1,0
9.239619809904951,1.015308160853045,1,1,0
9.244622311155577,1.0277357915915775,1,1,0
9.249624812406203,0.9672098362868645,1,1,0
9.254627313656828,1.0034172429801897,1,1,0
9.259629814907454,0.9999344170158829,1,1,0
9.264632316158078,0.9728159648720204,1,1,0
9.269634817408704,0.9715165457502726,1,1,0
9.27463731865933,0.9643351995821502,1,1,0
9.279639819909955,0.9989560840920839,1,1,0
9.28464232116058,0.9715379871514568,1,1,0
9.289644822411205,0.9965506901883815,1,1,0
9.294647323661831,0.9927679927138818,1,1,0
9.299649824912455,0.9969174838008418,1,1,0
9.304652326163081,1.0203390947932245,1,1,0
9.309654827413707,1.011183694354768,1,1,0
9.314657328664332,1.025593265451889,1,1,0
9.319659829914958,1.0298095143821946,1,1,0
9.324662331165582,0.9905956428349526,1,1,0
9.329664832416208,1.0077965546080827,1,1,0
9.334667333666832,0.9832931538205993,1,1,0
9.339669834917459,0.9815220769771642,1,1,0
9.344672336168085,1.0040046291988942,1,1,0
9.349674837418709,0.9913769788757799,1,1,0
9.354677338669335,0.9836007738766318,1,1,0
9.35967983991996,1.033789061376678,1,1,0
9.364682341170585,1.0277913431569412,1,1,0
9.36968484242121,1.0180485353299278,1,1,0
9.374687343671836,0.9666265005918547,1,1,0
9.379689844922462,0.9624396861954059,1,1,0
9.384692346173086,0.9799860304736316,1,1,0
9.389694847423712,0.9767292114583856,1,1,0
9.394697348674336,1.0023187630865773,1,1,0
9.399699849924962,1.0156225566406727,1,1,0
9.404702351175587,0.9993537032876454,1,1,0
9.409704852426213,1.0205664992052237,1,1,0
9.414707353676839,1.028415742128641,1,1,0
9.419709854927463,0.9620218322579889,1,1,0
9.42471235617809,0.9977951106721127,1,1,0
9.429714857428714,0.9878880590968315,1,1,0
9.43471735867934,1.0319344428594626,1,1,0
9.439719859929964,0.9717577092679114,1,1,0
9.44472236118059,1.039303993910745,1,1,0
9.449724862431216,1.008135937979289,1,1,0
9.45472736368184,1.0244703194509555,1,1,0
9.459729864932466,0.9992016500106115,1,1,0
9.46473236618309,0.9901796630709232,1,1,0
9.469734867433717,0.9740649783264786,1,1,0
9.474737368684341,1.0084652797949747,1,1,0
9.479739869934967,0.9905612135243331,1,1,0
9.484742371185593,0.9825685456013468,1,1,0
9.489744872436217,1.01396072055411,1,1,0
9.494747373686844,1.0031489480823579,1,1,0
9.499749874937468,0.9911268718542214,1,1,0
9.504752376188094,1.0380020112770292,1,1,0
9.50975487743872,0.9674474404483342,1,1,0
9.514757378689344,0.9688535869845132,1,1,0
9.51975987993997,1.001373013167093,1,1,0
9.524762381190595,0.9730735571998288,1,1,0
9.52976488244122,0.9658824291307609,1,1,0
9.534767383691845,1.0061342178122636,1,1,0
9.539769884942471,1.0303198021032252,1,1,0
9.544772386193097,0.983815760308323,1,1,0
9.549774887443721,0.9619927350603975,1,1,0
9.554777388694347,0.9990030326365408,1,1,0
9.559779889944972,1.0348897984371463,1,1,0
9.564782391195598,1.0380966436445542,1,1,0
9.569784892446222,0.9860585796194785,1,1,0
9.574787393696848,0.9882219526638181,1,1,0
9.579789894947474,0.9806296318496573,1,1,0
9.584792396198099,0.9723638485542314,1,1,0
9.589794897448725,1.0129304227557523,1,1,0
9.594797398699349,1.011273839478769,1,1,0
9.599799899949975,1.0001849278652146,1,1,0
9.6048024012006,0.9703775526089975,1,1,0
9.609804902451225,0.994421575251378,1,1,0
9.614807403701851,1.0088275891023861,1,1,0
9.619809904952476,0.989366380465632,1,1,0
9.624812406203102,0.9640855913386787,1,1,0
9.629814907453726,0.9721660710448261,1,1,0
9.634817408704352,1.0324038238596016,1,1,0
9.639819909954976,1.0257980347048796,1,1,0
9.644822411205602,0.97802126214723,1,1,0
9.649824912456229,1.0132934032699101,1,1,0
9.654827413706853,0.9887514974115775,1,1,0
9.659829914957479,1.0220504416422775,1,1,0
9.664832416208103,0.9916104379588148,1,1,0
9.66983491745873,0.9780910674909332,1,1,0
9.674837418709354,0.9911255234816199,1,1,0
9.67983991995998,0.9976658843264025,1,1,0
9.684842421210606,0.9790533358690402,1,1,0
9.68984492246123,1.0122340140303125,1,1,0
9.694847423711856,1.0066770026857275,1,1,0
9.69984992496248,1.0151126983494043,1,1,0
9.704852426213106,0.9720190254729791,1,1,0
9.709854927463732,1.0212304437631763,1,1,0
9.714857428714357,1.029726319211657,1,1,0
9.719859929964983,0.9767771118905844,1,1,0
9.724862431215607,1.0163235889224445,1,1,0
9.729864932466233,1.0174234072793458,1,1,0
9.734867433716857,1.0250030172353266,1,1,0
9.739869934967484,1.0380409530347294,1,1,0
9.74487243621811,1.012004864740013,1,1,0
9.749874937468734,0.9677778647544337,1,1,0
9.75487743871936,1.0115460935377585,1,1,0
9.759879939969984,1.0303792546933594,1,1,0
9.76488244122061,0.9677489917171581,1,1,0
9.769884942471235,1.0007558077852394,1,1,0
9.77488744372186,1.0318867420433482,1,1,0
9.779889944972487,1.0143995773129066,1,1,0
9.784892446223111,1.0363846786504514,1,1,0
9.789894947473737,1.0031661737449598,1,1,0
9.794897448724361,0.9697945596085881,1,1,0
9.799899949974987,0.995377413629425,1,1,0
9.804902451225612,0.9874270747341448,1,1,0
9.809904952476238,0.9721097153595183,1,1,0
9.814907453726864,1.0126826764898726,1,1,0
9.819909954977488,1.019814573240319,1,1,0
9.824912456228114,1.0195649344288396,1,1,0
9.829914957478739,1.000842833916487,1,1,0
9.834917458729365,1.0145366433093712,1,1,0
9.839919959979989,1.0247068233494987,1,1,0
9.844922461230615,1.0124120366317049,1,1,0
9.849924962481241,1.034370547578621,1,1,0
9.854927463731865,0.9801396964982612,1,1,0
9.859929964982491,0.9932657466453692,1,1,0
9.864932466233116,1.0338903954028302,1,1,0
9.869934967483742,0.9991704586793474,1,1,0
9.874937468734366,0.9890613546072199,1,1,0
9.879939969984992,0.9934852125821559,1,1,0
9.884942471235618,0.9617869305945922,1,1,0
9.889944972486242,1.0197743406770805,1,1,0
9.894947473736869,1.025725148647587,1,1,0
9.899949974987493,0.9652164200906476,1,1,0
9.904952476238119,1.0237867493874502,1,1,0
9.909954977488743,1.00365213643541,1,1,0
9.91495747873937,1.0113844642139311,1,1,0
9.919959979989995,0.9605298075468927,1,1,0
9.92496248124062,0.9916620767743034,1,1,0
9.929964982491246,1.0103721239470858,1,1,0
9.93496748374187,0.988181171342645,1,1,0
9.939969984992496,0.9878119905306895,1,1,0
9.944972486243122,1.0010997898834115,1,1,0
9.949974987493746,1.0207299620451606,1,1,0
9.954977488744372,1.0227987285145983,1,1,0
9.959979989994997,0.9735317750240365,1,1,0
9.964982491245623,1.004513090529541,1,1,0
9.969984992496247,1.0216239383162733,1,1,0
9.974987493746873,0.9639027992187487,1,1,0
9.9799899949975,0.9602456788949372,1,1,0
9.984992496248124,1.0029025862523173,1,1,0
9.98999499749875,1.0001405688342928,1,1,0
9.994997498749374,0.9974356637180852,1,1,0
10.0,0.9637511711317717,1,1,0
