x,Linear Value,slope,intercept
0.0,0.0,1,0
0.0050025012506253125,0.005179789120709885,1,0
0.010005002501250625,0.009932428202023327,1,0
0.015007503751875938,0.015041157511223714,1,0
0.02001000500250125,0.01924502894231668,1,0
0.02501250625312656,0.025305663725632466,1,0
0.030015007503751877,0.02950627556519446,1,0
0.03501750875437719,0.0360651332648338,1,0
0.0400200100050025,0.040303928418805736,1,0
0.04502251125562781,0.04436364327068722,1,0
0.05002501250625312,0.05108928905255478,1,0
0.055027513756878435,0.053130720928025385,1,0
0.060030015007503754,0.05860667632697517,1,0
0.06503251625812906,0.06692379931627064,1,0
0.07003501750875438,0.07087166393086984,1,0
0.07503751875937968,0.0756474872605929,1,0
0.080040020010005,0.08072995044867305,1,0
0.08504252126063032,0.085755172168353,1,0
0.09004502251125562,0.08758080723954,1,0
0.09504752376188094,0.09554629573329605,1,0
0.10005002501250625,0.10203162036829029,1,0
0.10505252626313157,0.10493426374802556,1,0
0.11005502751375687,0.11200253109697986,1,0
0.11505752876438219,0.11589089520724377,1,0
0.12006003001500751,0.11730262354221978,1,0
0.12506253126563283,0.12833482151683925,1,0
0.13006503251625812,0.12994807367278272,1,0
0.13506753376688344,0.13917443048421346,1,0
0.14007003501750875,0.14053743568185975,1,0
0.14507253626813407,0.1402465097263779,1,0
0.15007503751875936,0.15435281156338138,1,0
0.15507753876938468,0.1569574733840573,1,0
0.16008004002001,0.16533853381320243,1,0
0.16508254127063532,0.16184567545765974,1,0
0.17008504252126064,0.17236648181234143,1,0
0.17508754377188593,0.17041727480414215,1,0
0.18009004502251125,0.17811240424119162,1,0
0.18509254627313657,0.1868781176865321,1,0
0.19009504752376188,0.19535929688501993,1,0
0.19509754877438718,0.19763132060948937,1,0
0.2001000500250125,0.20471052306651252,1,0
0.2051025512756378,0.20054840573518523,1,0
0.21010505252626313,0.21220596902290115,1,0
0.21510755377688845,0.21461781307626465,1,0
0.22011005502751374,0.21789330978361543,1,0
0.22511255627813906,0.23407811509555246,1,0
0.23011505752876438,0.22483551063917964,1,0
0.2351175587793897,0.2354366621187323,1,0
0.24012006003001501,0.23602594595550871,1,0
0.2451225612806403,0.23713314429645466,1,0
0.25012506253126565,0.2583881871324051,1,0
0.25512756378189094,0.264314751104645,1,0
0.26013006503251623,0.25331602064742215,1,0
0.2651325662831416,0.27427683292726324,1,0
0.27013506753376687,0.28056012566252897,1,0
0.27513756878439216,0.28024523526900885,1,0
0.2801400700350175,0.2905182951497564,1,0
0.2851425712856428,0.29098494270223535,1,0
0.29014507253626814,0.28989495978389457,1,0
0.29514757378689344,0.3053956145147431,1,0
0.3001500750375187,0.2910338857527998,1,0
0.3051525762881441,0.3154017773440427,1,0
0.31015507753876936,0.3052271736640299,1,0
0.3151575787893947,0.3040220187477447,1,0
0.32016008004002,0.32866125289844134,1,0
0.3251625812906453,0.3259875073722447,1,0
0.33016508254127064,0.3218640952014189,1,0
0.33516758379189593,0.33696911232278437,1,0
0.3401700850425213,0.33730159023026013,1,0
0.34517258629314657,0.354672132481853,1,0
0.35017508754377186,0.35905649157413927,1,0
0.3551775887943972,0.3497434089600952,1,0
0.3601800900450225,0.36607338555224866,1,0
0.36518259129564784,0.35439626643852873,1,0
0.37018509254627313,0.36113853656085,1,0
0.3751875937968984,0.381894319680653,1,0
0.38019009504752377,0.39214821157601865,1,0
0.38519259629814906,0.3757300648885378,1,0
0.39019509754877435,0.37605643252718335,1,0
0.3951975987993997,0.40682602989127414,1,0
0.400200100050025,0.3966216020899881,1,0
0.40520260130065033,0.4202375095026117,1,0
0.4102051025512756,0.39471710648450875,1,0
0.4152076038019009,0.42771051666067367,1,0
0.42021010505252626,0.4068184942599048,1,0
0.42521260630315155,0.4283668313042802,1,0
0.4302151075537769,0.42799324299939256,1,0
0.4352176088044022,0.437733445941761,1,0
0.4402201100550275,0.44643624744696175,1,0
0.4452226113056528,0.45372514077473997,1,0
0.4502251125562781,0.4550201359873946,1,0
0.45522761380690346,0.4629907152460124,1,0
0.46023011505752875,0.4624974632334537,1,0
0.46523261630815405,0.475616198302933,1,0
0.4702351175587794,0.4541202309503056,1,0
0.4752376188094047,0.4600823458912333,1,0
0.48024012006003003,0.4862416698372051,1,0
0.4852426213106553,0.4707704925236129,1,0
0.4902451225612806,0.4993380556995089,1,0
0.49524762381190596,0.47988440931979354,1,0
0.5002501250625313,0.4912166462971062,1,0
0.5052526263131566,0.5114097277216608,1,0
0.5102551275637819,0.5269163640019929,1,0
0.5152576288144072,0.5192962977389254,1,0
0.5202601300650325,0.5269467800790423,1,0
0.5252626313156579,0.5087432100559597,1,0
0.5302651325662832,0.546099633136573,1,0
0.5352676338169085,0.5445027002086592,1,0
0.5402701350675337,0.5248671463910721,1,0
0.545272636318159,0.5255119709191797,1,0
0.5502751375687843,0.5418942488797818,1,0
0.5552776388194097,0.5736340854725764,1,0
0.560280140070035,0.5693453841993342,1,0
0.5652826413206603,0.5829004534314886,1,0
0.5702851425712856,0.5730909152377076,1,0
0.5752876438219109,0.5936923228196842,1,0
0.5802901450725363,0.5833719861739065,1,0
0.5852926463231616,0.6056681231400758,1,0
0.5902951475737869,0.5728803876265592,1,0
0.5952976488244122,0.5717770558595715,1,0
0.6003001500750375,0.6185017077122018,1,0
0.6053026513256629,0.6062106245462693,1,0
0.6103051525762881,0.6133823988851398,1,0
0.6153076538269134,0.6345731562842922,1,0
0.6203101550775387,0.6028139592899593,1,0
0.625312656328164,0.6182067500790398,1,0
0.6303151575787894,0.6298680089067711,1,0
0.6353176588294147,0.6535676881155918,1,0
0.64032016008004,0.6426015557662579,1,0
0.6453226613306653,0.6479463620996916,1,0
0.6503251625812906,0.6610422525349379,1,0
0.655327663831916,0.6567106309553252,1,0
0.6603301650825413,0.6463711309089394,1,0
0.6653326663331666,0.6885441748712271,1,0
0.6703351675837919,0.6788325147778143,1,0
0.6753376688344171,0.6709333277459768,1,0
0.6803401700850426,0.6958356931116226,1,0
0.6853426713356678,0.6911913708675532,1,0
0.6903451725862931,0.6695510780998066,1,0
0.6953476738369184,0.7194333452364546,1,0
0.7003501750875437,0.6853654212150809,1,0
0.7053526763381691,0.7160730400422827,1,0
0.7103551775887944,0.6984578769530367,1,0
0.7153576788394197,0.6956512254476688,1,0
0.720360180090045,0.7139801198221933,1,0
0.7253626813406703,0.7095081266288459,1,0
0.7303651825912957,0.7584250098949498,1,0
0.735367683841921,0.7094910529821286,1,0
0.7403701850925463,0.7303069660621907,1,0
0.7453726863431716,0.7375197209775278,1,0
0.7503751875937968,0.7597157678739317,1,0
0.7553776888444221,0.7398655131151951,1,0
0.7603801900950475,0.7899163559434869,1,0
0.7653826913456728,0.780660182739558,1,0
0.7703851925962981,0.7517960918015754,1,0
0.7753876938469234,0.7867973558891951,1,0
0.7803901950975487,0.7680189021396243,1,0
0.7853926963481741,0.7902885648361031,1,0
0.7903951975987994,0.8080282174817653,1,0
0.7953976988494247,0.8060483763281281,1,0
0.80040020010005,0.8044813406684523,1,0
0.8054027013506753,0.7755765846137567,1,0
0.8104052026013007,0.7876356782485598,1,0
0.815407703851926,0.832512626138393,1,0
0.8204102051025512,0.799692238668833,1,0
0.8254127063531765,0.8366271414448618,1,0
0.8304152076038018,0.8269543103213273,1,0
0.8354177088544272,0.8260574754806178,1,0
0.8404202101050525,0.8686874010204254,1,0
0.8454227113556778,0.8660589965161338,1,0
0.8504252126063031,0.875931562140741,1,0
0.8554277138569284,0.8499970511864648,1,0
0.8604302151075538,0.8863013214936922,1,0
0.8654327163581791,0.8984501174514733,1,0
0.8704352176088044,0.8664681723585433,1,0
0.8754377188594297,0.8650238517158206,1,0
0.880440220110055,0.9084204509419852,1,0
0.8854427213606804,0.8500357451940846,1,0
0.8904452226113057,0.9077296668416797,1,0
0.8954477238619309,0.8980646330924811,1,0
0.9004502251125562,0.9197557440808057,1,0
0.9054527263631815,0.8934211339296413,1,0
0.9104552276138069,0.8812315361287422,1,0
0.9154577288644322,0.8947008940406411,1,0
0.9204602301150575,0.8867049191039358,1,0
0.9254627313656828,0.9360766215523457,1,0
0.9304652326163081,0.9217754280465348,1,0
0.9354677338669335,0.9642274500253377,1,0
0.9404702351175588,0.9137798173111823,1,0
0.9454727363681841,0.9580324029006169,1,0
0.9504752376188094,0.9851699569664073,1,0
0.9554777388694347,0.9785421438045966,1,0
0.9604802401200601,0.9780006222216546,1,0
0.9654827413706853,0.9275484984481669,1,0
0.9704852426213106,0.9831410510430986,1,0
0.9754877438719359,0.998707076874039,1,0
0.9804902451225612,0.9490235020226525,1,0
0.9854927463731865,0.990151075040474,1,0
0.9904952476238119,0.9820974588409859,1,0
0.9954977488744372,0.9921255537276524,1,0
1.0005002501250626,1.0297442908971521,1,0
1.0055027513756878,0.997273715860093,1,0
1.0105052526263132,0.9839592967398046,1,0
1.0155077538769384,1.0210612031825288,1,0
1.0205102551275638,1.000355450302782,1,0
1.0255127563781892,1.039623769056459,1,0
1.0305152576288144,1.0279169518657674,1,0
1.0355177588794398,1.054817505404554,1,0
1.040520260130065,1.0526370994717973,1,0
1.0455227613806903,1.0651925166256622,1,0
1.0505252626313157,1.0166453998757856,1,0
1.055527763881941,1.081440643772547,1,0
1.0605302651325663,1.0304606222610069,1,0
1.0655327663831915,1.0909585235789943,1,0
1.070535267633817,1.0676624928293297,1,0
1.075537768884442,1.1165771939791163,1,0
1.0805402701350675,1.055833634030325,1,0
1.0855427713856929,1.0785840867047807,1,0
1.090545272636318,1.0853405355872443,1,0
1.0955477738869435,1.1154216007721398,1,0
1.1005502751375686,1.0752307806581811,1,0
1.105552776388194,1.1288472343308658,1,0
1.1105552776388194,1.120504758638797,1,0
1.1155577788894446,1.132832953190919,1,0
1.12056028014007,1.1652898776213514,1,0
1.1255627813906952,1.1155117191396742,1,0
1.1305652826413206,1.172169318900129,1,0
1.135567783891946,1.1055954395635044,1,0
1.1405702851425712,1.1249049501980566,1,0
1.1455727863931966,1.178762288599304,1,0
1.1505752876438218,1.1543333746909146,1,0
1.1555777888944472,1.201699808114881,1,0
1.1605802901450726,1.1828653781851268,1,0
1.1655827913956978,1.1924561573799373,1,0
1.1705852926463232,1.1472069297303722,1,0
1.1755877938969483,1.1335105780488084,1,0
1.1805902951475737,1.2266657861368295,1,0
1.1855927963981991,1.2303365711174385,1,0
1.1905952976488243,1.1993970133748362,1,0
1.1955977988994497,1.2230785652862841,1,0
1.200600300150075,1.174460960617978,1,0
1.2056028014007003,1.161382664137823,1,0
1.2106053026513257,1.184363174038557,1,0
1.215607803901951,1.2239501294730224,1,0
1.2206103051525763,1.2073342932945772,1,0
1.2256128064032015,1.1877455603212634,1,0
1.2306153076538269,1.1884479519696065,1,0
1.2356178089044523,1.1965714505914087,1,0
1.2406203101550775,1.219872459516094,1,0
1.2456228114057029,1.2665575873368826,1,0
1.250625312656328,1.225952614378364,1,0
1.2556278139069534,1.2263934792957516,1,0
1.2606303151575788,1.3051231787955275,1,0
1.265632816408204,1.3075783147454674,1,0
1.2706353176588294,1.2502411096066133,1,0
1.2756378189094546,1.2721170222083165,1,0
1.28064032016008,1.2713149762187599,1,0
1.2856428214107054,1.3246444322422617,1,0
1.2906453226613306,1.258652939015898,1,0
1.295647823911956,1.2454985647590016,1,0
1.3006503251625812,1.3300949064816976,1,0
1.3056528264132066,1.3274662081338804,1,0
1.310655327663832,1.3267319013363998,1,0
1.3156578289144572,1.2788558991547991,1,0
1.3206603301650826,1.3271801359018351,1,0
1.3256628314157077,1.3171962666837442,1,0
1.3306653326663331,1.3136439374910538,1,0
1.3356678339169585,1.3543019473797322,1,0
1.3406703351675837,1.355902393636081,1,0
1.3456728364182091,1.3136831811775413,1,0
1.3506753376688343,1.3309289420531176,1,0
1.3556778389194597,1.3743622725284117,1,0
1.360680340170085,1.3911359941778758,1,0
1.3656828414207103,1.3954537557115532,1,0
1.3706853426713357,1.400026714403489,1,0
1.3756878439219609,1.3574363142105277,1,0
1.3806903451725863,1.4110602054482198,1,0
1.3856928464232117,1.427763812664546,1,0
1.3906953476738368,1.3784781679894433,1,0
1.3956978489244622,1.3773967058207546,1,0
1.4007003501750874,1.436900689391583,1,0
1.4057028514257128,1.3878161645157492,1,0
1.4107053526763382,1.4108958833506446,1,0
1.4157078539269634,1.427315160848373,1,0
1.4207103551775888,1.4473866891421818,1,0
1.425712856428214,1.3868775977752068,1,0
1.4307153576788394,1.4465432050734905,1,0
1.4357178589294648,1.4096207261005087,1,0
1.44072036018009,1.4681243015935073,1,0
1.4457228614307154,1.4463995291181388,1,0
1.4507253626813406,1.491515412901498,1,0
1.455727863931966,1.442073501987883,1,0
1.4607303651825914,1.4553892047108363,1,0
1.4657328664332165,1.4951805970642753,1,0
1.470735367683842,1.5048925165170277,1,0
1.4757378689344671,1.4592656439040688,1,0
1.4807403701850925,1.4330941344433488,1,0
1.485742871435718,1.479790583635517,1,0
1.490745372686343,1.5317638893866434,1,0
1.4957478739369685,1.5511723210550457,1,0
1.5007503751875937,1.5214145184989536,1,0
1.505752876438219,1.454162885026186,1,0
1.5107553776888443,1.519132017655809,1,0
1.5157578789394697,1.5627742145131107,1,0
1.520760380190095,1.4685054006913594,1,0
1.5257628814407203,1.5455754453743604,1,0
1.5307653826913457,1.589254096398757,1,0
1.5357678839419708,1.5414469690809964,1,0
1.5407703851925962,1.518072214542662,1,0
1.5457728864432216,1.5688179464754524,1,0
1.5507753876938468,1.5527433014313214,1,0
1.5557778889444722,1.5450411008852099,1,0
1.5607803901950974,1.575605509167832,1,0
1.5657828914457228,1.6283904574685473,1,0
1.5707853926963482,1.6028528277843708,1,0
1.5757878939469734,1.5201011274109424,1,0
1.5807903951975988,1.5658150937744466,1,0
1.585792896448224,1.5920679904041355,1,0
1.5907953976988494,1.638988053917664,1,0
1.5957978989494748,1.5951766673937053,1,0
1.6008004002001,1.6368136781208849,1,0
1.6058029014507254,1.580416197876284,1,0
1.6108054027013505,1.6148242030095608,1,0
1.615807903951976,1.6083923106173965,1,0
1.6208104052026013,1.6026762060879571,1,0
1.6258129064532265,1.6340427645037372,1,0
1.630815407703852,1.6960219312009164,1,0
1.635817908954477,1.643834243835242,1,0
1.6408204102051025,1.6784109114059746,1,0
1.645822911455728,1.677598393612991,1,0
1.650825412706353,1.6581106893646864,1,0
1.6558279139569785,1.6846360558991005,1,0
1.6608304152076037,1.6134921993387552,1,0
1.665832916458229,1.6477877283638336,1,0
1.6708354177088545,1.7248033237122116,1,0
1.6758379189594796,1.6501269277240602,1,0
1.680840420210105,1.6841829336055465,1,0
1.6858429214607302,1.7318836751987268,1,0
1.6908454227113556,1.6670784562310177,1,0
1.695847923961981,1.6394332943370786,1,0
1.7008504252126062,1.7554506461151864,1,0
1.7058529264632316,1.735652834602602,1,0
1.7108554277138568,1.6683859066448745,1,0
1.7158579289644822,1.7205476617020141,1,0
1.7208604302151076,1.6611431779090504,1,0
1.7258629314657328,1.7057208255966674,1,0
1.7308654327163582,1.7327829777588142,1,0
1.7358679339669834,1.732091289611968,1,0
1.7408704352176088,1.685198627949053,1,0
1.7458729364682342,1.7888202847706085,1,0
1.7508754377188593,1.6919665603285068,1,0
1.7558779389694847,1.82436359325059,1,0
1.76088044022011,1.744103801611611,1,0
1.7658829414707353,1.7119872915594199,1,0
1.7708854427213607,1.77229520583417,1,0
1.775887943971986,1.7682266999340726,1,0
1.7808904452226113,1.7361048131364052,1,0
1.7858929464732365,1.7767761909219355,1,0
1.7908954477238619,1.8110268812143249,1,0
1.7958979489744873,1.7723039381176746,1,0
1.8009004502251125,1.7939641894087919,1,0
1.8059029514757379,1.7558656425174632,1,0
1.810905452726363,1.8044833417677872,1,0
1.8159079539769885,1.7754353449603095,1,0
1.8209104552276139,1.8833362236922355,1,0
1.825912956478239,1.8442467150982749,1,0
1.8309154577288644,1.8411362862798164,1,0
1.8359179589794896,1.8088920355178921,1,0
1.840920460230115,1.785791780679092,1,0
1.8459229614807404,1.7815979142524498,1,0
1.8509254627313656,1.8840824974334203,1,0
1.855927963981991,1.9011132161366122,1,0
1.8609304652326162,1.7946740389431932,1,0
1.8659329664832416,1.8847044288002688,1,0
1.870935467733867,1.9325747461265808,1,0
1.8759379689844922,1.922483933708418,1,0
1.8809404702351176,1.8920567111043696,1,0
1.8859429714857427,1.9585368101575915,1,0
1.8909454727363681,1.8841464869415792,1,0
1.8959479739869936,1.8417009271659217,1,0
1.9009504752376187,1.9680693754546954,1,0
1.9059529764882441,1.9088497770669746,1,0
1.9109554777388693,1.9049487904207432,1,0
1.9159579789894947,1.8954962403542088,1,0
1.9209604802401201,1.939158188643721,1,0
1.9259629814907453,1.9064359692470059,1,0
1.9309654827413707,2.000788323696094,1,0
1.9359679839919959,1.9168107887820671,1,0
1.9409704852426213,1.9556025143440507,1,0
1.9459729864932465,1.9712395758572379,1,0
1.9509754877438719,1.9800664901604415,1,0
1.9559779889944973,2.000593787025381,1,0
1.9609804902451224,1.951194439380624,1,0
1.9659829914957478,1.9816256151401281,1,0
1.970985492746373,1.964080080867111,1,0
1.9759879939969984,1.9574835195294864,1,0
1.9809904952476238,2.0545161146887723,1,0
1.985992996498249,1.9884694804955534,1,0
1.9909954977488744,2.0493685751000346,1,0
1.9959979989994996,1.953118158352898,1,0
2.001000500250125,1.9599112909104022,1,0
2.0060030015007504,1.9971552710731884,1,0
2.0110055027513756,2.028570875445345,1,0
2.0160080040020008,2.0382226358096944,1,0
2.0210105052526264,1.9453269424995527,1,0
2.0260130065032516,2.0232715800790992,1,0
2.0310155077538767,2.0708780329954997,1,0
2.0360180090045024,2.062701643806024,1,0
2.0410205102551275,2.0655997626281772,1,0
2.0460230115057527,2.0391192113583387,1,0
2.0510255127563783,2.051907109824107,1,0
2.0560280140070035,2.127861322760817,1,0
2.0610305152576287,2.069841997577738,1,0
2.066033016508254,1.9929497332211383,1,0
2.0710355177588795,2.0086531374870398,1,0
2.0760380190095047,2.007468790340252,1,0
2.08104052026013,2.1066032742064897,1,0
2.0860430215107555,2.103874429995143,1,0
2.0910455227613807,2.0089130124092796,1,0
2.096048024012006,2.039309830981091,1,0
2.1010505252626315,2.178796058025762,1,0
2.1060530265132567,2.1856870830429846,1,0
2.111055527763882,2.1627837987149983,1,0
2.116058029014507,2.0707974106664144,1,0
2.1210605302651326,2.0845630223305234,1,0
2.126063031515758,2.1649250419054265,1,0
2.131065532766383,2.147715227773095,1,0
2.1360680340170086,2.1166211258053744,1,0
2.141070535267634,2.14098190373019,1,0
2.146073036518259,2.19249320029865,1,0
2.151075537768884,2.131032017908287,1,0
2.15607803901951,2.227857848429899,1,0
2.161080540270135,2.2368494988109475,1,0
2.16608304152076,2.246569391434999,1,0
2.1710855427713858,2.2568603060465153,1,0
2.176088044022011,2.2186934068152717,1,0
2.181090545272636,2.1819035710180867,1,0
2.1860930465232618,2.258819831743926,1,0
2.191095547773887,2.250904175740805,1,0
2.196098049024512,2.2665491239511573,1,0
2.2011005502751373,2.2436599677073197,1,0
2.206103051525763,2.180629776994107,1,0
2.211105552776388,2.246743103226699,1,0
2.2161080540270133,2.2047759912127107,1,0
2.221110555277639,2.144989484653236,1,0
2.226113056528264,2.2747802558902745,1,0
2.2311155577788893,2.1427661864120306,1,0
2.236118059029515,2.186832397093683,1,0
2.24112056028014,2.2266623624269344,1,0
2.2461230615307652,2.328258215082886,1,0
2.2511255627813904,2.3358268663419084,1,0
2.256128064032016,2.281183071829541,1,0
2.2611305652826412,2.226606514637928,1,0
2.2661330665332664,2.2407726225479188,1,0
2.271135567783892,2.289788301426864,1,0
2.276138069034517,2.2961621519647726,1,0
2.2811405702851424,2.294841886805474,1,0
2.286143071535768,2.233819217937397,1,0
2.291145572786393,2.3524122798200953,1,0
2.2961480740370184,2.357313408687315,1,0
2.3011505752876436,2.315544912853871,1,0
2.306153076538269,2.2748901583079753,1,0
2.3111555777888944,2.3400501402952365,1,0
2.3161580790395195,2.2957876937135513,1,0
2.321160580290145,2.2916716301197506,1,0
2.3261630815407703,2.2581700340013207,1,0
2.3311655827913955,2.3233822106462863,1,0
2.336168084042021,2.2866655314353914,1,0
2.3411705852926463,2.3569231406100375,1,0
2.3461730865432715,2.281239335961248,1,0
2.3511755877938967,2.3470200948188404,1,0
2.3561780890445223,2.428827230940774,1,0
2.3611805902951475,2.3772689223198724,1,0
2.3661830915457727,2.356222038401527,1,0
2.3711855927963983,2.4187803577745934,1,0
2.3761880940470235,2.2861036332237887,1,0
2.3811905952976486,2.35408671048108,1,0
2.3861930965482743,2.4223136543018287,1,0
2.3911955977988995,2.4127341479541737,1,0
2.3961980990495246,2.3346911782900217,1,0
2.40120060030015,2.4754051030087596,1,0
2.4062031015507754,2.4298837355562872,1,0
2.4112056028014006,2.3728757013157207,1,0
2.416208104052026,2.471675660969754,1,0
2.4212106053026514,2.426447934025685,1,0
2.4262131065532766,2.3768126796684226,1,0
2.431215607803902,2.523866480303379,1,0
2.4362181090545274,2.502388343105724,1,0
2.4412206103051526,2.480611156885095,1,0
2.4462231115557778,2.5052916216378556,1,0
2.451225612806403,2.3849429622151352,1,0
2.4562281140570286,2.4438481170923505,1,0
2.4612306153076537,2.458068256444974,1,0
2.466233116558279,2.5291531327473797,1,0
2.4712356178089045,2.397273810808138,1,0
2.4762381190595297,2.3979857298862375,1,0
2.481240620310155,2.5004036540819725,1,0
2.4862431215607805,2.576777661842763,1,0
2.4912456228114057,2.4182958217432104,1,0
2.496248124062031,2.5518525598434434,1,0
2.501250625312656,2.5227168639482054,1,0
2.5062531265632817,2.4550510052775136,1,0
2.511255627813907,2.5253377791984657,1,0
2.516258129064532,2.499967084634908,1,0
2.5212606303151577,2.5250688379219324,1,0
2.526263131565783,2.566622395000665,1,0
2.531265632816408,2.5566439882189513,1,0
2.5362681340670337,2.46951797347666,1,0
2.541270635317659,2.6231201973155134,1,0
2.546273136568284,2.589097760297791,1,0
2.551275637818909,2.512578918325502,1,0
2.556278139069535,2.4694093642438633,1,0
2.56128064032016,2.4791849737631306,1,0
2.566283141570785,2.5759918078592774,1,0
2.571285642821411,2.5168669610562477,1,0
2.576288144072036,2.597820064610073,1,0
2.581290645322661,2.5355145677979816,1,0
2.5862931465732864,2.500833876231013,1,0
2.591295647823912,2.6351370172739776,1,0
2.596298149074537,2.6930612102290503,1,0
2.6013006503251623,2.7050416908251105,1,0
2.606303151575788,2.558759192956892,1,0
2.611305652826413,2.697103331457657,1,0
2.6163081540770383,2.5913294401378537,1,0
2.621310655327664,2.5858566555286218,1,0
2.626313156578289,2.546598993990785,1,0
2.6313156578289143,2.6257514991160207,1,0
2.6363181590795395,2.5957511068667496,1,0
2.641320660330165,2.7018070964830225,1,0
2.6463231615807903,2.6173153966005724,1,0
2.6513256628314155,2.5882709285344756,1,0
2.656328164082041,2.7157106404278677,1,0
2.6613306653326663,2.7377787104760216,1,0
2.6663331665832914,2.6680556125316652,1,0
2.671335667833917,2.6049605365786035,1,0
2.6763381690845423,2.7508461366301704,1,0
2.6813406703351674,2.6845082094297865,1,0
2.6863431715857926,2.758961257339275,1,0
2.6913456728364182,2.708892525700881,1,0
2.6963481740870434,2.668776261906794,1,0
2.7013506753376686,2.6706281981177638,1,0
2.706353176588294,2.7903732243531354,1,0
2.7113556778389194,2.633095170075382,1,0
2.7163581790895446,2.7558101078766093,1,0
2.72136068034017,2.773072197665948,1,0
2.7263631815907954,2.827440473548515,1,0
2.7313656828414206,2.6754232416984958,1,0
2.7363681840920457,2.7914805801759712,1,0
2.7413706853426714,2.6417612745178967,1,0
2.7463731865932965,2.6783770699967824,1,0
2.7513756878439217,2.6728556139965725,1,0
2.7563781890945473,2.8245730844824637,1,0
2.7613806903451725,2.8311277796217396,1,0
2.7663831915957977,2.8629304688193726,1,0
2.7713856928464233,2.8258564716499164,1,0
2.7763881940970485,2.684566569765181,1,0
2.7813906953476737,2.8018041472985593,1,0
2.786393196598299,2.6823898556144083,1,0
2.7913956978489245,2.715360282976797,1,0
2.7963981990995497,2.842096206712238,1,0
2.801400700350175,2.8648041638265327,1,0
2.8064032016008005,2.7118904939125086,1,0
2.8114057028514257,2.8912218107163405,1,0
2.816408204102051,2.8749760025270086,1,0
2.8214107053526765,2.799920181172025,1,0
2.8264132066033016,2.846489363420046,1,0
2.831415707853927,2.790918912058504,1,0
2.836418209104552,2.7715776528721787,1,0
2.8414207103551776,2.898069511030537,1,0
2.846423211605803,2.8523934332430385,1,0
2.851425712856428,2.768472918624472,1,0
2.8564282141070536,2.8578801126034987,1,0
2.861430715357679,2.8529388358397547,1,0
2.866433216608304,2.8796827514691463,1,0
2.8714357178589296,2.806633767278348,1,0
2.8764382191095548,2.9368664473706825,1,0
2.88144072036018,2.9844503903479906,1,0
2.886443221610805,2.9720756462890385,1,0
2.8914457228614308,2.8177874717787175,1,0
2.896448224112056,2.921751169144789,1,0
2.901450725362681,2.8750196121618483,1,0
2.9064532266133067,2.8458713863884713,1,0
2.911455727863932,2.9364604764152693,1,0
2.916458229114557,3.0303238044700227,1,0
2.9214607303651827,2.986935740492138,1,0
2.926463231615808,2.8143102568463987,1,0
2.931465732866433,2.927093880343971,1,0
2.9364682341170583,2.8476502072539027,1,0
2.941470735367684,2.929709908027923,1,0
2.946473236618309,2.9500988506476733,1,0
2.9514757378689342,2.8709800555278076,1,0
2.95647823911956,2.9550726113513077,1,0
2.961480740370185,2.935110671859022,1,0
2.9664832416208102,2.8734660736884066,1,0
2.971485742871436,2.9138110046692356,1,0
2.976488244122061,3.023334811228181,1,0
2.981490745372686,3.03635993447246,1,0
2.9864932466233114,2.9543576729567818,1,0
2.991495747873937,3.073476902970699,1,0
2.996498249124562,2.902668942598638,1,0
3.0015007503751874,3.1100590114511513,1,0
3.006503251625813,3.042597324422187,1,0
3.011505752876438,3.026747204473883,1,0
3.0165082541270634,2.912399055077448,1,0
3.0215107553776885,3.0575609248719875,1,0
3.026513256628314,2.9644475442148943,1,0
3.0315157578789393,3.1371145937155567,1,0
3.0365182591295645,3.054192213450648,1,0
3.04152076038019,3.077129948637374,1,0
3.0465232616308153,3.1044961050651967,1,0
3.0515257628814405,3.1399361311407112,1,0
3.056528264132066,3.0584866585071575,1,0
3.0615307653826913,3.051341886392568,1,0
3.0665332666333165,2.9964778058083845,1,0
3.0715357678839417,3.1092349748977415,1,0
3.0765382691345673,3.1846250619881333,1,0
3.0815407703851925,3.0605860341224873,1,0
3.0865432716358177,3.1293979379650434,1,0
3.0915457728864433,3.1785173253467476,1,0
3.0965482741370685,3.183327558558112,1,0
3.1015507753876936,3.131654399460216,1,0
3.1065532766383193,2.9957440493575738,1,0
3.1115557778889444,3.1152152818474557,1,0
3.1165582791395696,3.0931155458920125,1,0
3.121560780390195,3.1032215756058346,1,0
3.1265632816408204,3.082919101380144,1,0
3.1315657828914456,3.2532934692361333,1,0
3.136568284142071,3.0310347458180993,1,0
3.1415707853926964,3.0167095610564427,1,0
3.1465732866433216,3.2236299451037738,1,0
3.1515757878939468,3.1792380792328876,1,0
3.1565782891445724,3.239917419680747,1,0
3.1615807903951976,3.2184312932175754,1,0
3.1665832916458228,3.1152989769800623,1,0
3.171585792896448,3.072438419703168,1,0
3.1765882941470736,3.149147810385613,1,0
3.1815907953976987,3.240026984403106,1,0
3.186593296648324,3.2323052750061283,1,0
3.1915957978989495,3.1143786069540846,1,0
3.1965982991495747,3.189493285894257,1,0
3.2016008004002,3.222451279054905,1,0
3.2066033016508255,3.2291022960231723,1,0
3.2116058029014507,3.1921127934001605,1,0
3.216608304152076,3.2374212713429507,1,0
3.221610805402701,3.2070106984123217,1,0
3.2266133066533267,3.275328108276865,1,0
3.231615807903952,3.17660479315896,1,0
3.236618309154577,3.2765103359400074,1,0
3.2416208104052027,3.1950256121918676,1,0
3.246623311655828,3.226689247373322,1,0
3.251625812906453,3.34789486744996,1,0
3.2566283141570787,3.2262142126649564,1,0
3.261630815407704,3.315955471528048,1,0
3.266633316658329,3.142077112825746,1,0
3.271635817908954,3.200395741486879,1,0
3.27663831915958,3.2948952675591374,1,0
3.281640820410205,3.2969003566095916,1,0
3.28664332166083,3.3663778873334835,1,0
3.291645822911456,3.4000280791282833,1,0
3.296648324162081,3.340570420821907,1,0
3.301650825412706,3.3061952370394536,1,0
3.306653326663332,3.3002046013721746,1,0
3.311655827913957,3.2444581801083006,1,0
3.316658329164582,3.244661899305112,1,0
3.3216608304152073,3.322685942188876,1,0
3.326663331665833,3.3741178750904184,1,0
3.331665832916458,3.266407222771486,1,0
3.3366683341670833,3.234826573915255,1,0
3.341670835417709,3.38407208101392,1,0
3.346673336668334,3.281858266271827,1,0
3.3516758379189593,3.3966240618944927,1,0
3.356678339169585,3.451231464944353,1,0
3.36168084042021,3.230347473290782,1,0
3.3666833416708353,3.3545355220007838,1,0
3.3716858429214605,3.4383866934404113,1,0
3.376688344172086,3.451696153909135,1,0
3.3816908454227113,3.3616217388032683,1,0
3.3866933466733364,3.3190107625564917,1,0
3.391695847923962,3.3080829818689637,1,0
3.3966983491745872,3.4871079444168873,1,0
3.4017008504252124,3.334109808976376,1,0
3.406703351675838,3.3789379363431165,1,0
3.4117058529264632,3.362858238708943,1,0
3.4167083541770884,3.367429951355671,1,0
3.4217108554277136,3.3672411470110313,1,0
3.426713356678339,3.3528583605359397,1,0
3.4317158579289644,3.566186884278757,1,0
3.4367183591795896,3.4432004660847153,1,0
3.441720860430215,3.3908888034941223,1,0
3.4467233616808404,3.504274502120321,1,0
3.4517258629314655,3.4996116700866615,1,0
3.4567283641820907,3.5936215000768765,1,0
3.4617308654327164,3.3298867790367686,1,0
3.4667333666833415,3.3496670977538203,1,0
3.4717358679339667,3.608025955697187,1,0
3.4767383691845923,3.4829529978547775,1,0
3.4817408704352175,3.4419263125092154,1,0
3.4867433716858427,3.4188727000584516,1,0
3.4917458729364683,3.4181380809728297,1,0
3.4967483741870935,3.6035049276682933,1,0
3.5017508754377187,3.462663600028205,1,0
3.506753376688344,3.4376946306903915,1,0
3.5117558779389695,3.4045697593953355,1,0
3.5167583791895947,3.6214901586726422,1,0
3.52176088044022,3.505715280473281,1,0
3.5267633816908455,3.65394459282523,1,0
3.5317658829414706,3.6058446720682458,1,0
3.536768384192096,3.6428630143274923,1,0
3.5417708854427215,3.682872450879518,1,0
3.5467733866933466,3.6034544040033936,1,0
3.551775887943972,3.657292967984871,1,0
3.556778389194597,3.5744337811389735,1,0
3.5617808904452226,3.4368486331339403,1,0
3.566783391695848,3.652639435984608,1,0
3.571785892946473,3.5140636775807232,1,0
3.5767883941970986,3.5234612358840915,1,0
3.5817908954477238,3.6605381994063877,1,0
3.586793396698349,3.4585816385284858,1,0
3.5917958979489746,3.5634936688184777,1,0
3.5967983991995998,3.638169909589711,1,0
3.601800900450225,3.6615902423138413,1,0
3.60680340170085,3.6892140565705818,1,0
3.6118059029514757,3.582113723086483,1,0
3.616808404202101,3.604263526492213,1,0
3.621810905452726,3.610756083222527,1,0
3.6268134067033517,3.624273403331007,1,0
3.631815907953977,3.5884918382756403,1,0
3.636818409204602,3.5841966687253883,1,0
3.6418209104552277,3.5341540821367134,1,0
3.646823411705853,3.6142739532306045,1,0
3.651825912956478,3.7589286309413663,1,0
3.6568284142071033,3.5416512519011922,1,0
3.661830915457729,3.6411552796868047,1,0
3.666833416708354,3.6654479505708664,1,0
3.6718359179589792,3.7804076173722594,1,0
3.676838419209605,3.6424284454954745,1,0
3.68184092046023,3.7996997218108852,1,0
3.686843421710855,3.6435908952568448,1,0
3.691845922961481,3.6546455690250226,1,0
3.696848424212106,3.8136421394986866,1,0
3.701850925462731,3.583031325309257,1,0
3.7068534267133564,3.66014895604542,1,0
3.711855927963982,3.5690941142698036,1,0
3.716858429214607,3.8315105278036308,1,0
3.7218609304652324,3.83922131839524,1,0
3.726863431715858,3.6222353580635738,1,0
3.731865932966483,3.6260001549397574,1,0
3.7368684342171083,3.6198216646275805,1,0
3.741870935467734,3.77016875141517,1,0
3.746873436718359,3.6898989793082206,1,0
3.7518759379689843,3.896529231093991,1,0
3.7568784392196095,3.7128981002384167,1,0
3.761880940470235,3.6274135989646683,1,0
3.7668834417208603,3.821077287575406,1,0
3.7718859429714855,3.6718515690775715,1,0
3.776888444222111,3.722752114287542,1,0
3.7818909454727363,3.6697676441053,1,0
3.7868934467233615,3.9226157105510193,1,0
3.791895947973987,3.9419717897188598,1,0
3.7968984492246123,3.863355607494418,1,0
3.8019009504752375,3.698244593488204,1,0
3.8069034517258626,3.8909169134850496,1,0
3.8119059529764883,3.70302324719794,1,0
3.8169084542271134,3.709221706976246,1,0
3.8219109554777386,3.7299192828710153,1,0
3.8269134567283642,3.678404410194383,1,0
3.8319159579789894,3.869115910943128,1,0
3.8369184592296146,3.7116159702322062,1,0
3.8419209604802402,3.969737870686614,1,0
3.8469234617308654,3.787429856817516,1,0
3.8519259629814906,3.978257262695734,1,0
3.8569284642321158,3.8163130084713597,1,0
3.8619309654827414,3.9550900149457804,1,0
3.8669334667333666,3.801528297296187,1,0
3.8719359679839918,3.9657946002325297,1,0
3.8769384692346174,3.8710813416081282,1,0
3.8819409704852426,3.847023508309812,1,0
3.8869434717358677,3.968717557429982,1,0
3.891945972986493,3.7675320721704626,1,0
3.8969484742371185,4.039562511937279,1,0
3.9019509754877437,3.9730148378353753,1,0
3.906953476738369,3.9872033096854262,1,0
3.9119559779889945,3.9325572847409536,1,0
3.9169584792396197,3.98145415554331,1,0
3.921960980490245,3.7652112274500844,1,0
3.9269634817408705,3.9854513121455684,1,0
3.9319659829914957,3.8963496378128446,1,0
3.936968484242121,3.8337461108544875,1,0
3.941970985492746,3.9613158110254814,1,0
3.9469734867433717,3.9293211177416936,1,0
3.951975987993997,4.0441371841430405,1,0
3.956978489244622,4.097562404699316,1,0
3.9619809904952477,3.960627717405814,1,0
3.966983491745873,3.8182916850759714,1,0
3.971985992996498,4.022696433570296,1,0
3.9769884942471236,3.952091573591938,1,0
3.981990995497749,4.059244171477593,1,0
3.986993496748374,4.056598931123291,1,0
3.991995997998999,3.9583381024710698,1,0
3.996998499249625,4.125152984044513,1,0
4.00200100050025,4.048395805704136,1,0
4.007003501750876,4.007278572098971,1,0
4.012006003001501,4.074042319897274,1,0
4.017008504252126,4.066823097191642,1,0
4.022011005502751,4.120531057180576,1,0
4.027013506753376,3.893621149580204,1,0
4.0320160080040015,3.9798717588713464,1,0
4.037018509254628,3.9061808841244794,1,0
4.042021010505253,4.042039808756804,1,0
4.047023511755878,4.120723241610585,1,0
4.052026013006503,3.899009867859625,1,0
4.057028514257128,4.204956264001475,1,0
4.0620310155077535,3.9168160437301016,1,0
4.067033516758379,3.9792431661171075,1,0
4.072036018009005,4.031501782229575,1,0
4.07703851925963,4.199331998970528,1,0
4.082041020510255,4.065567072246427,1,0
4.08704352176088,4.031303762735423,1,0
4.092046023011505,4.050481261750762,1,0
4.097048524262131,4.140302670259241,1,0
4.102051025512757,3.999658334422516,1,0
4.107053526763382,3.9757185743066037,1,0
4.112056028014007,4.098453736675451,1,0
4.117058529264632,3.96785399391474,1,0
4.122061030515257,4.182306717965203,1,0
4.127063531765883,4.144270733517192,1,0
4.132066033016508,3.97044672645969,1,0
4.137068534267134,4.286531286583812,1,0
4.142071035517759,4.146913686959091,1,0
4.147073536768384,4.1437852910347,1,0
4.152076038019009,4.256195935082696,1,0
4.1570785392696346,4.026271740904272,1,0
4.16208104052026,4.324271893409767,1,0
4.167083541770885,4.015793027440346,1,0
4.172086043021511,4.293286261905405,1,0
4.177088544272136,4.134279908484257,1,0
4.182091045522761,4.32014480146995,1,0
4.1870935467733865,4.281987961190948,1,0
4.192096048024012,4.119908895934836,1,0
4.197098549274637,4.167715068541679,1,0
4.202101050525263,4.310908063772347,1,0
4.207103551775888,4.301760287517473,1,0
4.212106053026513,4.359271907816079,1,0
4.2171085542771385,4.140931464489466,1,0
4.222111055527764,4.1789626873042245,1,0
4.227113556778389,4.267252654863459,1,0
4.232116058029014,4.398908398587544,1,0
4.23711855927964,4.164428055556082,1,0
4.242121060530265,4.1352809183732315,1,0
4.2471235617808905,4.1716133277336604,1,0
4.252126063031516,4.341411380502385,1,0
4.257128564282141,4.406996858765367,1,0
4.262131065532766,4.303783225248075,1,0
4.267133566783391,4.326045895511651,1,0
4.272136068034017,4.353883897685937,1,0
4.277138569284642,4.247032603590899,1,0
4.282141070535268,4.201221118969624,1,0
4.287143571785893,4.174740563725116,1,0
4.292146073036518,4.3544138054279955,1,0
4.297148574287143,4.24526347551751,1,0
4.302151075537768,4.161555902225433,1,0
4.307153576788394,4.464882876860043,1,0
4.31215607803902,4.238235469710858,1,0
4.317158579289645,4.227031916600054,1,0
4.32216108054027,4.31112100967566,1,0
4.327163581790895,4.236221979415113,1,0
4.33216608304152,4.202088871875525,1,0
4.337168584292146,4.496247718261365,1,0
4.3421710855427715,4.509622382973346,1,0
4.347173586793397,4.351502675787069,1,0
4.352176088044022,4.285259006735857,1,0
4.357178589294647,4.39617580202656,1,0
4.362181090545272,4.453905033673232,1,0
4.367183591795897,4.26493634331061,1,0
4.3721860930465235,4.337590766893841,1,0
4.377188594297149,4.498113003505885,1,0
4.382191095547774,4.321761370744856,1,0
4.387193596798399,4.241022184245839,1,0
4.392196098049024,4.453205298007885,1,0
4.397198599299649,4.553126458732876,1,0
4.402201100550275,4.506164675374341,1,0
4.407203601800901,4.3677038124284895,1,0
4.412206103051526,4.392519363100043,1,0
4.417208604302151,4.424425024636311,1,0
4.422211105552776,4.282567721164401,1,0
4.427213606803401,4.52038538733737,1,0
4.4322161080540265,4.440933159083216,1,0
4.437218609304653,4.512794181429437,1,0
4.442221110555278,4.512195587025142,1,0
4.447223611805903,4.60073140002622,1,0
4.452226113056528,4.329325756156162,1,0
4.457228614307153,4.4403450115012255,1,0
4.4622311155577785,4.334150970239939,1,0
4.467233616808404,4.294570767375308,1,0
4.47223611805903,4.602579934158673,1,0
4.477238619309655,4.309786523865385,1,0
4.48224112056028,4.407768055546046,1,0
4.487243621810905,4.644974070460316,1,0
4.4922461230615305,4.497833706929996,1,0
4.497248624312156,4.530436052835207,1,0
4.502251125562781,4.43341264162516,1,0
4.507253626813407,4.392732012925843,1,0
4.512256128064032,4.4684944352768445,1,0
4.517258629314657,4.64714925310844,1,0
4.5222611305652824,4.42822305546459,1,0
4.527263631815908,4.675485319838325,1,0
4.532266133066533,4.404648159434763,1,0
4.537268634317159,4.547326706343689,1,0
4.542271135567784,4.5303732262470575,1,0
4.547273636818409,4.708361144996765,1,0
4.552276138069034,4.443409688407899,1,0
4.55727863931966,4.4660447339387295,1,0
4.562281140570285,4.617279515678386,1,0
4.56728364182091,4.666395291257818,1,0
4.572286143071536,4.5272338809005435,1,0
4.577288644322161,4.401233207866489,1,0
4.582291145572786,4.74034257642985,1,0
4.587293646823412,4.639048716920488,1,0
4.592296148074037,4.41116617346745,1,0
4.597298649324662,4.554315709999452,1,0
4.602301150575287,4.782722935760085,1,0
4.607303651825913,4.7906269381500115,1,0
4.612306153076538,4.635575186124564,1,0
4.6173086543271635,4.494961901435945,1,0
4.622311155577789,4.63712910010033,1,0
4.627313656828414,4.5934199976432515,1,0
4.632316158079039,4.713040283075698,1,0
4.637318659329665,4.465495234859796,1,0
4.64232116058029,4.495165107212179,1,0
4.6473236618309155,4.467210809002685,1,0
4.652326163081541,4.727738734959514,1,0
4.657328664332166,4.828011749171466,1,0
4.662331165582791,4.8115987000331515,1,0
4.667333666833416,4.612274714082855,1,0
4.672336168084042,4.690985223291126,1,0
4.6773386693346675,4.564294677263972,1,0
4.682341170585293,4.800442908333697,1,0
4.687343671835918,4.706509783488796,1,0
4.692346173086543,4.731434611629903,1,0
4.697348674337168,4.730757130670496,1,0
4.702351175587793,4.551075806954067,1,0
4.707353676838419,4.848518448673586,1,0
4.712356178089045,4.746575355927125,1,0
4.71735867933967,4.578728247373217,1,0
4.722361180590295,4.630209024117409,1,0
4.72736368184092,4.76475892936246,1,0
4.732366183091545,4.8392584616159935,1,0
4.7373686843421705,4.777573718357631,1,0
4.742371185592797,4.764008067457676,1,0
4.747373686843422,4.7010885030728735,1,0
4.752376188094047,4.73439840979525,1,0
4.757378689344672,4.658368960980213,1,0
4.762381190595297,4.820095195414546,1,0
4.7673836918459225,4.754183331702914,1,0
4.7723861930965485,4.811897016664005,1,0
4.777388694347174,4.808360612152597,1,0
4.782391195597799,4.710361804888524,1,0
4.787393696848424,4.968605476173785,1,0
4.792396198099049,4.935362738755025,1,0
4.7973986993496744,4.782535729148414,1,0
4.8024012006003,4.981110414126082,1,0
4.807403701850926,4.8997502048653585,1,0
4.812406203101551,4.724501320958615,1,0
4.817408704352176,4.673441168868787,1,0
4.822411205602801,4.91254722304462,1,0
4.827413706853426,4.748171296982316,1,0
4.832416208104052,4.793118276363074,1,0
4.837418709354677,4.722639786940672,1,0
4.842421210605303,4.716419959970794,1,0
4.847423711855928,4.831712383580629,1,0
4.852426213106553,4.7479467912830176,1,0
4.857428714357178,5.002128283945173,1,0
4.862431215607804,4.711185073052098,1,0
4.867433716858429,4.720148730235099,1,0
4.872436218109055,5.000770055528551,1,0
4.87743871935968,5.056085465631954,1,0
4.882441220610305,4.8730699996494415,1,0
4.88744372186093,4.9833638478874684,1,0
4.8924462231115555,4.927649080168287,1,0
4.897448724362181,4.844079276378467,1,0
4.902451225612806,4.830923690683298,1,0
4.907453726863432,4.862652046289928,1,0
4.912456228114057,4.85600884577734,1,0
4.917458729364682,4.871092892025491,1,0
4.9224612306153075,5.043983069599206,1,0
4.927463731865933,5.0482680915990485,1,0
4.932466233116558,4.811144100020198,1,0
4.937468734367183,4.968954229357489,1,0
4.942471235617809,4.929577054993374,1,0
4.947473736868434,4.79348669108926,1,0
4.9524762381190595,4.802994831943492,1,0
4.957478739369685,4.949865500293919,1,0
4.96248124062031,4.90259402682438,1,0
4.967483741870935,4.937062459515395,1,0
4.972486243121561,5.009817936821583,1,0
4.977488744372186,5.013730379107453,1,0
4.982491245622811,5.054103196722319,1,0
4.987493746873437,5.095917284617162,1,0
4.992496248124062,4.965042438833112,1,0
4.997498749374687,4.888698029834802,1,0
5.002501250625312,4.958965692197493,1,0
5.007503751875938,5.04301968218956,1,0
5.012506253126563,5.173936150482577,1,0
5.017508754377189,5.212652710427787,1,0
5.022511255627814,4.8546907859115205,1,0
5.027513756878439,5.210693768608976,1,0
5.032516258129064,5.173499131011131,1,0
5.037518759379689,5.19530770730168,1,0
5.042521260630315,5.058893430084391,1,0
5.0475237618809405,5.0181355111436465,1,0
5.052526263131566,4.870093459088464,1,0
5.057528764382191,5.012218832771528,1,0
5.062531265632816,5.021208716350917,1,0
5.067533766883441,5.224614480085268,1,0
5.072536268134067,4.919143240801384,1,0
5.0775387693846925,5.036988702655109,1,0
5.082541270635318,5.26120008873635,1,0
5.087543771885943,4.91580444606896,1,0
5.092546273136568,4.942411582506698,1,0
5.097548774387193,5.205308881090733,1,0
5.102551275637818,5.1332398091725695,1,0
5.1075537768884445,4.976974801602128,1,0
5.11255627813907,5.0555159601671,1,0
5.117558779389695,5.273418944688374,1,0
5.12256128064032,4.941646922277695,1,0
5.127563781890945,5.139249553850301,1,0
5.13256628314157,5.097207424974157,1,0
5.1375687843921956,4.979717054316141,1,0
5.142571285642822,5.086678403759415,1,0
5.147573786893447,5.09961506158444,1,0
5.152576288144072,4.965812371162516,1,0
5.157578789394697,4.985566136070507,1,0
5.162581290645322,5.145559157858784,1,0
5.1675837918959475,5.118123339114571,1,0
5.172586293146573,4.979542424985184,1,0
5.177588794397199,5.207534619786187,1,0
5.182591295647824,5.270997520168561,1,0
5.187593796898449,4.990058111009136,1,0
5.192596298149074,5.0610868325322205,1,0
5.1975987993996995,5.043855294521661,1,0
5.202601300650325,5.329011569432639,1,0
5.207603801900951,5.057752636400997,1,0
5.212606303151576,5.406967316662536,1,0
5.217608804402201,5.220316937795466,1,0
5.222611305652826,5.249231901183267,1,0
5.2276138069034515,5.0891275491514145,1,0
5.232616308154077,5.359174952714575,1,0
5.237618809404702,5.03094010370527,1,0
5.242621310655328,5.3875361429255175,1,0
5.247623811905953,5.258954649927016,1,0
5.252626313156578,5.462307569760089,1,0
5.257628814407203,5.20553113795725,1,0
5.262631315657829,5.405103090167075,1,0
5.267633816908454,5.147690920768461,1,0
5.272636318159079,5.301963093581149,1,0
5.277638819409705,5.415391744790509,1,0
5.28264132066033,5.230590288072763,1,0
5.287643821910955,5.349610514818495,1,0
5.292646323161581,5.190400435180289,1,0
5.297648824412206,5.293091678614138,1,0
5.302651325662831,5.439076568009912,1,0
5.307653826913457,5.4583450631125485,1,0
5.312656328164082,5.3116359223750305,1,0
5.317658829414707,5.421912031337893,1,0
5.3226613306653325,5.142502982482003,1,0
5.327663831915958,5.389154350065099,1,0
5.332666333166583,5.5047225502497446,1,0
5.337668834417208,5.3653610692330185,1,0
5.342671335667834,5.2367588324835905,1,0
5.347673836918459,5.330921709892931,1,0
5.3526763381690845,5.321434240292895,1,0
5.35767883941971,5.442474670038985,1,0
5.362681340670335,5.3729842440814055,1,0
5.36768384192096,5.435456849541284,1,0
5.372686343171585,5.347267412223734,1,0
5.377688844422211,5.467154738364862,1,0
5.3826913456728365,5.184060754329899,1,0
5.387693846923462,5.57606858730072,1,0
5.392696348174087,5.1873198399923215,1,0
5.397698849424712,5.411461162092029,1,0
5.402701350675337,5.495817842978474,1,0
5.407703851925963,5.217721234347883,1,0
5.412706353176588,5.414258606222362,1,0
5.417708854427214,5.371604109644848,1,0
5.422711355677839,5.61080151897175,1,0
5.427713856928464,5.230886097353764,1,0
5.432716358179089,5.256248744202832,1,0
5.437718859429714,5.597828355982233,1,0
5.44272136068034,5.483558734586237,1,0
5.447723861930966,5.492611317075697,1,0
5.452726363181591,5.645629557738946,1,0
5.457728864432216,5.577020523018033,1,0
5.462731365682841,5.2658460433686205,1,0
5.467733866933466,5.609132519479095,1,0
5.4727363681840915,5.605701880505903,1,0
5.4777388694347176,5.6696484473584725,1,0
5.482741370685343,5.5262816267881325,1,0
5.487743871935968,5.3744473286123835,1,0
5.492746373186593,5.479252900006289,1,0
5.497748874437218,5.307703477705955,1,0
5.5027513756878434,5.662016781786912,1,0
5.5077538769384695,5.306127249768233,1,0
5.512756378189095,5.509885649346153,1,0
5.51775887943972,5.3767007013971755,1,0
5.522761380690345,5.452969248282639,1,0
5.52776388194097,5.608261977089422,1,0
5.532766383191595,5.360186406616007,1,0
5.537768884442221,5.615362770333747,1,0
5.542771385692847,5.498677928657411,1,0
5.547773886943472,5.468533865382044,1,0
5.552776388194097,5.688622319202177,1,0
5.557778889444722,5.558764079782083,1,0
5.562781390695347,5.353881398002306,1,0
5.567783891945973,5.782095591121824,1,0
5.572786393196598,5.363854331479126,1,0
5.577788894447224,5.376975104583713,1,0
5.582791395697849,5.402785236795668,1,0
5.587793896948474,5.431055511580784,1,0
5.592796398199099,5.5558168821417055,1,0
5.5977988994497245,5.7276685789652415,1,0
5.60280140070035,5.636958760375065,1,0
5.607803901950975,5.5272101267136655,1,0
5.612806403201601,5.42623239957601,1,0
5.617808904452226,5.457279403357145,1,0
5.622811405702851,5.539186518947486,1,0
5.6278139069534765,5.719892925593424,1,0
5.632816408204102,5.785618410873744,1,0
5.637818909454727,5.424652658182656,1,0
5.642821410705353,5.672743613163369,1,0
5.647823911955978,5.768577602036457,1,0
5.652826413206603,5.798660005166873,1,0
5.6578289144572285,5.760899560299639,1,0
5.662831415707854,5.61265563953631,1,0
5.667833916958479,5.4692345570723875,1,0
5.672836418209104,5.8408736282264275,1,0
5.67783891945973,5.812562374418167,1,0
5.682841420710355,5.64097813269264,1,0
5.68784392196098,5.801132099837304,1,0
5.692846423211606,5.647941614099376,1,0
5.697848924462231,5.918000179084851,1,0
5.702851425712856,5.813804624111973,1,0
5.707853926963481,5.712594754581096,1,0
5.712856428214107,5.719965748516253,1,0
5.717858929464732,5.92326934174783,1,0
5.722861430715358,5.847109327666394,1,0
5.727863931965983,5.9370235116079595,1,0
5.732866433216608,5.643737445937793,1,0
5.737868934467233,5.76626381790003,1,0
5.742871435717859,5.776095277175758,1,0
5.747873936968484,5.566029462275849,1,0
5.7528764382191095,5.710520172007378,1,0
5.757878939469735,5.556136416117966,1,0
5.76288144072036,5.5372734459118345,1,0
5.767883941970985,5.689899755706779,1,0
5.77288644322161,5.700652349144459,1,0
5.777888944472236,5.88712039790121,1,0
5.7828914457228615,5.696000769467954,1,0
5.787893946973487,6.005091600014447,1,0
5.792896448224112,5.853129512852262,1,0
5.797898949474737,5.9772542397632416,1,0
5.802901450725362,5.953640742412988,1,0
5.807903951975987,5.5848327900277575,1,0
5.8129064532266135,5.788436412879482,1,0
5.817908954477239,5.884268043100135,1,0
5.822911455727864,5.84619842501429,1,0
5.827913956978489,5.740964344663327,1,0
5.832916458229114,5.9590458373825825,1,0
5.837918959479739,5.672433117702375,1,0
5.8429214607303654,6.008222690873468,1,0
5.847923961980991,5.961905813572023,1,0
5.852926463231616,5.895884022912913,1,0
5.857928964482241,5.88747340139202,1,0
5.862931465732866,5.896268642694057,1,0
5.867933966983491,5.908082170310502,1,0
5.8729364682341165,5.741537078938754,1,0
5.877938969484743,6.095944275525993,1,0
5.882941470735368,5.882796247374263,1,0
5.887943971985993,5.6748336873043375,1,0
5.892946473236618,5.945269029783821,1,0
5.897948974487243,5.877530834256376,1,0
5.9029514757378685,5.998233950570781,1,0
5.907953976988494,5.78591491042173,1,0
5.91295647823912,6.0651878732920155,1,0
5.917958979489745,6.035871549001631,1,0
5.92296148074037,5.8386710204155925,1,0
5.927963981990995,5.845109751370458,1,0
5.9329664832416205,6.106421295601733,1,0
5.937968984492246,5.902903191250132,1,0
5.942971485742872,5.827395867919475,1,0
5.947973986993497,6.027809421210097,1,0
5.952976488244122,5.968267456246531,1,0
5.957978989494747,6.136636124392651,1,0
5.962981490745372,5.885902668635061,1,0
5.967983991995998,5.734398307256042,1,0
5.972986493246623,5.976175771904968,1,0
5.977988994497249,5.931700230736922,1,0
5.982991495747874,5.798063822829513,1,0
5.987993996998499,5.846211969157505,1,0
5.992996498249124,5.771988192082614,1,0
5.99799899949975,6.122086264999002,1,0
6.003001500750375,6.085350391580175,1,0
6.008004002001,5.808439295083537,1,0
6.013006503251626,6.041033842486214,1,0
6.018009004502251,6.034810108248892,1,0
6.023011505752876,5.899154447343293,1,0
6.0280140070035015,6.01667974598442,1,0
6.033016508254127,5.920843048490753,1,0
6.038019009504752,6.085896638865248,1,0
6.043021510755377,6.219813471272491,1,0
6.048024012006003,6.026267244789434,1,0
6.053026513256628,6.028168055579349,1,0
6.0580290145072535,6.088914146038862,1,0
6.063031515757879,6.262172066466427,1,0
6.068034017008504,6.292973624297553,1,0
6.073036518259129,6.084657179350575,1,0
6.078039019509755,6.009046347924561,1,0
6.08304152076038,5.903119338223724,1,0
6.0880440220110055,6.06469922898173,1,0
6.093046523261631,6.046098194980947,1,0
6.098049024512256,6.183018482654817,1,0
6.103051525762881,6.265539090460313,1,0
6.108054027013506,5.958665620216818,1,0
6.113056528264132,6.0163318797672725,1,0
6.118059029514757,6.35449968321283,1,0
6.123061530765383,5.9369493928671675,1,0
6.128064032016008,6.2964924912576175,1,0
6.133066533266633,6.1420329090423795,1,0
6.138069034517258,6.351804418157118,1,0
6.143071535767883,5.898112195553269,1,0
6.148074037018509,5.991741576482445,1,0
6.153076538269135,5.908990284282774,1,0
6.15807903951976,6.344327182838614,1,0
6.163081540770385,6.266459476878632,1,0
6.16808404202101,6.337656744296534,1,0
6.173086543271635,6.046549009918252,1,0
6.178089044522261,6.2109250083815555,1,0
6.1830915457728866,6.279668273431511,1,0
6.188094047023512,5.941275232154139,1,0
6.193096548274137,6.02849943740378,1,0
6.198099049524762,5.9603050609867285,1,0
6.203101550775387,6.2092328995759445,1,0
6.2081040520260125,6.158165306866076,1,0
6.2131065532766385,6.310136477109259,1,0
6.218109054527264,6.120267605194229,1,0
6.223111555777889,6.135337078225874,1,0
6.228114057028514,6.20550896644028,1,0
6.233116558279139,5.991983256136974,1,0
6.238119059529764,6.075291907228826,1,0
6.24312156078039,6.3745983423017325,1,0
6.248124062031016,6.406580375547543,1,0
6.253126563281641,6.456626597144278,1,0
6.258129064532266,6.130697267344215,1,0
6.263131565782891,6.355845184771344,1,0
6.268134067033516,6.432778693100191,1,0
6.273136568284142,6.381365589421979,1,0
6.278139069534768,6.423366635674895,1,0
6.283141570785393,6.524304313636899,1,0
6.288144072036018,6.165210595176536,1,0
6.293146573286643,6.357784502926838,1,0
6.298149074537268,6.412443358653545,1,0
6.3031515757878935,6.347024230111229,1,0
6.308154077038519,6.081557986201865,1,0
6.313156578289145,6.470358345725264,1,0
6.31815907953977,6.255450263471758,1,0
6.323161580790395,6.454358948599282,1,0
6.32816408204102,6.356380401165675,1,0
6.3331665832916455,6.241350072149369,1,0
6.338169084542271,6.260649371093623,1,0
6.343171585792896,6.114061528226079,1,0
6.348174087043522,6.50153843082242,1,0
6.353176588294147,6.391339012514073,1,0
6.358179089544772,6.327882859065067,1,0
6.3631815907953975,6.379900434395054,1,0
6.368184092046023,6.481125681690454,1,0
6.373186593296648,6.12947612106662,1,0
6.378189094547274,6.472169271896703,1,0
6.383191595797899,6.198456859905898,1,0
6.388194097048524,6.587034315782716,1,0
6.393196598299149,6.1408248232600435,1,0
6.398199099549775,6.543368676302353,1,0
6.4032016008004,6.325096577826572,1,0
6.408204102051025,6.2017176824607265,1,0
6.413206603301651,6.36306673149932,1,0
6.418209104552276,6.625491622053702,1,0
6.423211605802901,6.671113924958222,1,0
6.428214107053527,6.277501980360751,1,0
6.433216608304152,6.189681967653464,1,0
6.438219109554777,6.326610819752063,1,0
6.443221610805402,6.564586863851405,1,0
6.448224112056028,6.316848900968475,1,0
6.453226613306653,6.63089247239155,1,0
6.4582291145572785,6.582834198878628,1,0
6.463231615807904,6.204972113141599,1,0
6.468234117058529,6.220969957322096,1,0
6.473236618309154,6.293916827728779,1,0
6.478239119559779,6.644936542611508,1,0
6.483241620810405,6.588166776377192,1,0
6.4882441220610305,6.7243444875069,1,0
6.493246623311656,6.529282922306678,1,0
6.498249124562281,6.543647401406059,1,0
6.503251625812906,6.438935534186614,1,0
6.508254127063531,6.699371495800081,1,0
6.513256628314157,6.48244638521453,1,0
6.5182591295647825,6.5541411710727635,1,0
6.523261630815408,6.679654200491899,1,0
6.528264132066033,6.4038678188440175,1,0
6.533266633316658,6.366489102096487,1,0
6.538269134567283,6.403331325706695,1,0
6.543271635817908,6.546247085991889,1,0
6.5482741370685345,6.809974945386902,1,0
6.55327663831916,6.320768138401652,1,0
6.558279139569785,6.771235219020681,1,0
6.56328164082041,6.549270320943363,1,0
6.568284142071035,6.770794457055534,1,0
6.57328664332166,6.754118278646618,1,0
6.5782891445722855,6.421448924711089,1,0
6.583291645822912,6.477222628420321,1,0
6.588294147073537,6.587693555262467,1,0
6.593296648324162,6.507688929079865,1,0
6.598299149574787,6.620323898309817,1,0
6.603301650825412,6.44371820567589,1,0
6.6083041520760375,6.3905908960038635,1,0
6.613306653326664,6.840638588606753,1,0
6.618309154577289,6.401285975825213,1,0
6.623311655827914,6.865384918069419,1,0
6.628314157078539,6.400886970805859,1,0
6.633316658329164,6.500035098996907,1,0
6.6383191595797895,6.778332508428109,1,0
6.643321660830415,6.693472181998764,1,0
6.648324162081041,6.680482112706519,1,0
6.653326663331666,6.607318796893899,1,0
6.658329164582291,6.603182733660496,1,0
6.663331665832916,6.66749130069925,1,0
6.668334167083541,6.696305797452904,1,0
6.673336668334167,6.8826949542624645,1,0
6.678339169584792,6.47348145814237,1,0
6.683341670835418,6.524147916577167,1,0
6.688344172086043,6.807566946831771,1,0
6.693346673336668,6.623104371806286,1,0
6.698349174587293,6.431959805191585,1,0
6.703351675837919,6.673897903077824,1,0
6.708354177088544,6.558399285892326,1,0
6.71335667833917,6.507716530134162,1,0
6.718359179589795,6.671989199233413,1,0
6.72336168084042,6.539875810892766,1,0
6.728364182091045,6.65011127745287,1,0
6.7333666833416705,6.968013164396761,1,0
6.738369184592296,6.749120766790888,1,0
6.743371685842921,6.6644111063668925,1,0
6.748374187093547,6.6293056790920675,1,0
6.753376688344172,6.8835978393626105,1,0
6.758379189594797,6.529624391313236,1,0
6.7633816908454225,6.799058998424412,1,0
6.768384192096048,6.633025692967218,1,0
6.773386693346673,6.984120677302077,1,0
6.778389194597298,6.5275688923607635,1,0
6.783391695847924,6.934692552870866,1,0
6.788394197098549,6.92481214659553,1,0
6.7933966983491745,6.689853869442686,1,0
6.7983991995998,6.735609733966948,1,0
6.803401700850425,6.8548862318851596,1,0
6.80840420210105,7.0015590964561385,1,0
6.813406703351676,6.69512186593388,1,0
6.818409204602301,6.981476763028917,1,0
6.8234117058529264,6.651361347931041,1,0
6.828414207103552,6.720114478544329,1,0
6.833416708354177,6.880739826255903,1,0
6.838419209604802,6.8422158064830905,1,0
6.843421710855427,6.689168765304765,1,0
6.848424212106053,6.87266177736471,1,0
6.853426713356678,6.889716427681981,1,0
6.858429214607304,7.103502900833233,1,0
6.863431715857929,6.7182114805730375,1,0
6.868434217108554,7.035132079508077,1,0
6.873436718359179,7.1120918978360015,1,0
6.878439219609804,6.651129154027572,1,0
6.88344172086043,6.810508708404457,1,0
6.888444222111056,7.146170503623665,1,0
6.893446723361681,6.733914464846646,1,0
6.898449224612306,6.892684468380234,1,0
6.903451725862931,6.838012128283647,1,0
6.908454227113556,7.116003675923784,1,0
6.9134567283641815,6.806246034330826,1,0
6.9184592296148075,7.035529764213222,1,0
6.923461730865433,6.77404560736995,1,0
6.928464232116058,6.9432185259717,1,0
6.933466733366683,6.987249120612446,1,0
6.938469234617308,6.985185740748116,1,0
6.943471735867933,7.177037941242053,1,0
6.9484742371185595,6.834709804512192,1,0
6.953476738369185,6.900754350191291,1,0
6.95847923961981,6.726683482007304,1,0
6.963481740870435,7.1855549569994555,1,0
6.96848424212106,6.965656901877227,1,0
6.973486743371685,7.029579264902169,1,0
6.978489244622311,6.771273970192271,1,0
6.983491745872937,7.1097851248058985,1,0
6.988494247123562,6.781434255656621,1,0
6.993496748374187,7.079201140359807,1,0
6.998499249624812,6.98835847761728,1,0
7.003501750875437,7.124153944893523,1,0
7.0085042521260625,7.103325890528673,1,0
7.013506753376688,6.963750268250438,1,0
7.018509254627314,6.813004050224226,1,0
7.023511755877939,6.872649805449042,1,0
7.028514257128564,7.0601637524628895,1,0
7.033516758379189,6.8860346790892155,1,0
7.0385192596298145,6.859476738905566,1,0
7.04352176088044,6.850273898913385,1,0
7.048524262131066,7.084555027224934,1,0
7.053526763381691,6.843061639463565,1,0
7.058529264632316,7.118716266738528,1,0
7.063531765882941,6.991589488971599,1,0
7.0685342671335665,6.9356619821819345,1,0
7.073536768384192,7.097413998219476,1,0
7.078539269634817,7.241695583728694,1,0
7.083541770885443,6.898333163930152,1,0
7.088544272136068,7.155676580739291,1,0
7.093546773386693,7.013520614281371,1,0
7.098549274637318,7.11629769864284,1,0
7.103551775887944,7.087022534279089,1,0
7.108554277138569,7.311219441167825,1,0
7.113556778389194,7.160910386927536,1,0
7.11855927963982,7.001582084543998,1,0
7.123561780890445,7.142223233354795,1,0
7.12856428214107,7.042326364447261,1,0
7.133566783391696,6.857445119873057,1,0
7.138569284642321,7.180566490778098,1,0
7.143571785892946,6.985119327275596,1,0
7.148574287143572,6.929460862200681,1,0
7.153576788394197,6.880256584007896,1,0
7.158579289644822,7.292170348770264,1,0
7.1635817908954476,7.13697979511425,1,0
7.168584292146073,6.89708276178143,1,0
7.173586793396698,7.032073729504806,1,0
7.178589294647323,6.963598017745998,1,0
7.183591795897949,7.399102697460439,1,0
7.188594297148574,6.992760665353923,1,0
7.1935967983991995,7.079586113145513,1,0
7.198599299649825,6.952484737012414,1,0
7.20360180090045,7.389746667667467,1,0
7.208604302151075,7.211977541691072,1,0
7.2136068034017,7.198040993279724,1,0
7.218609304652326,7.018176889658793,1,0
7.2236118059029515,6.959639539767277,1,0
7.228614307153577,7.438901513744614,1,0
7.233616808404202,7.497266665770313,1,0
7.238619309654827,7.237933127421424,1,0
7.243621810905452,7.328466215610389,1,0
7.248624312156078,7.307215545108669,1,0
7.2536268134067035,7.049391565820533,1,0
7.258629314657329,7.433273636314083,1,0
7.263631815907954,7.327955652214825,1,0
7.268634317158579,7.4136968455001275,1,0
7.273636818409204,7.12277352259782,1,0
7.278639319659829,7.08569641192168,1,0
7.283641820910455,7.254009249085629,1,0
7.288644322161081,7.359766289128959,1,0
7.293646823411706,7.08402786240544,1,0
7.298649324662331,7.143592900731281,1,0
7.303651825912956,7.046947226619657,1,0
7.308654327163581,7.050042757447833,1,0
7.3136568284142065,7.51464226643769,1,0
7.318659329664833,7.104968678440498,1,0
7.323661830915458,7.070139132804682,1,0
7.328664332166083,7.31418608547655,1,0
7.333666833416708,7.373387265148097,1,0
7.338669334667333,7.192772225173416,1,0
7.3436718359179585,7.326663815882006,1,0
7.348674337168584,7.285299185985592,1,0
7.35367683841921,7.505540394584761,1,0
7.358679339669835,7.640009196801033,1,0
7.36368184092046,7.238179079527869,1,0
7.368684342171085,7.418931922169364,1,0
7.37368684342171,7.174078921693581,1,0
7.378689344672336,7.099499771314806,1,0
7.383691845922962,7.177354079902972,1,0
7.388694347173587,7.612998950580045,1,0
7.393696848424212,7.447359456675795,1,0
7.398699349674837,7.213116963268588,1,0
7.403701850925462,7.4898012781197725,1,0
7.408704352176088,7.169864556879916,1,0
7.413706853426713,7.624286321920294,1,0
7.418709354677339,7.585378039201412,1,0
7.423711855927964,7.1669184947532525,1,0
7.428714357178589,7.612986783757335,1,0
7.433716858429214,7.173030397826005,1,0
7.4387193596798395,7.143676745467619,1,0
7.443721860930465,7.5341704597733665,1,0
7.44872436218109,7.57777222002697,1,0
7.453726863431716,7.22067424443046,1,0
7.458729364682341,7.656450231923909,1,0
7.463731865932966,7.450714190747395,1,0
7.4687343671835915,7.485248421226703,1,0
7.473736868434217,7.3200504916615445,1,0
7.478739369684842,7.669424056126321,1,0
7.483741870935468,7.674674411196217,1,0
7.488744372186093,7.76735626824904,1,0
7.493746873436718,7.52295060849906,1,0
7.4987493746873435,7.524003974511304,1,0
7.503751875937969,7.339362324661656,1,0
7.508754377188594,7.521042484698967,1,0
7.513756878439219,7.235447884199071,1,0
7.518759379689845,7.5915519373233575,1,0
7.52376188094047,7.361184755859455,1,0
7.5287643821910955,7.2425218195353,1,0
7.533766883441721,7.73072314353178,1,0
7.538769384692346,7.478413760247995,1,0
7.543771885942971,7.769497893982529,1,0
7.548774387193596,7.61991901790743,1,0
7.553776888444222,7.674778963590753,1,0
7.558779389694847,7.638316801679311,1,0
7.563781890945473,7.464063971100517,1,0
7.568784392196098,7.7352946216693335,1,0
7.573786893446723,7.4393213993869045,1,0
7.578789394697348,7.330769310680656,1,0
7.583791895947974,7.321846904661545,1,0
7.588794397198599,7.701709881535474,1,0
7.593796898449225,7.690667465619544,1,0
7.59879939969985,7.437789663626439,1,0
7.603801900950475,7.714603693124584,1,0
7.6088044022011,7.4394680481768205,1,0
7.613806903451725,7.368507191210385,1,0
7.618809404702351,7.356088864241986,1,0
7.6238119059529765,7.673065287130588,1,0
7.628814407203602,7.541032856557922,1,0
7.633816908454227,7.415511976337381,1,0
7.638819409704852,7.880605532083949,1,0
7.643821910955477,7.748936392650499,1,0
7.648824412206102,7.532762322891349,1,0
7.6538269134567285,7.951152634964242,1,0
7.658829414707354,7.863400533767529,1,0
7.663831915957979,7.415761353736447,1,0
7.668834417208604,7.905937583291769,1,0
7.673836918459229,7.762476812311393,1,0
7.678839419709854,7.377421633717272,1,0
7.6838419209604805,7.504951973041294,1,0
7.688844422211106,7.90432095648711,1,0
7.693846923461731,7.803831407675181,1,0
7.698849424712356,7.512123065114597,1,0
7.703851925962981,7.431892432960933,1,0
7.708854427213606,7.557025170678099,1,0
7.7138569284642315,7.64127779321807,1,0
7.718859429714858,7.963584915560795,1,0
7.723861930965483,7.536082853924015,1,0
7.728864432216108,7.7551328188075725,1,0
7.733866933466733,7.752084331276424,1,0
7.738869434717358,7.8146714364411345,1,0
7.7438719359679835,7.928597491157391,1,0
7.748874437218609,7.484270646448076,1,0
7.753876938469235,7.826996256675508,1,0
7.75887943971986,7.724857168147034,1,0
7.763881940970485,7.547863201385947,1,0
7.76888444222111,7.5687250056921025,1,0
7.7738869434717355,7.519168304961076,1,0
7.778889444722361,8.030935513916779,1,0
7.783891945972986,7.9753269206042114,1,0
7.788894447223612,8.046461819213103,1,0
7.793896948474237,7.7441230739316245,1,0
7.798899449724862,8.00713862118863,1,0
7.8039019509754874,7.597328406960646,1,0
7.808904452226113,7.7564131258469935,1,0
7.813906953476738,7.84641825775775,1,0
7.818909454727364,7.960910698626682,1,0
7.823911955977989,7.881891975151829,1,0
7.828914457228614,7.600138992710846,1,0
7.833916958479239,7.8875592687054255,1,0
7.838919459729865,7.573638536659484,1,0
7.84392196098049,8.000078749245846,1,0
7.848924462231115,7.646428401101757,1,0
7.853926963481741,7.9938351436836435,1,0
7.858929464732366,8.005767741927043,1,0
7.863931965982991,7.5494343519118035,1,0
7.868934467233617,7.722716205382913,1,0
7.873936968484242,8.103341784479245,1,0
7.878939469734867,7.94619107929591,1,0
7.883941970985492,7.673102242907866,1,0
7.888944472236118,7.837973862193714,1,0
7.893946973486743,7.827319019661707,1,0
7.8989494747373685,7.7282675980977,1,0
7.903951975987994,7.785200791316235,1,0
7.908954477238619,8.127662218859872,1,0
7.913956978489244,8.053408152990412,1,0
7.91895947973987,8.01910793247043,1,0
7.923961980990495,7.7740069490581,1,0
7.9289644822411205,8.245364731170865,1,0
7.933966983491746,7.9812085184168,1,0
7.938969484742371,8.158238311051697,1,0
7.943971985992996,7.747540052262517,1,0
7.948974487243621,7.820169123588316,1,0
7.953976988494247,8.2308075450818,1,0
7.9589794897448725,7.64268565288621,1,0
7.963981990995498,8.166659913485631,1,0
7.968984492246123,7.970844851744561,1,0
7.973986993496748,8.051520018202345,1,0
7.978989494747373,8.098885493999921,1,0
7.983991995997998,8.2515772842777,1,0
7.988994497248624,7.853649509529993,1,0
7.99399699849925,8.088321668107769,1,0
7.998999499749875,8.158998803957008,1,0
8.0040020010005,8.261049772829882,1,0
8.009004502251125,8.03076599271187,1,0
8.014007003501751,8.316690007811594,1,0
8.019009504752376,8.120175961697887,1,0
8.024012006003002,8.33201396977385,1,0
8.029014507253626,7.901098351911645,1,0
8.034017008504252,7.784569997189535,1,0
8.039019509754878,8.065594957168727,1,0
8.044022011005502,7.897945049544121,1,0
8.049024512256128,8.277858313179673,1,0
8.054027013506753,7.814053749166628,1,0
8.059029514757379,7.903424870440413,1,0
8.064032016008003,8.309299654721697,1,0
8.069034517258629,7.913412670409639,1,0
8.074037018509255,8.056127635382419,1,0
8.07903951975988,8.18888438595841,1,0
8.084042021010506,8.002402910218201,1,0
8.08904452226113,8.281246728967204,1,0
8.094047023511756,7.919761764773978,1,0
8.09904952476238,7.787070999765445,1,0
8.104052026013006,8.257428258819223,1,0
8.109054527263632,7.967052207257336,1,0
8.114057028514257,8.281450033680361,1,0
8.119059529764883,8.15912142637404,1,0
8.124062031015507,8.156181303131648,1,0
8.129064532266133,8.053917793139165,1,0
8.134067033516757,8.145033158773616,1,0
8.139069534767383,8.258809404208481,1,0
8.14407203601801,7.9896010510240885,1,0
8.149074537268634,8.395995474715704,1,0
8.15407703851926,8.449550063995476,1,0
8.159079539769884,8.024731708537692,1,0
8.16408204102051,8.4254214219088,1,0
8.169084542271134,8.218746614224992,1,0
8.17408704352176,8.369928083740081,1,0
8.179089544772387,8.21500364634597,1,0
8.18409204602301,8.168353909638853,1,0
8.189094547273637,8.501826338569385,1,0
8.194097048524261,8.434056373038112,1,0
8.199099549774887,8.24844823971249,1,0
8.204102051025513,8.105744038406602,1,0
8.209104552276138,8.39398976726115,1,0
8.214107053526764,8.274010040616613,1,0
8.219109554777388,8.053343092178258,1,0
8.224112056028014,8.357443278800154,1,0
8.229114557278638,8.044724347037612,1,0
8.234117058529264,8.010816922713499,1,0
8.23911955977989,8.18063603802379,1,0
8.244122061030515,8.271433039418346,1,0
8.24912456228114,8.483199077297739,1,0
8.254127063531765,8.51750857133057,1,0
8.259129564782391,8.54733059673312,1,0
8.264132066033016,7.990509772890843,1,0
8.269134567283642,8.379198056054697,1,0
8.274137068534268,8.479431010135906,1,0
8.279139569784892,7.976070357817174,1,0
8.284142071035518,8.044801827417789,1,0
8.289144572286142,8.568634936375114,1,0
8.294147073536768,8.276960846539945,1,0
8.299149574787393,8.272676906750464,1,0
8.304152076038019,8.396358884845267,1,0
8.309154577288645,8.038252692328685,1,0
8.314157078539269,8.311262660558807,1,0
8.319159579789895,8.532425674306467,1,0
8.32416208104052,8.52396985672693,1,0
8.329164582291146,8.302224007486258,1,0
8.33416708354177,8.651036063703962,1,0
8.339169584792396,8.20275069199252,1,0
8.344172086043022,8.285417925283152,1,0
8.349174587293646,8.620699120205463,1,0
8.354177088544272,8.199329349040386,1,0
8.359179589794897,8.377080461612168,1,0
8.364182091045523,8.325120502852316,1,0
8.369184592296147,8.168314693173828,1,0
8.374187093546773,8.51803197827806,1,0
8.379189594797399,8.664078482983486,1,0
8.384192096048023,8.564286479441328,1,0
8.38919459729865,8.182478920188961,1,0
8.394197098549274,8.684964981337727,1,0
8.3991995997999,8.347465664960794,1,0
8.404202101050526,8.710748000454455,1,0
8.40920460230115,8.216603608035427,1,0
8.414207103551776,8.441111851118832,1,0
8.4192096048024,8.488373655964693,1,0
8.424212106053027,8.703130180003352,1,0
8.429214607303651,8.519070297998503,1,0
8.434217108554277,8.51148118989738,1,0
8.439219609804903,8.37925477176537,1,0
8.444222111055527,8.307200552228476,1,0
8.449224612306153,8.158915889500497,1,0
8.454227113556778,8.69904834376343,1,0
8.459229614807404,8.344878326223357,1,0
8.464232116058028,8.559886873371383,1,0
8.469234617308654,8.216890814267654,1,0
8.47423711855928,8.22661283467491,1,0
8.479239619809904,8.673833250711802,1,0
8.48424212106053,8.284025194586375,1,0
8.489244622311155,8.416649171468734,1,0
8.494247123561781,8.810051543883583,1,0
8.499249624812405,8.696382252463152,1,0
8.504252126063031,8.770696906613235,1,0
8.509254627313657,8.59369937837381,1,0
8.514257128564282,8.42676112390468,1,0
8.519259629814908,8.308082300691023,1,0
8.524262131065532,8.608780614836807,1,0
8.529264632316158,8.269803923005618,1,0
8.534267133566782,8.324885936362184,1,0
8.539269634817408,8.80722120747779,1,0
8.544272136068034,8.622013508558895,1,0
8.549274637318659,8.26602474468625,1,0
8.554277138569285,8.843248712877733,1,0
8.55927963981991,8.473573743421351,1,0
8.564282141070535,8.389813819908651,1,0
8.56928464232116,8.841555466227941,1,0
8.574287143571786,8.231984029425053,1,0
8.579289644822412,8.4539621781552,1,0
8.584292146073036,8.318741300390803,1,0
8.589294647323662,8.42927518543051,1,0
8.594297148574286,8.864620716117251,1,0
8.599299649824912,8.593416231448566,1,0
8.604302151075537,8.922683841113802,1,0
8.609304652326163,8.496608996152277,1,0
8.614307153576789,8.642326647905398,1,0
8.619309654827413,8.35897539948745,1,0
8.62431215607804,8.53525041746226,1,0
8.629314657328663,8.386268361238523,1,0
8.63431715857929,8.90419820064563,1,0
8.639319659829916,8.713259177393432,1,0
8.64432216108054,8.316897123508854,1,0
8.649324662331166,8.979273463848756,1,0
8.65432716358179,8.443903033271077,1,0
8.659329664832416,8.98786763972999,1,0
8.66433216608304,8.636221038743573,1,0
8.669334667333667,8.516646304809408,1,0
8.674337168584293,8.653304834177206,1,0
8.679339669834917,8.537037714280657,1,0
8.684342171085543,8.381490809788215,1,0
8.689344672336167,8.663991646783074,1,0
8.694347173586793,8.926765444044468,1,0
8.699349674837418,9.017445373855569,1,0
8.704352176088044,8.758675881616762,1,0
8.70935467733867,8.626885888213605,1,0
8.714357178589294,8.999184312394934,1,0
8.71935967983992,8.511933147850153,1,0
8.724362181090545,8.55671496850842,1,0
8.72936468234117,8.99774839253396,1,0
8.734367183591795,8.995859645704062,1,0
8.739369684842421,8.971797181549128,1,0
8.744372186093047,8.510372434551332,1,0
8.749374687343671,8.407234951088908,1,0
8.754377188594297,8.524894395774304,1,0
8.759379689844922,9.050751520813296,1,0
8.764382191095548,8.433299090141068,1,0
8.769384692346172,8.541736861332469,1,0
8.774387193596798,8.467013822631142,1,0
8.779389694847424,8.779321628869688,1,0
8.784392196098048,8.99083078953604,1,0
8.789394697348675,8.787468250601483,1,0
8.794397198599299,8.921576843762416,1,0
8.799399699849925,8.875945861097769,1,0
8.80440220110055,8.598004913030127,1,0
8.809404702351175,8.984783717176295,1,0
8.814407203601801,8.702383079307532,1,0
8.819409704852426,8.827105855725682,1,0
8.824412206103052,9.121346842780518,1,0
8.829414707353676,8.569080057537025,1,0
8.834417208604302,8.848201978013984,1,0
8.839419709854928,8.59784997229109,1,0
8.844422211105552,8.511034157106533,1,0
8.849424712356178,9.12717035490607,1,0
8.854427213606803,8.995739718630231,1,0
8.859429714857429,8.50538211485693,1,0
8.864432216108053,8.74840418291203,1,0
8.86943471735868,9.219709369053962,1,0
8.874437218609305,8.569862503420959,1,0
8.87943971985993,9.194530891143037,1,0
8.884442221110556,9.03316466634299,1,0
8.88944472236118,8.623060373584252,1,0
8.894447223611806,8.690937988457632,1,0
8.89944972486243,8.931816106783037,1,0
8.904452226113056,9.142732295357858,1,0
8.909454727363682,9.111760637562437,1,0
8.914457228614307,8.900677774057678,1,0
8.919459729864933,8.6275699613439,1,0
8.924462231115557,9.244633542225124,1,0
8.929464732366183,8.606158951503266,1,0
8.934467233616807,8.779338446679628,1,0
8.939469734867433,9.19551269116697,1,0
8.94447223611806,8.595598839907252,1,0
8.949474737368684,8.92511859125945,1,0
8.95447723861931,8.90656328049658,1,0
8.959479739869934,8.998813403696383,1,0
8.96448224112056,9.122592521105668,1,0
8.969484742371185,9.253723791915249,1,0
8.97448724362181,8.889252815898907,1,0
8.979489744872437,9.190247776158602,1,0
8.984492246123061,9.212755003534044,1,0
8.989494747373687,9.052063068308259,1,0
8.994497248624311,8.972694978806471,1,0
8.999499749874937,8.734428324199289,1,0
9.004502251125562,9.129345214244964,1,0
9.009504752376188,9.115913701970438,1,0
9.014507253626814,8.857599259916201,1,0
9.019509754877438,9.233630876145975,1,0
9.024512256128064,9.208158261066647,1,0
9.029514757378688,9.031150462470103,1,0
9.034517258629315,8.765831215833446,1,0
9.039519759879939,9.133319718515555,1,0
9.044522261130565,8.855376565509243,1,0
9.049524762381191,9.048904037268336,1,0
9.054527263631815,9.050800316100673,1,0
9.059529764882441,8.99271587383677,1,0
9.064532266133066,8.72852552637604,1,0
9.069534767383692,9.0984947385848,1,0
9.074537268634318,9.049585391824193,1,0
9.079539769884942,9.41033846817187,1,0
9.084542271135568,8.869445530538533,1,0
9.089544772386192,9.374027618261557,1,0
9.094547273636818,9.014353584356973,1,0
9.099549774887443,9.458978278123007,1,0
9.104552276138069,8.795873883923102,1,0
9.109554777388695,8.863309681190914,1,0
9.11455727863932,9.249184348174936,1,0
9.119559779889945,9.244047348961525,1,0
9.12456228114057,9.415964405546159,1,0
9.129564782391196,8.851336000500872,1,0
9.13456728364182,8.941794202421999,1,0
9.139569784892446,9.139386928263454,1,0
9.144572286143072,8.793279548552102,1,0
9.149574787393696,8.989693344412515,1,0
9.154577288644322,8.804306558412836,1,0
9.159579789894947,9.456238781846125,1,0
9.164582291145573,9.010254172707484,1,0
9.169584792396197,8.95123795711914,1,0
9.174587293646823,8.933244026424822,1,0
9.17958979489745,9.26499039768882,1,0
9.184592296148073,9.206674169526138,1,0
9.1895947973987,8.830392866241564,1,0
9.194597298649324,9.360277218183866,1,0
9.19959979989995,9.466199839711216,1,0
9.204602301150574,9.101078680777935,1,0
9.2096048024012,9.202762120616118,1,0
9.214607303651826,8.896919120455273,1,0
9.21960980490245,9.559453304554564,1,0
9.224612306153077,9.048133881136417,1,0
9.229614807403701,8.930624800492996,1,0
9.234617308654327,9.35024360991307,1,0
9.239619809904951,9.431750124631595,1,0
9.244622311155577,8.935496658722021,1,0
9.249624812406203,9.096736800004265,1,0
9.254627313656828,9.210610600275594,1,0
9.259629814907454,9.336047487013762,1,0
9.264632316158078,8.981063409768643,1,0
9.269634817408704,9.471632442780432,1,0
9.27463731865933,9.618799606006023,1,0
9.279639819909955,9.536451055698759,1,0
9.28464232116058,9.293906594262383,1,0
9.289644822411205,9.066956589263532,1,0
9.294647323661831,9.547663741338772,1,0
9.299649824912455,9.06285492215881,1,0
9.304652326163081,8.992401645503561,1,0
9.309654827413707,9.638449169141046,1,0
9.314657328664332,9.550016338741116,1,0
9.319659829914958,9.073150740226675,1,0
9.324662331165582,9.398356596178717,1,0
9.329664832416208,9.352869954564987,1,0
9.334667333666832,9.67863802377182,1,0
9.339669834917459,9.378498033141787,1,0
9.344672336168085,8.97227984096066,1,0
9.349674837418709,9.61865500057811,1,0
9.354677338669335,9.327257114395081,1,0
9.35967983991996,9.367099891225541,1,0
9.364682341170585,9.426709786262041,1,0
9.36968484242121,9.073731180609972,1,0
9.374687343671836,9.25890500267052,1,0
9.379689844922462,9.014335427591316,1,0
9.384692346173086,9.060870946761616,1,0
9.389694847423712,9.120950998054317,1,0
9.394697348674336,9.444869602588081,1,0
9.399699849924962,9.706367312196813,1,0
9.404702351175587,9.260671406510594,1,0
9.409704852426213,9.456004211318362,1,0
9.414707353676839,9.142138396304984,1,0
9.419709854927463,9.532053341967503,1,0
9.42471235617809,9.738070120257012,1,0
9.429714857428714,9.728952523779364,1,0
9.43471735867934,9.537881310333882,1,0
9.439719859929964,9.701397102639545,1,0
9.44472236118059,9.302935908397938,1,0
9.449724862431216,9.218244338455404,1,0
9.45472736368184,9.41685693097749,1,0
9.459729864932466,9.15223014116538,1,0
9.46473236618309,9.336971238476188,1,0
9.469734867433717,9.627568337901153,1,0
9.474737368684341,9.791167796314278,1,0
9.479739869934967,9.63654023310768,1,0
9.484742371185593,9.146618234037675,1,0
9.489744872436217,9.288645436953605,1,0
9.494747373686844,9.257831598520577,1,0
9.499749874937468,9.75647693555637,1,0
9.504752376188094,9.52528685075934,1,0
9.50975487743872,9.766424033675156,1,0
9.514757378689344,9.708590174579976,1,0
9.51975987993997,9.418360799172357,1,0
9.524762381190595,9.85475166961675,1,0
9.52976488244122,9.48006695154045,1,0
9.534767383691845,9.416634234917565,1,0
9.539769884942471,9.329166546528882,1,0
9.544772386193097,9.42261762074136,1,0
9.549774887443721,9.325609626042807,1,0
9.554777388694347,9.218121311210878,1,0
9.559779889944972,9.747426292656776,1,0
9.564782391195598,9.448134379870021,1,0
9.569784892446222,9.239042055943656,1,0
9.574787393696848,9.380186585325044,1,0
9.579789894947474,9.889419019449152,1,0
9.584792396198099,9.963615667993203,1,0
9.589794897448725,9.627473799214606,1,0
9.594797398699349,9.892966996580904,1,0
9.599799899949975,9.406864502266115,1,0
9.6048024012006,9.581583115622825,1,0
9.609804902451225,9.717747739056943,1,0
9.614807403701851,9.759198950542435,1,0
9.619809904952476,9.945973128934634,1,0
9.624812406203102,9.2840625159966,1,0
9.629814907453726,9.950146681396111,1,0
9.634817408704352,10.014866592011668,1,0
9.639819909954976,9.884237324905948,1,0
9.644822411205602,9.577384419319772,1,0
9.649824912456229,9.451281927736597,1,0
9.654827413706853,9.379498825403186,1,0
9.659829914957479,9.716967954172041,1,0
9.664832416208103,9.731403003530211,1,0
9.66983491745873,9.73992578949564,1,0
9.674837418709354,9.96437521972177,1,0
9.67983991995998,9.460387959159283,1,0
9.684842421210606,9.708774013416233,1,0
9.68984492246123,9.408673942670514,1,0
9.694847423711856,9.831186105564596,1,0
9.69984992496248,10.042750350466852,1,0
9.704852426213106,9.868160684345474,1,0
9.709854927463732,9.561300586338694,1,0
9.714857428714357,9.611872342886121,1,0
9.719859929964983,9.910288437207306,1,0
9.724862431215607,9.861093234681235,1,0
9.729864932466233,9.886443894865197,1,0
9.734867433716857,9.989206161746843,1,0
9.739869934967484,9.35818001219285,1,0
9.74487243621811,9.54848178456644,1,0
9.749874937468734,9.830200440927998,1,0
9.75487743871936,9.873018259770399,1,0
9.759879939969984,9.921224095923641,1,0
9.76488244122061,10.132703512216573,1,0
9.769884942471235,9.790756388199627,1,0
9.77488744372186,9.74749932307998,1,0
9.779889944972487,9.410641169135847,1,0
9.784892446223111,10.140837604683488,1,0
9.789894947473737,9.451902642983883,1,0
9.794897448724361,9.774681944105492,1,0
9.799899949974987,10.066479436994214,1,0
9.804902451225612,9.479195241738859,1,0
9.809904952476238,10.01656945335065,1,0
9.814907453726864,10.090725151428856,1,0
9.819909954977488,9.661114744961777,1,0
9.824912456228114,9.922126691958454,1,0
9.829914957478739,10.085344433635802,1,0
9.834917458729365,9.554791714247976,1,0
9.839919959979989,9.777906044364409,1,0
9.844922461230615,9.496241302484703,1,0
9.849924962481241,10.226695985196539,1,0
9.854927463731865,9.828602443748636,1,0
9.859929964982491,10.121218203944498,1,0
9.864932466233116,9.932916267318266,1,0
9.869934967483742,10.08937539706249,1,0
9.874937468734366,10.256912840749507,1,0
9.879939969984992,9.739482907632732,1,0
9.884942471235618,10.068109194064764,1,0
9.889944972486242,9.846104019078552,1,0
9.894947473736869,9.620979231842481,1,0
9.899949974987493,10.264203763721675,1,0
9.904952476238119,9.89428287526405,1,0
9.909954977488743,10.215209798117934,1,0
9.91495747873937,9.703207099886946,1,0
9.919959979989995,9.82122165961849,1,0
9.92496248124062,10.041596271161541,1,0
9.929964982491246,9.774605579578534,1,0
9.93496748374187,9.755059564529164,1,0
9.939969984992496,9.90830591417652,1,0
9.944972486243122,10.150959309674256,1,0
9.949974987493746,10.293577695823085,1,0
9.954977488744372,9.74172467316922,1,0
9.959979989994997,10.145396004655963,1,0
9.964982491245623,9.882923882731049,1,0
9.969984992496247,10.273582397869452,1,0
9.974987493746873,10.201697048283792,1,0
9.9799899949975,9.846085512870703,1,0
9.984992496248124,9.607605710872964,1,0
9.98999499749875,9.683607013219799,1,0
9.994997498749374,9.928355424446021,1,0
10.0,9.819474019919468,1,0
