x,Quadratic Value,a,b,c
0.0,0.0,1,0,0
0.0050025012506253125,2.442272372298195e-05,1,0,0
0.010005002501250625,0.00010273066008846196,1,0,0
0.015007503751875938,0.00021994063703299952,1,0,0
0.02001000500250125,0.000393554917285767,1,0,0
0.02501250625312656,0.0006388830406247108,1,0,0
0.030015007503751877,0.0008893510567189158,1,0,0
0.03501750875437719,0.001222109917300675,1,0,0
0.0400200100050025,0.0015441857833676687,1,0,0
0.04502251125562781,0.002087437451121653,1,0,0
0.05002501250625312,0.0024079724867764303,1,0,0
0.055027513756878435,0.003137843005689405,1,0,0
0.060030015007503754,0.0034602972430231114,1,0,0
0.06503251625812906,0.004273266549072246,1,0,0
0.07003501750875438,0.0050756605297907886,1,0,0
0.07503751875937968,0.005689907105629501,1,0,0
0.080040020010005,0.006241503523483416,1,0,0
0.08504252126063032,0.007181109210620564,1,0,0
0.09004502251125562,0.0078097040263196,1,0,0
0.09504752376188094,0.009200603324845198,1,0,0
0.10005002501250625,0.010074544081483656,1,0,0
0.10505252626313157,0.010750045244501925,1,0,0
0.11005502751375687,0.011656702724286405,1,0,0
0.11505752876438219,0.013410071821818727,1,0,0
0.12006003001500751,0.013873418717784835,1,0,0
0.12506253126563283,0.01625288261566717,1,0,0
0.13006503251625812,0.01731590357673265,1,0,0
0.13506753376688344,0.017768750239590778,1,0,0
0.14007003501750875,0.01913372803671415,1,0,0
0.14507253626813407,0.020341575277390896,1,0,0
0.15007503751875936,0.022019211817509533,1,0,0
0.15507753876938468,0.02498315989846709,1,0,0
0.16008004002001,0.026152663548056645,1,0,0
0.16508254127063532,0.02728057819576318,1,0,0
0.17008504252126064,0.030037184391168186,1,0,0
0.17508754377188593,0.02946755613597041,1,0,0
0.18009004502251125,0.03274142437059535,1,0,0
0.18509254627313657,0.03420199059450931,1,0,0
0.19009504752376188,0.03532688081592726,1,0,0
0.19509754877438718,0.038021018736310364,1,0,0
0.2001000500250125,0.041246831454136525,1,0,0
0.2051025512756378,0.041578697332600466,1,0,0
0.21010505252626313,0.04563493172906163,1,0,0
0.21510755377688845,0.04528656615232578,1,0,0
0.22011005502751374,0.05003516640733387,1,0,0
0.22511255627813906,0.04945961213135968,1,0,0
0.23011505752876438,0.05202039384671692,1,0,0
0.2351175587793897,0.054204140522207615,1,0,0
0.24012006003001501,0.05606949146067942,1,0,0
0.2451225612806403,0.05902640084989999,1,0,0
0.25012506253126565,0.06184449932122004,1,0,0
0.25512756378189094,0.06257944943957786,1,0,0
0.26013006503251623,0.06499262644348762,1,0,0
0.2651325662831416,0.0709769080199662,1,0,0
0.27013506753376687,0.07093348439640167,1,0,0
0.27513756878439216,0.07680641617575613,1,0,0
0.2801400700350175,0.08123446653818348,1,0,0
0.2851425712856428,0.08209369859458289,1,0,0
0.29014507253626814,0.08514424661929537,1,0,0
0.29514757378689344,0.08915539119469049,1,0,0
0.3001500750375187,0.09172369766950333,1,0,0
0.3051525762881441,0.09650962333750536,1,0,0
0.31015507753876936,0.09641007872300726,1,0,0
0.3151575787893947,0.10181987485905405,1,0,0
0.32016008004002,0.10640411653118269,1,0,0
0.3251625812906453,0.1018990318911038,1,0,0
0.33016508254127064,0.10566208262515653,1,0,0
0.33516758379189593,0.1141238575126954,1,0,0
0.3401700850425213,0.11159463831615157,1,0,0
0.34517258629314657,0.11893898146930294,1,0,0
0.35017508754377186,0.12313939055486746,1,0,0
0.3551775887943972,0.12442796936887558,1,0,0
0.3601800900450225,0.12831923120050986,1,0,0
0.36518259129564784,0.13698620599777198,1,0,0
0.37018509254627313,0.1323466871893149,1,0,0
0.3751875937968984,0.13827406180017934,1,0,0
0.38019009504752377,0.1424465897364018,1,0,0
0.38519259629814906,0.1528149887671158,1,0,0
0.39019509754877435,0.14955119404336864,1,0,0
0.3951975987993997,0.15665315173668706,1,0,0
0.400200100050025,0.16318801170317954,1,0,0
0.40520260130065033,0.16172847449225067,1,0,0
0.4102051025512756,0.16465624565727477,1,0,0
0.4152076038019009,0.1691333001599773,1,0,0
0.42021010505252626,0.1813760947595338,1,0,0
0.42521260630315155,0.18499195855872774,1,0,0
0.4302151075537769,0.1824178281238924,1,0,0
0.4352176088044022,0.1942464830526741,1,0,0
0.4402201100550275,0.19276623195654694,1,0,0
0.4452226113056528,0.19061385292655164,1,0,0
0.4502251125562781,0.196298691214042,1,0,0
0.45522761380690346,0.20023553738900288,1,0,0
0.46023011505752875,0.21181368668485676,1,0,0
0.46523261630815405,0.22005374551298643,1,0,0
0.4702351175587794,0.2298125510122597,1,0,0
0.4752376188094047,0.22456225879820596,1,0,0
0.48024012006003003,0.2395912495116297,1,0,0
0.4852426213106553,0.23161520527668147,1,0,0
0.4902451225612806,0.23843859788947103,1,0,0
0.49524762381190596,0.2506957258029555,1,0,0
0.5002501250625313,0.2482610288836901,1,0,0
0.5052526263131566,0.2605097082154377,1,0,0
0.5102551275637819,0.27009531307279905,1,0,0
0.5152576288144072,0.26226488792792735,1,0,0
0.5202601300650325,0.2641462977681063,1,0,0
0.5252626313156579,0.2791708652269459,1,0,0
0.5302651325662832,0.28039842899649187,1,0,0
0.5352676338169085,0.28595288498676597,1,0,0
0.5402701350675337,0.2997518298315695,1,0,0
0.545272636318159,0.30054350387854545,1,0,0
0.5502751375687843,0.2990715537926161,1,0,0
0.5552776388194097,0.3119234633165028,1,0,0
0.560280140070035,0.3190771868386062,1,0,0
0.5652826413206603,0.31401431273371605,1,0,0
0.5702851425712856,0.3174815870579902,1,0,0
0.5752876438219109,0.33990485713456764,1,0,0
0.5802901450725363,0.33960108262287986,1,0,0
0.5852926463231616,0.3462357845777676,1,0,0
0.5902951475737869,0.3550950360549186,1,0,0
0.5952976488244122,0.3528283259798907,1,0,0
0.6003001500750375,0.3563901640685022,1,0,0
0.6053026513256629,0.3742441311723611,1,0,0
0.6103051525762881,0.38467065544827284,1,0,0
0.6153076538269134,0.3658256811559499,1,0,0
0.6203101550775387,0.37857177276121545,1,0,0
0.625312656328164,0.38424446968243503,1,0,0
0.6303151575787894,0.4017681646687397,1,0,0
0.6353176588294147,0.41832818907886893,1,0,0
0.64032016008004,0.41095958985016384,1,0,0
0.6453226613306653,0.40882110455571946,1,0,0
0.6503251625812906,0.40686736130879125,1,0,0
0.655327663831916,0.4302615209052029,1,0,0
0.6603301650825413,0.44356294022817555,1,0,0
0.6653326663331666,0.4511271143067657,1,0,0
0.6703351675837919,0.44915931448617336,1,0,0
0.6753376688344171,0.4615464078143918,1,0,0
0.6803401700850426,0.48059090919579467,1,0,0
0.6853426713356678,0.48248316385475865,1,0,0
0.6903451725862931,0.470242812072568,1,0,0
0.6953476738369184,0.49837074896212813,1,0,0
0.7003501750875437,0.495582413484167,1,0,0
0.7053526763381691,0.5171029085940685,1,0,0
0.7103551775887944,0.5003612045461573,1,0,0
0.7153576788394197,0.5296010859057516,1,0,0
0.720360180090045,0.5101724334192445,1,0,0
0.7253626813406703,0.525690105604659,1,0,0
0.7303651825912957,0.5196025467559335,1,0,0
0.735367683841921,0.5301103482322631,1,0,0
0.7403701850925463,0.5635230723102178,1,0,0
0.7453726863431716,0.5526338092850266,1,0,0
0.7503751875937968,0.5509170334009527,1,0,0
0.7553776888444221,0.5797701244550181,1,0,0
0.7603801900950475,0.5626071684070972,1,0,0
0.7653826913456728,0.5923072058942036,1,0,0
0.7703851925962981,0.594148347310563,1,0,0
0.7753876938469234,0.6102833755933813,1,0,0
0.7803901950975487,0.6049701544759224,1,0,0
0.7853926963481741,0.5940327566154773,1,0,0
0.7903951975987994,0.6183541368618916,1,0,0
0.7953976988494247,0.6498078440795482,1,0,0
0.80040020010005,0.6408091085940623,1,0,0
0.8054027013506753,0.6675538454292838,1,0,0
0.8104052026013007,0.6599892825490011,1,0,0
0.815407703851926,0.6798196972313199,1,0,0
0.8204102051025512,0.6645499486786449,1,0,0
0.8254127063531765,0.7028166008103722,1,0,0
0.8304152076038018,0.6853661819695069,1,0,0
0.8354177088544272,0.7123110659320283,1,0,0
0.8404202101050525,0.7143770795885727,1,0,0
0.8454227113556778,0.6913905537747798,1,0,0
0.8504252126063031,0.7306529398791163,1,0,0
0.8554277138569284,0.74853467127768,1,0,0
0.8604302151075538,0.7527844000477597,1,0,0
0.8654327163581791,0.7589385615673243,1,0,0
0.8704352176088044,0.7344696530409421,1,0,0
0.8754377188594297,0.764714001995619,1,0,0
0.880440220110055,0.7583822847597043,1,0,0
0.8854427213606804,0.8013724593130133,1,0,0
0.8904452226113057,0.7936437015083574,1,0,0
0.8954477238619309,0.8208136250491369,1,0,0
0.9004502251125562,0.820349212399438,1,0,0
0.9054527263631815,0.8182879898939966,1,0,0
0.9104552276138069,0.8273125045899286,1,0,0
0.9154577288644322,0.8279279431477458,1,0,0
0.9204602301150575,0.8330830906281804,1,0,0
0.9254627313656828,0.8415155204441318,1,0,0
0.9304652326163081,0.8430177984164711,1,0,0
0.9354677338669335,0.868570121755522,1,0,0
0.9404702351175588,0.8975522657067068,1,0,0
0.9454727363681841,0.9232131845285342,1,0,0
0.9504752376188094,0.896316842243932,1,0,0
0.9554777388694347,0.9135222901328903,1,0,0
0.9604802401200601,0.8996342656402062,1,0,0
0.9654827413706853,0.9183818878134399,1,0,0
0.9704852426213106,0.9074945676645935,1,0,0
0.9754877438719359,0.9606063574540245,1,0,0
0.9804902451225612,0.9633218444509378,1,0,0
0.9854927463731865,0.9890245685023108,1,0,0
0.9904952476238119,0.9705722988852372,1,0,0
0.9954977488744372,0.9767422735106753,1,0,0
1.0005002501250626,0.968970656235307,1,0,0
1.0055027513756878,1.0152267246956637,1,0,0
1.0105052526263132,1.0089254500346385,1,0,0
1.0155077538769384,1.0290876040121537,1,0,0
1.0205102551275638,1.0806293636013447,1,0,0
1.0255127563781892,1.0526114125094574,1,0,0
1.0305152576288144,1.0545989631529133,1,0,0
1.0355177588794398,1.1107681056181613,1,0,0
1.040520260130065,1.0471942782682564,1,0,0
1.0455227613806903,1.057423805209002,1,0,0
1.0505252626313157,1.0892719770508665,1,0,0
1.055527763881941,1.1086113289574209,1,0,0
1.0605302651325663,1.1159527556947801,1,0,0
1.0655327663831915,1.11347541810505,1,0,0
1.070535267633817,1.1012669665389978,1,0,0
1.075537768884442,1.1751683723998552,1,0,0
1.0805402701350675,1.1227116357990812,1,0,0
1.0855427713856929,1.2010955572251507,1,0,0
1.090545272636318,1.173229331425063,1,0,0
1.0955477738869435,1.194308292791656,1,0,0
1.1005502751375686,1.1782360824510587,1,0,0
1.105552776388194,1.196044048387962,1,0,0
1.1105552776388194,1.198216741402241,1,0,0
1.1155577788894446,1.2343285482124815,1,0,0
1.12056028014007,1.2448782006392176,1,0,0
1.1255627813906952,1.2450462567396863,1,0,0
1.1305652826413206,1.3138740586774482,1,0,0
1.135567783891946,1.3126545134458603,1,0,0
1.1405702851425712,1.2794550575095542,1,0,0
1.1455727863931966,1.3133900779273102,1,0,0
1.1505752876438218,1.364166577484088,1,0,0
1.1555777888944472,1.3870974150039472,1,0,0
1.1605802901450726,1.3998217278146383,1,0,0
1.1655827913956978,1.376918747573099,1,0,0
1.1705852926463232,1.399381997133221,1,0,0
1.1755877938969483,1.4220660866665258,1,0,0
1.1805902951475737,1.414960211095751,1,0,0
1.1855927963981991,1.350736070403486,1,0,0
1.1905952976488243,1.4076508322741452,1,0,0
1.1955977988994497,1.4860780117451908,1,0,0
1.200600300150075,1.4316379779004513,1,0,0
1.2056028014007003,1.451753977120387,1,0,0
1.2106053026513257,1.4387918431867572,1,0,0
1.215607803901951,1.467533371760273,1,0,0
1.2206103051525763,1.4885442190711902,1,0,0
1.2256128064032015,1.533052959474533,1,0,0
1.2306153076538269,1.4765646416558627,1,0,0
1.2356178089044523,1.5359250148074395,1,0,0
1.2406203101550775,1.5148485040875759,1,0,0
1.2456228114057029,1.5037125842239667,1,0,0
1.250625312656328,1.504347476459454,1,0,0
1.2556278139069534,1.6322607890950942,1,0,0
1.2606303151575788,1.527109685437085,1,0,0
1.265632816408204,1.6095301371817488,1,0,0
1.2706353176588294,1.5531623448425707,1,0,0
1.2756378189094546,1.656811525276088,1,0,0
1.28064032016008,1.6869787055719547,1,0,0
1.2856428214107054,1.6630233721106393,1,0,0
1.2906453226613306,1.6156082849075044,1,0,0
1.295647823911956,1.6825735851881218,1,0,0
1.3006503251625812,1.6280507622925842,1,0,0
1.3056528264132066,1.745664540076811,1,0,0
1.310655327663832,1.6546502041008957,1,0,0
1.3156578289144572,1.7551879081649198,1,0,0
1.3206603301650826,1.8096764638283866,1,0,0
1.3256628314157077,1.7692156295794876,1,0,0
1.3306653326663331,1.7395144115727532,1,0,0
1.3356678339169585,1.8548089252805782,1,0,0
1.3406703351675837,1.7911710633050937,1,0,0
1.3456728364182091,1.7677001815581612,1,0,0
1.3506753376688343,1.7523913769102755,1,0,0
1.3556778389194597,1.8585784430949506,1,0,0
1.360680340170085,1.7887189630731835,1,0,0
1.3656828414207103,1.878229717743175,1,0,0
1.3706853426713357,1.8924503230984424,1,0,0
1.3756878439219609,1.8538957969861454,1,0,0
1.3806903451725863,1.8826598101088075,1,0,0
1.3856928464232117,1.8969665559007474,1,0,0
1.3906953476738368,2.0069995950012793,1,0,0
1.3956978489244622,2.001379737647866,1,0,0
1.4007003501750874,1.9153302921006214,1,0,0
1.4057028514257128,2.0488508194103603,1,0,0
1.4107053526763382,2.0480897897566557,1,0,0
1.4157078539269634,2.022293856857966,1,0,0
1.4207103551775888,1.9850138987565007,1,0,0
1.425712856428214,1.9860753888322595,1,0,0
1.4307153576788394,1.9692057499915112,1,0,0
1.4357178589294648,2.1197374441784613,1,0,0
1.44072036018009,2.031867806062534,1,0,0
1.4457228614307154,2.080937821946104,1,0,0
1.4507253626813406,2.0310216424662038,1,0,0
1.455727863931966,2.163825885499024,1,0,0
1.4607303651825914,2.0778596740022532,1,0,0
1.4657328664332165,2.164210910891955,1,0,0
1.470735367683842,2.084284202758706,1,0,0
1.4757378689344671,2.2326463037629947,1,0,0
1.4807403701850925,2.140918543664978,1,0,0
1.485742871435718,2.132236121055217,1,0,0
1.490745372686343,2.2685107393516946,1,0,0
1.4957478739369685,2.301447360305105,1,0,0
1.5007503751875937,2.204797957796424,1,0,0
1.505752876438219,2.3073012118940484,1,0,0
1.5107553776888443,2.257092460521264,1,0,0
1.5157578789394697,2.286914923179601,1,0,0
1.520760380190095,2.2478262287660056,1,0,0
1.5257628814407203,2.3698012715943566,1,0,0
1.5307653826913457,2.399974126033026,1,0,0
1.5357678839419708,2.2736694839765277,1,0,0
1.5407703851925962,2.3923961780694945,1,0,0
1.5457728864432216,2.4495541770789298,1,0,0
1.5507753876938468,2.4953620430516676,1,0,0
1.5557778889444722,2.4581963236253555,1,0,0
1.5607803901950974,2.3529253354455713,1,0,0
1.5657828914457228,2.454010245097859,1,0,0
1.5707853926963482,2.5224343963644986,1,0,0
1.5757878939469734,2.443678382218468,1,0,0
1.5807903951975988,2.422598478016261,1,0,0
1.585792896448224,2.5976363434846204,1,0,0
1.5907953976988494,2.4725150115837726,1,0,0
1.5957978989494748,2.572726888518299,1,0,0
1.6008004002001,2.6169180439475226,1,0,0
1.6058029014507254,2.4795973121327703,1,0,0
1.6108054027013505,2.6753056181855808,1,0,0
1.615807903951976,2.672402095831979,1,0,0
1.6208104052026013,2.5901195806695743,1,0,0
1.6258129064532265,2.663264046983783,1,0,0
1.630815407703852,2.6507833246544803,1,0,0
1.635817908954477,2.6335983108563026,1,0,0
1.6408204102051025,2.6495561910564343,1,0,0
1.645822911455728,2.641688574221223,1,0,0
1.650825412706353,2.8311809413543494,1,0,0
1.6558279139569785,2.821013115828378,1,0,0
1.6608304152076037,2.785879561625652,1,0,0
1.665832916458229,2.755931631439924,1,0,0
1.6708354177088545,2.8461962551827034,1,0,0
1.6758379189594796,2.846808148495433,1,0,0
1.680840420210105,2.7230540190945405,1,0,0
1.6858429214607302,2.779305605458348,1,0,0
1.6908454227113556,2.7687402779287127,1,0,0
1.695847923961981,2.8795279063724832,1,0,0
1.7008504252126062,2.959104382674855,1,0,0
1.7058529264632316,2.8825970343168263,1,0,0
1.7108554277138568,2.896876470352786,1,0,0
1.7158579289644822,2.9599974360077947,1,0,0
1.7208604302151076,3.0330800789420107,1,0,0
1.7258629314657328,3.066998405269716,1,0,0
1.7308654327163582,2.99923428476643,1,0,0
1.7358679339669834,2.953576010117208,1,0,0
1.7408704352176088,3.1214448956182155,1,0,0
1.7458729364682342,3.005943881959692,1,0,0
1.7508754377188593,3.0319274687055797,1,0,0
1.7558779389694847,2.9817856762806723,1,0,0
1.76088044022011,3.0818243854288467,1,0,0
1.7658829414707353,3.1884978398904615,1,0,0
1.7708854427213607,3.1484599596586658,1,0,0
1.775887943971986,3.268189364257427,1,0,0
1.7808904452226113,3.1583475066098545,1,0,0
1.7858929464732365,3.1812023734509705,1,0,0
1.7908954477238619,3.111363351175957,1,0,0
1.7958979489744873,3.1600311518671655,1,0,0
1.8009004502251125,3.1758420480266962,1,0,0
1.8059029514757379,3.2169016484194586,1,0,0
1.810905452726363,3.2605378714136517,1,0,0
1.8159079539769885,3.3521775659443294,1,0,0
1.8209104552276139,3.3943232250887845,1,0,0
1.825912956478239,3.2505004636981725,1,0,0
1.8309154577288644,3.3627779090212337,1,0,0
1.8359179589794896,3.242021535501429,1,0,0
1.840920460230115,3.4540881971793556,1,0,0
1.8459229614807404,3.4451172943038584,1,0,0
1.8509254627313656,3.3550621794767626,1,0,0
1.855927963981991,3.3864582616189804,1,0,0
1.8609304652326162,3.45115990690482,1,0,0
1.8659329664832416,3.368785281670904,1,0,0
1.870935467733867,3.4886993057931126,1,0,0
1.8759379689844922,3.4353307399018322,1,0,0
1.8809404702351176,3.6100232935319987,1,0,0
1.8859429714857427,3.5663727406475223,1,0,0
1.8909454727363681,3.7132071758771867,1,0,0
1.8959479739869936,3.5229945611153135,1,0,0
1.9009504752376187,3.5659126709404507,1,0,0
1.9059529764882441,3.59167945774904,1,0,0
1.9109554777388693,3.67125165660945,1,0,0
1.9159579789894947,3.658836787695821,1,0,0
1.9209604802401201,3.5441610965633505,1,0,0
1.9259629814907453,3.6675315489162323,1,0,0
1.9309654827413707,3.71995147292426,1,0,0
1.9359679839919959,3.8078510559537593,1,0,0
1.9409704852426213,3.9074711362418815,1,0,0
1.9459729864932465,3.641463106044461,1,0,0
1.9509754877438719,3.8605919617832622,1,0,0
1.9559779889944973,3.8228096931436832,1,0,0
1.9609804902451224,3.9097405876070193,1,0,0
1.9659829914957478,3.759426451991271,1,0,0
1.970985492746373,3.876054077309897,1,0,0
1.9759879939969984,3.7825275992691663,1,0,0
1.9809904952476238,3.98146879997446,1,0,0
1.985992996498249,4.040280861151997,1,0,0
1.9909954977488744,3.9696118964973692,1,0,0
1.9959979989994996,4.141467552759566,1,0,0
2.001000500250125,3.9821666317328446,1,0,0
2.0060030015007504,3.979390158655175,1,0,0
2.0110055027513756,4.109673497061474,1,0,0
2.0160080040020008,3.920217363079591,1,0,0
2.0210105052526264,4.0955506058948306,1,0,0
2.0260130065032516,4.049806145175256,1,0,0
2.0310155077538767,4.198880996253174,1,0,0
2.0360180090045024,4.301409406435237,1,0,0
2.0410205102551275,4.311516495960472,1,0,0
2.0460230115057527,4.278674134217978,1,0,0
2.0510255127563783,4.309000580287575,1,0,0
2.0560280140070035,4.162742543315487,1,0,0
2.0610305152576287,4.095834419806791,1,0,0
2.066033016508254,4.128870785665287,1,0,0
2.0710355177588795,4.233655809800078,1,0,0
2.0760380190095047,4.153050378777453,1,0,0
2.08104052026013,4.405479874026379,1,0,0
2.0860430215107555,4.463613799944472,1,0,0
2.0910455227613807,4.246499862133521,1,0,0
2.096048024012006,4.255271460831597,1,0,0
2.1010505252626315,4.534250656528982,1,0,0
2.1060530265132567,4.334945744771024,1,0,0
2.111055527763882,4.357764673210864,1,0,0
2.116058029014507,4.315322977082825,1,0,0
2.1210605302651326,4.657005321809194,1,0,0
2.126063031515758,4.671458389762234,1,0,0
2.131065532766383,4.461396488849255,1,0,0
2.1360680340170086,4.490048734173197,1,0,0
2.141070535267634,4.4484553374503175,1,0,0
2.146073036518259,4.45071160316481,1,0,0
2.151075537768884,4.701527664356886,1,0,0
2.15607803901951,4.729639334518768,1,0,0
2.161080540270135,4.72775526207739,1,0,0
2.16608304152076,4.537019960412292,1,0,0
2.1710855427713858,4.574267816698155,1,0,0
2.176088044022011,4.721405955994219,1,0,0
2.181090545272636,4.610867245066667,1,0,0
2.1860930465232618,4.683100295459422,1,0,0
2.191095547773887,4.641029731030623,1,0,0
2.196098049024512,4.689563300685898,1,0,0
2.2011005502751373,4.748191659286021,1,0,0
2.206103051525763,4.74371198279833,1,0,0
2.211105552776388,4.914499375170248,1,0,0
2.2161080540270133,5.026662067745306,1,0,0
2.221110555277639,4.947833949407636,1,0,0
2.226113056528264,4.860143635992608,1,0,0
2.2311155577788893,4.80570810162098,1,0,0
2.236118059029515,5.057829716397549,1,0,0
2.24112056028014,5.195956134677624,1,0,0
2.2461230615307652,5.210912204976677,1,0,0
2.2511255627813904,5.205843648727398,1,0,0
2.256128064032016,5.0405598850931534,1,0,0
2.2611305652826412,5.141020162891184,1,0,0
2.2661330665332664,5.013876855505486,1,0,0
2.271135567783892,5.27427276250586,1,0,0
2.276138069034517,5.172394374546291,1,0,0
2.2811405702851424,5.119431110613068,1,0,0
2.286143071535768,5.2673232825845915,1,0,0
2.291145572786393,5.421879678535803,1,0,0
2.2961480740370184,5.1221842055162785,1,0,0
2.3011505752876436,5.209182091648706,1,0,0
2.306153076538269,5.159916643057274,1,0,0
2.3111555777888944,5.3659484481192,1,0,0
2.3161580790395195,5.186549154761582,1,0,0
2.321160580290145,5.332714049927187,1,0,0
2.3261630815407703,5.475160829940029,1,0,0
2.3311655827913955,5.225676542904419,1,0,0
2.336168084042021,5.536669099273551,1,0,0
2.3411705852926463,5.652176624306679,1,0,0
2.3461730865432715,5.356745764517067,1,0,0
2.3511755877938967,5.717203947225261,1,0,0
2.3561780890445223,5.669275845344681,1,0,0
2.3611805902951475,5.40357359820077,1,0,0
2.3661830915457727,5.47052355688323,1,0,0
2.3711855927963983,5.517271630505217,1,0,0
2.3761880940470235,5.625841876455142,1,0,0
2.3811905952976486,5.538184606157036,1,0,0
2.3861930965482743,5.772475832966407,1,0,0
2.3911955977988995,5.5302118353635565,1,0,0
2.3961980990495246,5.669442164998586,1,0,0
2.40120060030015,5.6939352042421065,1,0,0
2.4062031015507754,5.614510929136626,1,0,0
2.4112056028014006,5.856961758291663,1,0,0
2.416208104052026,5.995872610751985,1,0,0
2.4212106053026514,5.659848716531072,1,0,0
2.4262131065532766,6.029846092633857,1,0,0
2.431215607803902,5.9526968198068255,1,0,0
2.4362181090545274,6.0439227656744245,1,0,0
2.4412206103051526,6.1829724819649154,1,0,0
2.4462231115557778,6.22033419114008,1,0,0
2.451225612806403,5.886957866912342,1,0,0
2.4562281140570286,5.97720405804193,1,0,0
2.4612306153076537,6.2338570114468705,1,0,0
2.466233116558279,6.002338659227413,1,0,0
2.4712356178089045,6.258019813756059,1,0,0
2.4762381190595297,6.036457646074197,1,0,0
2.481240620310155,6.060912637109353,1,0,0
2.4862431215607805,5.9968521988263035,1,0,0
2.4912456228114057,6.191921586858117,1,0,0
2.496248124062031,6.476627861977233,1,0,0
2.501250625312656,6.497692295469695,1,0,0
2.5062531265632817,6.07107066481224,1,0,0
2.511255627813907,6.143757595001343,1,0,0
2.516258129064532,6.565791742712755,1,0,0
2.5212606303151577,6.57535624408242,1,0,0
2.526263131565783,6.382197649185131,1,0,0
2.531265632816408,6.2838292231479995,1,0,0
2.5362681340670337,6.565027108873057,1,0,0
2.541270635317659,6.676552267409183,1,0,0
2.546273136568284,6.255088817974482,1,0,0
2.551275637818909,6.423864285326986,1,0,0
2.556278139069535,6.50466446212273,1,0,0
2.56128064032016,6.347786629104128,1,0,0
2.566283141570785,6.523490561327084,1,0,0
2.571285642821411,6.828172368923764,1,0,0
2.576288144072036,6.866987798632984,1,0,0
2.581290645322661,6.685384428173513,1,0,0
2.5862931465732864,6.699368509575411,1,0,0
2.591295647823912,6.45156130049014,1,0,0
2.596298149074537,6.858116165750286,1,0,0
2.6013006503251623,6.652539148223664,1,0,0
2.606303151575788,6.554666992364161,1,0,0
2.611305652826413,6.896992495976548,1,0,0
2.6163081540770383,6.863877263597524,1,0,0
2.621310655327664,7.106380124535001,1,0,0
2.626313156578289,7.150440475326841,1,0,0
2.6313156578289143,7.050305084514791,1,0,0
2.6363181590795395,6.9667726104633845,1,0,0
2.641320660330165,7.2411308747509775,1,0,0
2.6463231615807903,7.087652374602938,1,0,0
2.6513256628314155,7.181754636161756,1,0,0
2.656328164082041,6.820938803605747,1,0,0
2.6613306653326663,7.2920131433081545,1,0,0
2.6663331665832914,7.2183408507814155,1,0,0
2.671335667833917,7.3850555290174915,1,0,0
2.6763381690845423,7.1856334990398585,1,0,0
2.6813406703351674,7.368539277571698,1,0,0
2.6863431715857926,7.420537103369131,1,0,0
2.6913456728364182,7.274156049271723,1,0,0
2.6963481740870434,7.112272006911931,1,0,0
2.7013506753376686,7.472562793223574,1,0,0
2.706353176588294,7.277818732925655,1,0,0
2.7113556778389194,7.592053659383107,1,0,0
2.7163581790895446,7.326446708914775,1,0,0
2.72136068034017,7.333665949455925,1,0,0
2.7263631815907954,7.704740555419343,1,0,0
2.7313656828414206,7.695640305917855,1,0,0
2.7363681840920457,7.281825871360461,1,0,0
2.7413706853426714,7.299683533282289,1,0,0
2.7463731865932965,7.596723558065411,1,0,0
2.7513756878439217,7.831673562792651,1,0,0
2.7563781890945473,7.391370914227334,1,0,0
2.7613806903451725,7.881014080381551,1,0,0
2.7663831915957977,7.713176668272317,1,0,0
2.7713856928464233,7.545975665573709,1,0,0
2.7763881940970485,7.739404306120099,1,0,0
2.7813906953476737,7.4365728640395155,1,0,0
2.786393196598299,7.8657817825794885,1,0,0
2.7913956978489245,7.594143768482911,1,0,0
2.7963981990995497,7.623019604733427,1,0,0
2.801400700350175,8.079668904172998,1,0,0
2.8064032016008005,8.128878399716436,1,0,0
2.8114057028514257,7.8363106806872995,1,0,0
2.816408204102051,7.9437409652575415,1,0,0
2.8214107053526765,8.098208386054697,1,0,0
2.8264132066033016,8.223119904586023,1,0,0
2.831415707853927,8.332455225019153,1,0,0
2.836418209104552,8.018095958572502,1,0,0
2.8414207103551776,8.301140660277262,1,0,0
2.846423211605803,7.958096879065233,1,0,0
2.851425712856428,8.330134112235946,1,0,0
2.8564282141070536,8.327988251813455,1,0,0
2.861430715357679,8.183254646801737,1,0,0
2.866433216608304,8.243239458836507,1,0,0
2.8714357178589296,8.545747527974662,1,0,0
2.8764382191095548,8.088749103186007,1,0,0
2.88144072036018,8.336501438035356,1,0,0
2.886443221610805,8.502503686536196,1,0,0
2.8914457228614308,8.339491795242191,1,0,0
2.896448224112056,8.561237938400744,1,0,0
2.901450725362681,8.264654824898434,1,0,0
2.9064532266133067,8.474596079971237,1,0,0
2.911455727863932,8.788482909661198,1,0,0
2.916458229114557,8.730546826503167,1,0,0
2.9214607303651827,8.622750866410128,1,0,0
2.926463231615808,8.495198233400336,1,0,0
2.931465732866433,8.400544010297544,1,0,0
2.9364682341170583,8.600448434450096,1,0,0
2.941470735367684,8.410206340662892,1,0,0
2.946473236618309,8.365609152631635,1,0,0
2.9514757378689342,8.89280293187035,1,0,0
2.95647823911956,8.615837556487206,1,0,0
2.961480740370185,8.838925298918104,1,0,0
2.9664832416208102,8.625019696592048,1,0,0
2.971485742871436,8.857529561205777,1,0,0
2.976488244122061,9.133646846200431,1,0,0
2.981490745372686,9.107108858671165,1,0,0
2.9864932466233114,9.135482325444398,1,0,0
2.991495747873937,9.048992645700428,1,0,0
2.996498249124562,9.09088392585335,1,0,0
3.0015007503751874,8.92232453696604,1,0,0
3.006503251625813,9.124959509058812,1,0,0
3.011505752876438,9.19152681003875,1,0,0
3.0165082541270634,9.09112188322933,1,0,0
3.0215107553776885,9.11791182703552,1,0,0
3.026513256628314,9.222390887232542,1,0,0
3.0315157578789393,9.443353137668863,1,0,0
3.0365182591295645,9.383966518195585,1,0,0
3.04152076038019,9.287870617015844,1,0,0
3.0465232616308153,9.393812635284263,1,0,0
3.0515257628814405,9.566466277471033,1,0,0
3.056528264132066,9.652575147197073,1,0,0
3.0615307653826913,9.028393203191632,1,0,0
3.0665332666333165,9.259656891489449,1,0,0
3.0715357678839417,9.436409550189472,1,0,0
3.0765382691345673,9.295595547801513,1,0,0
3.0815407703851925,9.165159771071751,1,0,0
3.0865432716358177,9.277888438580678,1,0,0
3.0915457728864433,9.392885024819577,1,0,0
3.0965482741370685,9.799490813136572,1,0,0
3.1015507753876936,9.840747466060932,1,0,0
3.1065532766383193,9.834049618059446,1,0,0
3.1115557778889444,9.762334839153402,1,0,0
3.1165582791395696,9.936794172097558,1,0,0
3.121560780390195,10.122612487619353,1,0,0
3.1265632816408204,9.800986796127221,1,0,0
3.1315657828914456,9.570980969445145,1,0,0
3.136568284142071,9.926872155787681,1,0,0
3.1415707853926964,9.693061909013284,1,0,0
3.1465732866433216,9.652732540628962,1,0,0
3.1515757878939468,10.148520469681237,1,0,0
3.1565782891445724,9.986883755138132,1,0,0
3.1615807903951976,9.842835920229252,1,0,0
3.1665832916458228,10.365040395487638,1,0,0
3.171585792896448,9.773527022085933,1,0,0
3.1765882941470736,10.419794615983982,1,0,0
3.1815907953976987,9.940444170579203,1,0,0
3.186593296648324,10.362181134229091,1,0,0
3.1915957978989495,10.231860766660668,1,0,0
3.1965982991495747,10.343958034341911,1,0,0
3.2016008004002,10.17451902637759,1,0,0
3.2066033016508255,10.501409080014094,1,0,0
3.2116058029014507,10.263269945828966,1,0,0
3.216608304152076,10.320590675517069,1,0,0
3.221610805402701,10.379397388205916,1,0,0
3.2266133066533267,10.02827054308424,1,0,0
3.231615807903952,10.810686914559176,1,0,0
3.236618309154577,10.867522239937733,1,0,0
3.2416208104052027,10.256977582726797,1,0,0
3.246623311655828,10.31771259071163,1,0,0
3.251625812906453,10.168177058190674,1,0,0
3.2566283141570787,10.549541375670861,1,0,0
3.261630815407704,11.021585854229148,1,0,0
3.266633316658329,10.673917303202716,1,0,0
3.271635817908954,10.509040286029222,1,0,0
3.27663831915958,10.480684935494345,1,0,0
3.281640820410205,10.97326090061285,1,0,0
3.28664332166083,10.882288698278183,1,0,0
3.291645822911456,10.475393606629916,1,0,0
3.296648324162081,10.62490285841205,1,0,0
3.301650825412706,10.958416132047061,1,0,0
3.306653326663332,11.159011135558341,1,0,0
3.311655827913957,11.017432143259855,1,0,0
3.316658329164582,11.241642489031337,1,0,0
3.3216608304152073,11.245627521885318,1,0,0
3.326663331665833,10.937850957536508,1,0,0
3.331665832916458,10.947143445827773,1,0,0
3.3366683341670833,10.988072970756605,1,0,0
3.341670835417709,11.157468654633846,1,0,0
3.346673336668334,11.20046113189298,1,0,0
3.3516758379189593,11.635960245458982,1,0,0
3.356678339169585,11.168836140645134,1,0,0
3.36168084042021,11.3989479723029,1,0,0
3.3666833416708353,11.333743497351268,1,0,0
3.3716858429214605,11.465641483125845,1,0,0
3.376688344172086,11.027868034218637,1,0,0
3.3816908454227113,11.796876872126168,1,0,0
3.3866933466733364,11.671097308475364,1,0,0
3.391695847923962,11.060099251063146,1,0,0
3.3966983491745872,11.259678009359424,1,0,0
3.4017008504252124,12.02388518440874,1,0,0
3.406703351675838,11.21119469585192,1,0,0
3.4117058529264632,11.940087111319347,1,0,0
3.4167083541770884,11.444035267975092,1,0,0
3.4217108554277136,11.600175266251949,1,0,0
3.426713356678339,12.00722619155312,1,0,0
3.4317158579289644,11.441438429248455,1,0,0
3.4367183591795896,11.436886516041085,1,0,0
3.441720860430215,12.123068977909735,1,0,0
3.4467233616808404,12.19398771042558,1,0,0
3.4517258629314655,12.369644587958483,1,0,0
3.4567283641820907,12.175574933655012,1,0,0
3.4617308654327164,12.313201422995364,1,0,0
3.4667333666833415,12.22353178510332,1,0,0
3.4717358679339667,12.151774353320729,1,0,0
3.4767383691845923,12.22846657060464,1,0,0
3.4817408704352175,12.034381016372244,1,0,0
3.4867433716858427,12.16477107279315,1,0,0
3.4917458729364683,12.113843553238352,1,0,0
3.4967483741870935,11.831893921945966,1,0,0
3.5017508754377187,12.446679491797514,1,0,0
3.506753376688344,12.223563624347689,1,0,0
3.5117558779389695,12.276785468235826,1,0,0
3.5167583791895947,12.755724022078473,1,0,0
3.52176088044022,12.335469786178832,1,0,0
3.5267633816908455,12.771738955294024,1,0,0
3.5317658829414706,12.960193625243194,1,0,0
3.536768384192096,12.96359982851862,1,0,0
3.5417708854427215,12.169475085118954,1,0,0
3.5467733866933466,12.697142580754305,1,0,0
3.551775887943972,12.343523150351256,1,0,0
3.556778389194597,13.1504556238258,1,0,0
3.5617808904452226,13.057502886778352,1,0,0
3.566783391695848,12.937703386003047,1,0,0
3.571785892946473,13.25500522563319,1,0,0
3.5767883941970986,12.541836607202985,1,0,0
3.5817908954477238,12.480859180365192,1,0,0
3.586793396698349,12.810926344617068,1,0,0
3.5917958979489746,13.285113197115779,1,0,0
3.5967983991995998,13.002529406412327,1,0,0
3.601800900450225,12.523199811947764,1,0,0
3.60680340170085,12.553898588433507,1,0,0
3.6118059029514757,13.144620009108772,1,0,0
3.616808404202101,13.53810768864097,1,0,0
3.621810905452726,13.526254209761047,1,0,0
3.6268134067033517,13.128777437498195,1,0,0
3.631815907953977,13.026915736378388,1,0,0
3.636818409204602,12.7512776643127,1,0,0
3.6418209104552277,13.474595817168806,1,0,0
3.646823411705853,13.772053992910637,1,0,0
3.651825912956478,13.750347167965081,1,0,0
3.6568284142071033,12.966548071186033,1,0,0
3.661830915457729,13.734278209260808,1,0,0
3.666833416708354,13.04691647482329,1,0,0
3.6718359179589792,13.696201975042502,1,0,0
3.676838419209605,13.112918068372563,1,0,0
3.68184092046023,14.055688615446961,1,0,0
3.686843421710855,13.08131682785293,1,0,0
3.691845922961481,14.00798849887579,1,0,0
3.696848424212106,13.477533067762888,1,0,0
3.701850925462731,13.750061232438489,1,0,0
3.7068534267133564,13.457979144115393,1,0,0
3.711855927963982,13.72589966076858,1,0,0
3.716858429214607,13.718794200355218,1,0,0
3.7218609304652324,14.059427895773581,1,0,0
3.726863431715858,13.562835549929567,1,0,0
3.731865932966483,13.601888558731055,1,0,0
3.7368684342171083,13.846399796448347,1,0,0
3.741870935467734,14.11267772536485,1,0,0
3.746873436718359,14.580495647549025,1,0,0
3.7518759379689843,13.517018195062269,1,0,0
3.7568784392196095,14.33477170456735,1,0,0
3.761880940470235,14.505942771135002,1,0,0
3.7668834417208603,14.30566990508904,1,0,0
3.7718859429714855,14.667987249959591,1,0,0
3.776888444222111,14.384760134594126,1,0,0
3.7818909454727363,14.797758809166973,1,0,0
3.7868934467233615,14.631761975056804,1,0,0
3.791895947973987,13.95803152803886,1,0,0
3.7968984492246123,14.352661830394263,1,0,0
3.8019009504752375,14.618631284798425,1,0,0
3.8069034517258626,14.286737306477622,1,0,0
3.8119059529764883,14.303070746780195,1,0,0
3.8169084542271134,14.87330039838711,1,0,0
3.8219109554777386,15.045941244749448,1,0,0
3.8269134567283642,14.95113778274851,1,0,0
3.8319159579789894,14.827106328993683,1,0,0
3.8369184592296146,14.859745006804173,1,0,0
3.8419209604802402,14.360611364343917,1,0,0
3.8469234617308654,14.80343625655592,1,0,0
3.8519259629814906,14.832367878186478,1,0,0
3.8569284642321158,14.697150394212866,1,0,0
3.8619309654827414,14.34607749025538,1,0,0
3.8669334667333666,14.872732561384865,1,0,0
3.8719359679839918,14.438776576308685,1,0,0
3.8769384692346174,14.704433922070516,1,0,0
3.8819409704852426,14.978151725278284,1,0,0
3.8869434717358677,15.029181812162546,1,0,0
3.891945972986493,14.71553661982228,1,0,0
3.8969484742371185,14.634719331288546,1,0,0
3.9019509754877437,15.53166350506407,1,0,0
3.906953476738369,15.530996676389666,1,0,0
3.9119559779889945,14.942827906823984,1,0,0
3.9169584792396197,15.479479326711242,1,0,0
3.921960980490245,15.683381646206342,1,0,0
3.9269634817408705,14.92071726421744,1,0,0
3.9319659829914957,15.449883604821819,1,0,0
3.936968484242121,15.55805391838614,1,0,0
3.941970985492746,15.724612313103485,1,0,0
3.9469734867433717,15.639833576911052,1,0,0
3.951975987993997,15.247848808723917,1,0,0
3.956978489244622,15.503360006546792,1,0,0
3.9619809904952477,16.030829886442646,1,0,0
3.966983491745873,15.904001668760728,1,0,0
3.971985992996498,16.33053679076095,1,0,0
3.9769884942471236,16.310903791923497,1,0,0
3.981990995497749,15.355086488898316,1,0,0
3.986993496748374,15.69098231357599,1,0,0
3.991995997998999,16.12294335238857,1,0,0
3.996998499249625,16.3008923566915,1,0,0
4.00200100050025,15.961073784697826,1,0,0
4.007003501750876,15.436677408577744,1,0,0
4.012006003001501,15.720591034122796,1,0,0
4.017008504252126,16.49995369048542,1,0,0
4.022011005502751,16.01180097789901,1,0,0
4.027013506753376,16.520604066219146,1,0,0
4.0320160080040015,15.796398286324338,1,0,0
4.037018509254628,16.7076154651921,1,0,0
4.042021010505253,16.26115617587057,1,0,0
4.047023511755878,15.974372291526688,1,0,0
4.052026013006503,16.50118670718171,1,0,0
4.057028514257128,16.630307984171868,1,0,0
4.0620310155077535,16.145376218010313,1,0,0
4.067033516758379,16.49302240852377,1,0,0
4.072036018009005,16.44855136220019,1,0,0
4.07703851925963,15.97973858163808,1,0,0
4.082041020510255,16.7339988720476,1,0,0
4.08704352176088,16.293385632038436,1,0,0
4.092046023011505,16.359242778080958,1,0,0
4.097048524262131,17.297781736911727,1,0,0
4.102051025512757,16.56755173881099,1,0,0
4.107053526763382,17.539093469892467,1,0,0
4.112056028014007,17.30988865562993,1,0,0
4.117058529264632,16.745141896071416,1,0,0
4.122061030515257,17.592270128923616,1,0,0
4.127063531765883,17.684775088358915,1,0,0
4.132066033016508,16.608862997827604,1,0,0
4.137068534267134,17.071274850133076,1,0,0
4.142071035517759,17.30291790210588,1,0,0
4.147073536768384,17.28622737941185,1,0,0
4.152076038019009,16.697009984003376,1,0,0
4.1570785392696346,17.5373055840273,1,0,0
4.16208104052026,17.258448429779254,1,0,0
4.167083541770885,16.78771216192226,1,0,0
4.172086043021511,17.9229527545354,1,0,0
4.177088544272136,17.02772058373829,1,0,0
4.182091045522761,16.87082780466328,1,0,0
4.1870935467733865,18.106004739920458,1,0,0
4.192096048024012,17.621547034989643,1,0,0
4.197098549274637,18.258408043318866,1,0,0
4.202101050525263,17.75296145839776,1,0,0
4.207103551775888,17.796360447850002,1,0,0
4.212106053026513,17.934031931345775,1,0,0
4.2171085542771385,17.411077192077045,1,0,0
4.222111055527764,17.248669613498233,1,0,0
4.227113556778389,17.443257892104533,1,0,0
4.232116058029014,17.64612272246667,1,0,0
4.23711855927964,17.837313778697744,1,0,0
4.242121060530265,18.614211032974406,1,0,0
4.2471235617808905,18.666610916176356,1,0,0
4.252126063031516,18.096414647215664,1,0,0
4.257128564282141,17.851652818006084,1,0,0
4.262131065532766,18.854847568801283,1,0,0
4.267133566783391,17.558999184616273,1,0,0
4.272136068034017,18.954512925417347,1,0,0
4.277138569284642,18.821582240666245,1,0,0
4.282141070535268,17.990123091307947,1,0,0
4.287143571785893,18.947250902531625,1,0,0
4.292146073036518,18.583050423221504,1,0,0
4.297148574287143,18.81044658116247,1,0,0
4.302151075537768,19.204281728275298,1,0,0
4.307153576788394,18.157741008899393,1,0,0
4.31215607803902,19.281544372801875,1,0,0
4.317158579289645,18.55197876297779,1,0,0
4.32216108054027,19.267060879447982,1,0,0
4.327163581790895,18.295125332925334,1,0,0
4.33216608304152,18.188482933004618,1,0,0
4.337168584292146,18.68415891332152,1,0,0
4.3421710855427715,18.474418108925022,1,0,0
4.347173586793397,19.047079592257855,1,0,0
4.352176088044022,19.535270313197294,1,0,0
4.357178589294647,19.211134184198983,1,0,0
4.362181090545272,19.75152334354735,1,0,0
4.367183591795897,19.474095014094505,1,0,0
4.3721860930465235,19.13992551119351,1,0,0
4.377188594297149,19.26848749438912,1,0,0
4.382191095547774,18.611513078047587,1,0,0
4.387193596798399,18.824318927874657,1,0,0
4.392196098049024,19.816257966956137,1,0,0
4.397198599299649,18.8187181691417,1,0,0
4.402201100550275,18.950605203007324,1,0,0
4.407203601800901,18.893324348433104,1,0,0
4.412206103051526,19.274688172187084,1,0,0
4.417208604302151,19.452958225281964,1,0,0
4.422211105552776,20.215894391937184,1,0,0
4.427213606803401,20.121271031262946,1,0,0
4.4322161080540265,19.502661581523686,1,0,0
4.437218609304653,19.75281089207894,1,0,0
4.442221110555278,19.952856349550835,1,0,0
4.447223611805903,20.53075158608489,1,0,0
4.452226113056528,20.372649286411207,1,0,0
4.457228614307153,19.68374146358706,1,0,0
4.4622311155577785,19.528782268460663,1,0,0
4.467233616808404,19.550605901444403,1,0,0
4.47223611805903,20.619688532869827,1,0,0
4.477238619309655,19.47015427744372,1,0,0
4.48224112056028,19.642555940386238,1,0,0
4.487243621810905,19.72019004909401,1,0,0
4.4922461230615305,19.417759547493024,1,0,0
4.497248624312156,20.73630565648551,1,0,0
4.502251125562781,20.936969098088664,1,0,0
4.507253626813407,19.98323586187613,1,0,0
4.512256128064032,19.991844280872773,1,0,0
4.517258629314657,21.131523552216425,1,0,0
4.5222611305652824,20.581636530495974,1,0,0
4.527263631815908,20.583036725879907,1,0,0
4.532266133066533,20.95965730739303,1,0,0
4.537268634317159,21.378878828480797,1,0,0
4.542271135567784,20.89800887414529,1,0,0
4.547273636818409,21.34127055880873,1,0,0
4.552276138069034,21.45885970873329,1,0,0
4.55727863931966,20.529744765904326,1,0,0
4.562281140570285,19.98345902780436,1,0,0
4.56728364182091,21.057954161429194,1,0,0
4.572286143071536,20.075973123954398,1,0,0
4.577288644322161,20.277523111283802,1,0,0
4.582291145572786,21.050046605103113,1,0,0
4.587293646823412,21.868754292562965,1,0,0
4.592296148074037,20.976689417644604,1,0,0
4.597298649324662,20.990416317345222,1,0,0
4.602301150575287,21.403797458120145,1,0,0
4.607303651825913,20.631421088657678,1,0,0
4.612306153076538,21.452824275403714,1,0,0
4.6173086543271635,22.04166279989721,1,0,0
4.622311155577789,21.95090341336671,1,0,0
4.627313656828414,22.24449299204228,1,0,0
4.632316158079039,20.609656700477164,1,0,0
4.637318659329665,22.30149463924349,1,0,0
4.64232116058029,20.960103219726513,1,0,0
4.6473236618309155,21.684506453993702,1,0,0
4.652326163081541,21.262195182248423,1,0,0
4.657328664332166,20.89467508096504,1,0,0
4.662331165582791,21.535155959311695,1,0,0
4.667333666833416,20.915506594283617,1,0,0
4.672336168084042,22.481007700223174,1,0,0
4.6773386693346675,21.5124946981482,1,0,0
4.682341170585293,22.200422417262498,1,0,0
4.687343671835918,22.302883855992143,1,0,0
4.692346173086543,21.428471408344084,1,0,0
4.697348674337168,21.658028915127524,1,0,0
4.702351175587793,22.62261678779185,1,0,0
4.707353676838419,22.818328497704197,1,0,0
4.712356178089045,23.075280004971198,1,0,0
4.71735867933967,22.919312277177255,1,0,0
4.722361180590295,22.446485939428214,1,0,0
4.72736368184092,22.606784492602415,1,0,0
4.732366183091545,23.038351566565915,1,0,0
4.7373686843421705,23.171458838546588,1,0,0
4.742371185592797,23.35795078134152,1,0,0
4.747373686843422,23.186310576551442,1,0,0
4.752376188094047,21.938778715500636,1,0,0
4.757378689344672,22.879065222325725,1,0,0
4.762381190595297,23.149340871542336,1,0,0
4.7673836918459225,22.65271015768864,1,0,0
4.7723861930965485,22.260385365699054,1,0,0
4.777388694347174,22.104399098585844,1,0,0
4.782391195597799,23.492253581640686,1,0,0
4.787393696848424,23.020179365189243,1,0,0
4.792396198099049,22.797234294705397,1,0,0
4.7973986993496744,22.55940312412181,1,0,0
4.8024012006003,23.351908194139128,1,0,0
4.807403701850926,23.716331798890476,1,0,0
4.812406203101551,22.932230326590602,1,0,0
4.817408704352176,23.142120773875416,1,0,0
4.822411205602801,23.37057835420927,1,0,0
4.827413706853426,22.97583778818113,1,0,0
4.832416208104052,23.81408779986506,1,0,0
4.837418709354677,23.715875824294287,1,0,0
4.842421210605303,23.837936415930994,1,0,0
4.847423711855928,22.79229603842836,1,0,0
4.852426213106553,24.060333087119773,1,0,0
4.857428714357178,23.890095503268313,1,0,0
4.862431215607804,24.534802954684242,1,0,0
4.867433716858429,22.94880174029114,1,0,0
4.872436218109055,24.038834846603333,1,0,0
4.87743871935968,23.92268820652239,1,0,0
4.882441220610305,23.973836657861938,1,0,0
4.88744372186093,24.669705860556398,1,0,0
4.8924462231115555,23.8740415016799,1,0,0
4.897448724362181,24.15764990252758,1,0,0
4.902451225612806,23.186346821756917,1,0,0
4.907453726863432,24.128861360896593,1,0,0
4.912456228114057,24.669821557154652,1,0,0
4.917458729364682,23.232459993047517,1,0,0
4.9224612306153075,24.320807711091057,1,0,0
4.927463731865933,23.43917255817903,1,0,0
4.932466233116558,23.431820907284205,1,0,0
4.937468734367183,25.076000696606137,1,0,0
4.942471235617809,24.472049239482793,1,0,0
4.947473736868434,24.016463798723805,1,0,0
4.9524762381190595,24.31145789231783,1,0,0
4.957478739369685,23.975205381857762,1,0,0
4.96248124062031,24.684037937985067,1,0,0
4.967483741870935,24.623798419593633,1,0,0
4.972486243121561,24.67433244878496,1,0,0
4.977488744372186,24.53416370253188,1,0,0
4.982491245622811,24.29980075361426,1,0,0
4.987493746873437,25.401102662198557,1,0,0
4.992496248124062,25.20382030216634,1,0,0
4.997498749374687,24.685840588265766,1,0,0
5.002501250625312,24.92002558227518,1,0,0
5.007503751875938,24.396668471649157,1,0,0
5.012506253126563,24.271858686237053,1,0,0
5.017508754377189,25.43718086695418,1,0,0
5.022511255627814,25.780719296315624,1,0,0
5.027513756878439,25.67518774748377,1,0,0
5.032516258129064,26.216983946865994,1,0,0
5.037518759379689,24.8481861166718,1,0,0
5.042521260630315,25.118662472232888,1,0,0
5.0475237618809405,25.211309761747557,1,0,0
5.052526263131566,26.07071923358645,1,0,0
5.057528764382191,25.914420915776756,1,0,0
5.062531265632816,25.958047950570116,1,0,0
5.067533766883441,25.385191567389068,1,0,0
5.072536268134067,26.14301665686644,1,0,0
5.0775387693846925,25.793614021532463,1,0,0
5.082541270635318,25.130171708349348,1,0,0
5.087543771885943,26.47375361312362,1,0,0
5.092546273136568,26.36859576675753,1,0,0
5.097548774387193,26.55250492258377,1,0,0
5.102551275637818,26.617475618337433,1,0,0
5.1075537768884445,26.662495010186092,1,0,0
5.11255627813907,26.300397453898107,1,0,0
5.117558779389695,25.529596490911718,1,0,0
5.12256128064032,25.958834471322966,1,0,0
5.127563781890945,26.928018718254553,1,0,0
5.13256628314157,26.96788564240691,1,0,0
5.1375687843921956,27.396684363567548,1,0,0
5.142571285642822,25.5892651413699,1,0,0
5.147573786893447,26.092716427710357,1,0,0
5.152576288144072,26.32391623117732,1,0,0
5.157578789394697,26.79851578000498,1,0,0
5.162581290645322,26.46362326302048,1,0,0
5.1675837918959475,27.100263413783818,1,0,0
5.172586293146573,27.730166487382288,1,0,0
5.177588794397199,26.289758741606406,1,0,0
5.182591295647824,27.27622520880187,1,0,0
5.187593796898449,27.462400622359386,1,0,0
5.192596298149074,26.482690996247992,1,0,0
5.1975987993996995,26.12822109151539,1,0,0
5.202601300650325,26.016356988021354,1,0,0
5.207603801900951,26.193775159683035,1,0,0
5.212606303151576,26.279921345167082,1,0,0
5.217608804402201,26.866327318029,1,0,0
5.222611305652826,28.231645647257835,1,0,0
5.2276138069034515,27.13916137087095,1,0,0
5.232616308154077,28.16979107801999,1,0,0
5.237618809404702,28.311236443136487,1,0,0
5.242621310655328,27.235948546852576,1,0,0
5.247623811905953,28.384417853751813,1,0,0
5.252626313156578,26.599652750559283,1,0,0
5.257628814407203,27.580449551239845,1,0,0
5.262631315657829,26.716555375200805,1,0,0
5.267633816908454,26.905804720552556,1,0,0
5.272636318159079,28.234875167262224,1,0,0
5.277638819409705,27.090596428829173,1,0,0
5.28264132066033,27.016777279068,1,0,0
5.287643821910955,27.36347624084666,1,0,0
5.292646323161581,27.82345945243061,1,0,0
5.297648824412206,27.660243886998625,1,0,0
5.302651325662831,28.85553123658096,1,0,0
5.307653826913457,29.252556492464795,1,0,0
5.312656328164082,28.857747514657543,1,0,0
5.317658829414707,27.79020204048732,1,0,0
5.3226613306653325,28.26777546251266,1,0,0
5.327663831915958,27.293247179039607,1,0,0
5.332666333166583,28.58399733634972,1,0,0
5.337668834417208,28.650297981722904,1,0,0
5.342671335667834,28.97062363930428,1,0,0
5.347673836918459,27.89732042821729,1,0,0
5.3526763381690845,28.005571104062255,1,0,0
5.35767883941971,29.28751120364004,1,0,0
5.362681340670335,28.72675132396332,1,0,0
5.36768384192096,28.337325368424988,1,0,0
5.372686343171585,29.288931733856657,1,0,0
5.377688844422211,29.217268960849538,1,0,0
5.3826913456728365,28.00388252810128,1,0,0
5.387693846923462,29.172720679246815,1,0,0
5.392696348174087,29.62703949939586,1,0,0
5.397698849424712,29.38038569449967,1,0,0
5.402701350675337,29.87063392206685,1,0,0
5.407703851925963,30.022072622588237,1,0,0
5.412706353176588,28.91307559051304,1,0,0
5.417708854427214,29.224401466853333,1,0,0
5.422711355677839,28.977470719775425,1,0,0
5.427713856928464,29.049174561466508,1,0,0
5.432716358179089,30.08630963984576,1,0,0
5.437718859429714,29.233090767581796,1,0,0
5.44272136068034,28.441594182440262,1,0,0
5.447723861930966,28.734241689159056,1,0,0
5.452726363181591,30.540568820089494,1,0,0
5.457728864432216,29.051305882867766,1,0,0
5.462731365682841,30.386160020965015,1,0,0
5.467733866933466,30.263874719986983,1,0,0
5.4727363681840915,30.603664886821765,1,0,0
5.4777388694347176,29.821937016415095,1,0,0
5.482741370685343,28.898545966172083,1,0,0
5.487743871935968,29.65592766519151,1,0,0
5.492746373186593,30.020839003128227,1,0,0
5.497748874437218,29.399332430223314,1,0,0
5.5027513756878434,31.40717273941358,1,0,0
5.5077538769384695,31.069768506203857,1,0,0
5.512756378189095,30.45129258794601,1,0,0
5.51775887943972,30.18323498791363,1,0,0
5.522761380690345,30.012744293791698,1,0,0
5.52776388194097,31.529903344570343,1,0,0
5.532766383191595,29.688154874271117,1,0,0
5.537768884442221,29.791641298105382,1,0,0
5.542771385692847,30.099769231009674,1,0,0
5.547773886943472,30.365759442060373,1,0,0
5.552776388194097,31.220805934649963,1,0,0
5.557778889444722,31.658946733639336,1,0,0
5.562781390695347,30.14429733592515,1,0,0
5.567783891945973,30.20703646010729,1,0,0
5.572786393196598,31.498539766650914,1,0,0
5.577788894447224,30.613790897509016,1,0,0
5.582791395697849,30.529043450614147,1,0,0
5.587793896948474,31.420155091369626,1,0,0
5.592796398199099,31.277577612259073,1,0,0
5.5977988994497245,31.797004547380645,1,0,0
5.60280140070035,31.94989225232172,1,0,0
5.607803901950975,31.398394503262924,1,0,0
5.612806403201601,31.282249981319072,1,0,0
5.617808904452226,31.558491803688376,1,0,0
5.622811405702851,31.59287147666726,1,0,0
5.6278139069534765,32.31710977050603,1,0,0
5.632816408204102,30.553653657752143,1,0,0
5.637818909454727,32.98377865429252,1,0,0
5.642821410705353,30.797914682735243,1,0,0
5.647823911955978,31.746920831186006,1,0,0
5.652826413206603,31.50214717957413,1,0,0
5.6578289144572285,32.58484356152116,1,0,0
5.662831415707854,32.01107072950623,1,0,0
5.667833916958479,33.01511359955288,1,0,0
5.672836418209104,32.385499541647306,1,0,0
5.67783891945973,33.47815871426672,1,0,0
5.682841420710355,33.43658893170564,1,0,0
5.68784392196098,32.576689157901185,1,0,0
5.692846423211606,32.85496357064095,1,0,0
5.697848924462231,32.036039730883985,1,0,0
5.702851425712856,32.221904788678636,1,0,0
5.707853926963481,33.52528689253393,1,0,0
5.712856428214107,33.46687584382514,1,0,0
5.717858929464732,33.38435202734305,1,0,0
5.722861430715358,33.089958026253186,1,0,0
5.727863931965983,32.67705553789444,1,0,0
5.732866433216608,32.643323496149485,1,0,0
5.737868934467233,31.723564680299702,1,0,0
5.742871435717859,32.0462909665967,1,0,0
5.747873936968484,34.131398725607596,1,0,0
5.7528764382191095,33.4064087464685,1,0,0
5.757878939469735,34.06448881456902,1,0,0
5.76288144072036,32.190507069559985,1,0,0
5.767883941970985,33.09660662941474,1,0,0
5.77288644322161,33.60383149496645,1,0,0
5.777888944472236,33.94097892839065,1,0,0
5.7828914457228615,34.627383755755154,1,0,0
5.787893946973487,33.85164549519213,1,0,0
5.792896448224112,32.68381401484513,1,0,0
5.797898949474737,33.80157195546153,1,0,0
5.802901450725362,34.09809793939044,1,0,0
5.807903951975987,33.168681882288965,1,0,0
5.8129064532266135,34.46444376457019,1,0,0
5.817908954477239,33.40762051369865,1,0,0
5.822911455727864,35.069647439595656,1,0,0
5.827913956978489,34.81231061433371,1,0,0
5.832916458229114,33.82308751052493,1,0,0
5.837918959479739,33.37021770224276,1,0,0
5.8429214607303654,33.711535048610244,1,0,0
5.847923961980991,33.588393379319584,1,0,0
5.852926463231616,33.86205592752536,1,0,0
5.857928964482241,33.980182126721424,1,0,0
5.862931465732866,33.042632909792495,1,0,0
5.867933966983491,34.31871646844211,1,0,0
5.8729364682341165,34.43247243699166,1,0,0
5.877938969484743,35.69251929683349,1,0,0
5.882941470735368,33.611574049923284,1,0,0
5.887943971985993,34.082283299061004,1,0,0
5.892946473236618,33.63662115846306,1,0,0
5.897948974487243,35.51724219673575,1,0,0
5.9029514757378685,35.78809293484622,1,0,0
5.907953976988494,34.978158964196524,1,0,0
5.91295647823912,34.81876715184325,1,0,0
5.917958979489745,35.74794077716428,1,0,0
5.92296148074037,36.45236038753628,1,0,0
5.927963981990995,35.71851653052285,1,0,0
5.9329664832416205,35.775432375615814,1,0,0
5.937968984492246,36.65490406203856,1,0,0
5.942971485742872,35.67391977505502,1,0,0
5.947973986993497,34.40996772597746,1,0,0
5.952976488244122,34.812717371722464,1,0,0
5.957978989494747,34.58209432069494,1,0,0
5.962981490745372,36.11499436155068,1,0,0
5.967983991995998,34.48220221138859,1,0,0
5.972986493246623,35.30160258274691,1,0,0
5.977988994497249,35.397311802932435,1,0,0
5.982991495747874,35.277668644750214,1,0,0
5.987993996998499,35.2706720271706,1,0,0
5.992996498249124,35.8059828478686,1,0,0
5.99799899949975,35.35379632551602,1,0,0
6.003001500750375,34.788676870542496,1,0,0
6.008004002001,37.348777382888834,1,0,0
6.013006503251626,36.80702292482996,1,0,0
6.018009004502251,35.839000419096834,1,0,0
6.023011505752876,37.436022007845374,1,0,0
6.0280140070035015,37.7259347007262,1,0,0
6.033016508254127,35.060510721919925,1,0,0
6.038019009504752,37.356076354682685,1,0,0
6.043021510755377,37.54901364859624,1,0,0
6.048024012006003,36.055121035214704,1,0,0
6.053026513256628,35.897901692011594,1,0,0
6.0580290145072535,35.67655687982019,1,0,0
6.063031515757879,37.749021355453124,1,0,0
6.068034017008504,36.469354021407234,1,0,0
6.073036518259129,36.55011413584641,1,0,0
6.078039019509755,36.3959907828806,1,0,0
6.08304152076038,37.991566858727026,1,0,0
6.0880440220110055,37.12082572678127,1,0,0
6.093046523261631,36.655897197236406,1,0,0
6.098049024512256,35.79087190947562,1,0,0
6.103051525762881,38.19613037339537,1,0,0
6.108054027013506,37.64537147650355,1,0,0
6.113056528264132,38.175751066431275,1,0,0
6.118059029514757,38.4829678275333,1,0,0
6.123061530765383,38.67299951765344,1,0,0
6.128064032016008,37.775702429898935,1,0,0
6.133066533266633,38.782522034432034,1,0,0
6.138069034517258,38.7340249268046,1,0,0
6.143071535767883,37.11567398568136,1,0,0
6.148074037018509,37.43053267499903,1,0,0
6.153076538269135,38.40385123404049,1,0,0
6.15807903951976,37.008615472294665,1,0,0
6.163081540770385,38.92140621349043,1,0,0
6.16808404202101,37.9739233199897,1,0,0
6.173086543271635,37.49263155004104,1,0,0
6.178089044522261,39.63886616424149,1,0,0
6.1830915457728866,36.75071835619169,1,0,0
6.188094047023512,38.51997897542032,1,0,0
6.193096548274137,36.94035219196991,1,0,0
6.198099049524762,39.860698691139675,1,0,0
6.203101550775387,39.355913211025786,1,0,0
6.2081040520260125,39.78596462474196,1,0,0
6.2131065532766385,39.22399273029111,1,0,0
6.218109054527264,37.54958317102379,1,0,0
6.223111555777889,39.20987529937855,1,0,0
6.228114057028514,38.72924179571426,1,0,0
6.233116558279139,37.4217637392266,1,0,0
6.238119059529764,39.11024039691435,1,0,0
6.24312156078039,40.14130524138866,1,0,0
6.248124062031016,38.23333177666199,1,0,0
6.253126563281641,40.15036306216544,1,0,0
6.258129064532266,38.37399566257862,1,0,0
6.263131565782891,38.49507517684426,1,0,0
6.268134067033516,40.62194780320209,1,0,0
6.273136568284142,38.88458546963823,1,0,0
6.278139069534768,38.409069186222474,1,0,0
6.283141570785393,38.1695044404292,1,0,0
6.288144072036018,40.72513185062233,1,0,0
6.293146573286643,40.314051674785475,1,0,0
6.298149074537268,38.08318781969734,1,0,0
6.3031515757878935,40.08938965856668,1,0,0
6.308154077038519,41.30778783082992,1,0,0
6.313156578289145,39.65644191811897,1,0,0
6.31815907953977,38.54774800256757,1,0,0
6.323161580790395,39.795727941716976,1,0,0
6.32816408204102,40.919302134327005,1,0,0
6.3331665832916455,39.06364963324781,1,0,0
6.338169084542271,38.979820147773395,1,0,0
6.343171585792896,39.2519795406601,1,0,0
6.348174087043522,40.25713970993216,1,0,0
6.353176588294147,39.69135706968326,1,0,0
6.358179089544772,41.74085412721194,1,0,0
6.3631815907953975,40.39004351945884,1,0,0
6.368184092046023,40.632377519714474,1,0,0
6.373186593296648,41.582977237115344,1,0,0
6.378189094547274,42.13410943849006,1,0,0
6.383191595797899,39.46157827349406,1,0,0
6.388194097048524,41.476790007443974,1,0,0
6.393196598299149,40.44503226290217,1,0,0
6.398199099549775,41.392813974022054,1,0,0
6.4032016008004,40.04315426613334,1,0,0
6.408204102051025,42.523169961253984,1,0,0
6.413206603301651,39.997944323357444,1,0,0
6.418209104552276,42.040488376513856,1,0,0
6.423211605802901,42.78087831019288,1,0,0
6.428214107053527,42.685494291035354,1,0,0
6.433216608304152,41.26979790238314,1,0,0
6.438219109554777,40.70046825513297,1,0,0
6.443221610805402,40.66455105450433,1,0,0
6.448224112056028,42.17755631426714,1,0,0
6.453226613306653,43.01313491709816,1,0,0
6.4582291145572785,42.239636010746,1,0,0
6.463231615807904,40.10585068623904,1,0,0
6.468234117058529,41.9498303175072,1,0,0
6.473236618309154,41.56854524569174,1,0,0
6.478239119559779,41.38040794118763,1,0,0
6.483241620810405,41.53359724763314,1,0,0
6.4882441220610305,41.86200940971432,1,0,0
6.493246623311656,43.722867028061785,1,0,0
6.498249124562281,41.13604756505404,1,0,0
6.503251625812906,43.617240556124756,1,0,0
6.508254127063531,43.85476005467256,1,0,0
6.513256628314157,42.215410945004834,1,0,0
6.5182591295647825,42.609571009447194,1,0,0
6.523261630815408,42.50125548346351,1,0,0
6.528264132066033,42.08811805963149,1,0,0
6.533266633316658,41.555500655436866,1,0,0
6.538269134567283,42.852288831001204,1,0,0
6.543271635817908,43.03609216065395,1,0,0
6.5482741370685345,43.22369376744423,1,0,0
6.55327663831916,43.54900294120198,1,0,0
6.558279139569785,41.44118418025859,1,0,0
6.56328164082041,42.1733660237634,1,0,0
6.568284142071035,43.41585134633033,1,0,0
6.57328664332166,42.55759993792302,1,0,0
6.5782891445722855,41.78291628280232,1,0,0
6.583291645822912,44.749251806506805,1,0,0
6.588294147073537,44.37305939862045,1,0,0
6.593296648324162,44.54923821530455,1,0,0
6.598299149574787,44.308911121240556,1,0,0
6.603301650825412,43.15592808218564,1,0,0
6.6083041520760375,45.38334906983977,1,0,0
6.613306653326664,43.52182380527129,1,0,0
6.618309154577289,45.54581443780394,1,0,0
6.623311655827914,43.09933654172099,1,0,0
6.628314157078539,42.854789686528676,1,0,0
6.633316658329164,44.29002350189,1,0,0
6.6383191595797895,43.98101264492538,1,0,0
6.643321660830415,45.648763324265126,1,0,0
6.648324162081041,44.26724642220139,1,0,0
6.653326663331666,44.72147606816124,1,0,0
6.658329164582291,45.88289567843725,1,0,0
6.663331665832916,45.48824157638897,1,0,0
6.668334167083541,44.600618237948716,1,0,0
6.673336668334167,43.20581356136607,1,0,0
6.678339169584792,44.99397568630727,1,0,0
6.683341670835418,43.39474249229554,1,0,0
6.688344172086043,43.42277631531964,1,0,0
6.693346673336668,46.21977243205586,1,0,0
6.698349174587293,45.29206186071297,1,0,0
6.703351675837919,45.86103655645998,1,0,0
6.708354177088544,44.231214325069374,1,0,0
6.71335667833917,44.72172152484945,1,0,0
6.718359179589795,46.7623475450356,1,0,0
6.72336168084042,45.723102023329915,1,0,0
6.728364182091045,44.42055903289627,1,0,0
6.7333666833416705,44.69596334110322,1,0,0
6.738369184592296,47.06052558477468,1,0,0
6.743371685842921,46.25359295705468,1,0,0
6.748374187093547,46.628207059902245,1,0,0
6.753376688344172,44.23728359711077,1,0,0
6.758379189594797,44.7335779320594,1,0,0
6.7633816908454225,45.565592523177465,1,0,0
6.768384192096048,47.370325545246445,1,0,0
6.773386693346673,46.24376108278638,1,0,0
6.778389194597298,46.850270897517106,1,0,0
6.783391695847924,45.88585379025805,1,0,0
6.788394197098549,44.63448791959356,1,0,0
6.7933966983491745,45.75547296125627,1,0,0
6.7983991995998,44.980367065827714,1,0,0
6.803401700850425,45.219662210740765,1,0,0
6.80840420210105,46.41745996766182,1,0,0
6.813406703351676,47.11503557258758,1,0,0
6.818409204602301,47.66952702774643,1,0,0
6.8234117058529264,46.96167916591304,1,0,0
6.828414207103552,45.49953226424993,1,0,0
6.833416708354177,46.11265702582112,1,0,0
6.838419209604802,46.12794210280814,1,0,0
6.843421710855427,47.85728472297145,1,0,0
6.848424212106053,48.42063273622162,1,0,0
6.853426713356678,48.52679640798254,1,0,0
6.858429214607304,46.62204807699565,1,0,0
6.863431715857929,48.092589537802134,1,0,0
6.868434217108554,47.910733677080444,1,0,0
6.873436718359179,46.31979676551479,1,0,0
6.878439219609804,48.54336810946103,1,0,0
6.88344172086043,46.60820665718719,1,0,0
6.888444222111056,45.91146273099606,1,0,0
6.893446723361681,46.38886543173974,1,0,0
6.898449224612306,48.78884463387195,1,0,0
6.903451725862931,48.66529019056874,1,0,0
6.908454227113556,48.952428015858565,1,0,0
6.9134567283641815,49.148407449627534,1,0,0
6.9184592296148075,47.70506275823573,1,0,0
6.923461730865433,47.74078334050537,1,0,0
6.928464232116058,49.40256821333588,1,0,0
6.933466733366683,47.104332876838725,1,0,0
6.938469234617308,47.8736959501621,1,0,0
6.943471735867933,47.524453413713374,1,0,0
6.9484742371185595,49.914949937099564,1,0,0
6.953476738369185,46.57945371300119,1,0,0
6.95847923961981,47.82446604718966,1,0,0
6.963481740870435,48.12106396943248,1,0,0
6.96848424212106,48.738574125993864,1,0,0
6.973486743371685,48.878393959075176,1,0,0
6.978489244622311,48.211259689590555,1,0,0
6.983491745872937,47.16375665487544,1,0,0
6.988494247123562,47.95290729929058,1,0,0
6.993496748374187,47.5490899881775,1,0,0
6.998499249624812,48.20288772277142,1,0,0
7.003501750875437,48.110131667534915,1,0,0
7.0085042521260625,48.280458179234586,1,0,0
7.013506753376688,48.18131950402389,1,0,0
7.018509254627314,49.14169083700633,1,0,0
7.023511755877939,50.866563983430545,1,0,0
7.028514257128564,47.796107504057034,1,0,0
7.033516758379189,48.77748641711276,1,0,0
7.0385192596298145,48.63751374923889,1,0,0
7.04352176088044,50.11783994883277,1,0,0
7.048524262131066,51.614965438414984,1,0,0
7.053526763381691,51.67386911684813,1,0,0
7.058529264632316,48.70744107093237,1,0,0
7.063531765882941,50.57067199328355,1,0,0
7.0685342671335665,48.73592868865931,1,0,0
7.073536768384192,48.21284038179982,1,0,0
7.078539269634817,48.98414195061452,1,0,0
7.083541770885443,51.750808133679335,1,0,0
7.088544272136068,48.63051076279262,1,0,0
7.093546773386693,51.98147998499444,1,0,0
7.098549274637318,48.666257847268156,1,0,0
7.103551775887944,48.99588506491233,1,0,0
7.108554277138569,50.78959814463849,1,0,0
7.113556778389194,49.19395356758556,1,0,0
7.11855927963982,49.90014307083413,1,0,0
7.123561780890445,49.07346945262512,1,0,0
7.12856428214107,50.42419991312173,1,0,0
7.133566783391696,52.27462049002649,1,0,0
7.138569284642321,51.577388622761376,1,0,0
7.143571785892946,51.00585315342466,1,0,0
7.148574287143572,50.60269816514733,1,0,0
7.153576788394197,52.14317283164728,1,0,0
7.158579289644822,51.400285396357695,1,0,0
7.1635817908954476,51.23914152412795,1,0,0
7.168584292146073,50.04922066415505,1,0,0
7.173586793396698,52.93017811576267,1,0,0
7.178589294647323,49.83898929442381,1,0,0
7.183591795897949,53.3164910125412,1,0,0
7.188594297148574,53.551469011743265,1,0,0
7.1935967983991995,53.80866696252562,1,0,0
7.198599299649825,51.547505615581585,1,0,0
7.20360180090045,52.57967705996225,1,0,0
7.208604302151075,53.43260202347261,1,0,0
7.2136068034017,53.913341530517755,1,0,0
7.218609304652326,52.162788042307554,1,0,0
7.2236118059029515,54.075863211702774,1,0,0
7.228614307153577,53.3981023837735,1,0,0
7.233616808404202,51.46016734917791,1,0,0
7.238619309654827,52.462806465579554,1,0,0
7.243621810905452,52.11480253892952,1,0,0
7.248624312156078,50.4630808577485,1,0,0
7.2536268134067035,52.88838200028523,1,0,0
7.258629314657329,51.68177172725324,1,0,0
7.263631815907954,52.277607978982665,1,0,0
7.268634317158579,53.21484398796254,1,0,0
7.273636818409204,51.35351429245717,1,0,0
7.278639319659829,51.441045647692555,1,0,0
7.283641820910455,53.2919222248022,1,0,0
7.288644322161081,54.09770292334497,1,0,0
7.293646823411706,53.14183551101937,1,0,0
7.298649324662331,54.954787221555485,1,0,0
7.303651825912956,52.33189516249149,1,0,0
7.308654327163581,51.37116813823181,1,0,0
7.3136568284142065,54.41020333909898,1,0,0
7.318659329664833,55.10850969384183,1,0,0
7.323661830915458,55.744874089807446,1,0,0
7.328664332166083,54.14334565808203,1,0,0
7.333666833416708,52.87911309889108,1,0,0
7.338669334667333,55.422579532914064,1,0,0
7.3436718359179585,54.9832479486171,1,0,0
7.348674337168584,52.96109155178212,1,0,0
7.35367683841921,52.79255184193725,1,0,0
7.358679339669835,53.00421384224863,1,0,0
7.36368184092046,53.508434344268565,1,0,0
7.368684342171085,54.243489593895575,1,0,0
7.37368684342171,52.28215004692579,1,0,0
7.378689344672336,55.35983070555846,1,0,0
7.383691845922962,53.95632709809866,1,0,0
7.388694347173587,55.46996246245349,1,0,0
7.393696848424212,54.51074090981645,1,0,0
7.398699349674837,53.41776231868674,1,0,0
7.403701850925462,53.2261876275031,1,0,0
7.408704352176088,55.91363417812869,1,0,0
7.413706853426713,54.200302594618066,1,0,0
7.418709354677339,55.76742932498488,1,0,0
7.423711855927964,53.90438805816289,1,0,0
7.428714357178589,54.10826199759343,1,0,0
7.433716858429214,53.12897543359684,1,0,0
7.4387193596798395,54.79335354842595,1,0,0
7.443721860930465,53.34914553882124,1,0,0
7.44872436218109,55.98785748533051,1,0,0
7.453726863431716,57.29229130614989,1,0,0
7.458729364682341,56.45651594428922,1,0,0
7.463731865932966,55.04081178921341,1,0,0
7.4687343671835915,57.53584920622768,1,0,0
7.473736868434217,57.08032855054898,1,0,0
7.478739369684842,56.34640382024937,1,0,0
7.483741870935468,57.47992911916589,1,0,0
7.488744372186093,54.433326189323395,1,0,0
7.493746873436718,54.837041522576946,1,0,0
7.4987493746873435,56.492491366859035,1,0,0
7.503751875937969,57.92286321860774,1,0,0
7.508754377188594,58.30562724888009,1,0,0
7.513756878439219,55.809218388122325,1,0,0
7.518759379689845,58.3981648876314,1,0,0
7.52376188094047,58.15484550747906,1,0,0
7.5287643821910955,57.27526604128664,1,0,0
7.533766883441721,58.278233653678186,1,0,0
7.538769384692346,57.81257042283745,1,0,0
7.543771885942971,58.684541894288415,1,0,0
7.548774387193596,55.05443750917055,1,0,0
7.553776888444222,55.231092606499274,1,0,0
7.558779389694847,57.96872986687043,1,0,0
7.563781890945473,57.72357969571401,1,0,0
7.568784392196098,58.43829012849953,1,0,0
7.573786893446723,58.85556386669268,1,0,0
7.578789394697348,57.00926801412691,1,0,0
7.583791895947974,57.95570553104359,1,0,0
7.588794397198599,59.538186712543336,1,0,0
7.593796898449225,57.410241309705,1,0,0
7.59879939969985,55.67669112383618,1,0,0
7.603801900950475,55.84244418598381,1,0,0
7.6088044022011,59.0476382271534,1,0,0
7.613806903451725,59.23350821289779,1,0,0
7.618809404702351,60.29033275809766,1,0,0
7.6238119059529765,57.65728853522267,1,0,0
7.628814407203602,56.6168508143821,1,0,0
7.633816908454227,57.216941490657725,1,0,0
7.638819409704852,59.83858776766009,1,0,0
7.643821910955477,58.16693393342666,1,0,0
7.648824412206102,57.797519391117945,1,0,0
7.6538269134567285,57.52487765589697,1,0,0
7.658829414707354,58.39126997904193,1,0,0
7.663831915957979,58.49990324650684,1,0,0
7.668834417208604,59.39912646445007,1,0,0
7.673836918459229,57.61832103201245,1,0,0
7.678839419709854,58.113884604224005,1,0,0
7.6838419209604805,57.368394960354905,1,0,0
7.688844422211106,58.78259779145213,1,0,0
7.693846923461731,59.75141676271876,1,0,0
7.698849424712356,60.60580332151518,1,0,0
7.703851925962981,60.831820096584494,1,0,0
7.708854427213606,57.38516846920813,1,0,0
7.7138569284642315,58.94869532122777,1,0,0
7.718859429714858,61.77745220006452,1,0,0
7.723861930965483,61.08868246335387,1,0,0
7.728864432216108,57.94881199581576,1,0,0
7.733866933466733,60.640434314617124,1,0,0
7.738869434717358,59.388929317108584,1,0,0
7.7438719359679835,58.084625567710454,1,0,0
7.748874437218609,60.34905668374954,1,0,0
7.753876938469235,58.70050702811198,1,0,0
7.75887943971986,62.358576132099905,1,0,0
7.763881940970485,60.6864192598096,1,0,0
7.76888444222111,61.0911628700133,1,0,0
7.7738869434717355,58.8533742173232,1,0,0
7.778889444722361,58.26166051309972,1,0,0
7.783891945972986,60.497430214492304,1,0,0
7.788894447223612,59.378603031073766,1,0,0
7.793896948474237,60.799701138758714,1,0,0
7.798899449724862,59.84525047420053,1,0,0
7.8039019509754874,62.43638543248351,1,0,0
7.808904452226113,59.87946188270413,1,0,0
7.813906953476738,61.648700608946626,1,0,0
7.818909454727364,60.566648547821245,1,0,0
7.823911955977989,61.003116295674,1,0,0
7.828914457228614,61.21458621612886,1,0,0
7.833916958479239,59.64869765376771,1,0,0
7.838919459729865,62.51427121692795,1,0,0
7.84392196098049,62.7393027895767,1,0,0
7.848924462231115,61.61487203972118,1,0,0
7.853926963481741,60.37189963569578,1,0,0
7.858929464732366,60.60839681013422,1,0,0
7.863931965982991,61.19828723987707,1,0,0
7.868934467233617,59.98768139109506,1,0,0
7.873936968484242,61.58533031997306,1,0,0
7.878939469734867,61.37902189809406,1,0,0
7.883941970985492,61.498396446751464,1,0,0
7.888944472236118,63.018889382484225,1,0,0
7.893946973486743,61.18312990690654,1,0,0
7.8989494747373685,62.377332044386506,1,0,0
7.903951975987994,62.06777890000393,1,0,0
7.908954477238619,63.18570952074078,1,0,0
7.913956978489244,62.96867212481273,1,0,0
7.91895947973987,64.63928986174635,1,0,0
7.923961980990495,63.9026070267356,1,0,0
7.9289644822411205,62.21645659329776,1,0,0
7.933966983491746,64.10021625769134,1,0,0
7.938969484742371,60.747371732008475,1,0,0
7.943971985992996,65.04071373217887,1,0,0
7.948974487243621,64.28429413360875,1,0,0
7.953976988494247,60.81847074542187,1,0,0
7.9589794897448725,64.78242634147675,1,0,0
7.963981990995498,65.80439209541366,1,0,0
7.968984492246123,62.544721603561165,1,0,0
7.973986993496748,61.44402597547233,1,0,0
7.978989494747373,64.86666998281244,1,0,0
7.983991995997998,63.047234735947605,1,0,0
7.988994497248624,62.951157663414264,1,0,0
7.99399699849925,62.46530057852045,1,0,0
7.998999499749875,62.34035438909466,1,0,0
8.0040020010005,62.804628984958605,1,0,0
8.009004502251125,62.69488081624501,1,0,0
8.014007003501751,65.42642582532572,1,0,0
8.019009504752376,65.44570514422527,1,0,0
8.024012006003002,66.31514139776465,1,0,0
8.029014507253626,65.78387020183841,1,0,0
8.034017008504252,66.7022680494488,1,0,0
8.039019509754878,66.4095738692528,1,0,0
8.044022011005502,64.8511667245514,1,0,0
8.049024512256128,65.35485956506916,1,0,0
8.054027013506753,65.12766618117243,1,0,0
8.059029514757379,65.72928511070764,1,0,0
8.064032016008003,63.156124414220336,1,0,0
8.069034517258629,66.04657464131422,1,0,0
8.074037018509255,64.19834772386598,1,0,0
8.07903951975988,63.54172829256575,1,0,0
8.084042021010506,63.98059768159202,1,0,0
8.08904452226113,67.37417269776218,1,0,0
8.094047023511756,66.10246953894833,1,0,0
8.09904952476238,64.59099941259612,1,0,0
8.104052026013006,63.9551701486263,1,0,0
8.109054527263632,67.46637498458604,1,0,0
8.114057028514257,66.45006527597697,1,0,0
8.119059529764883,66.74427373576293,1,0,0
8.124062031015507,67.88186711878517,1,0,0
8.129064532266133,66.8959283711059,1,0,0
8.134067033516757,66.98766356760821,1,0,0
8.139069534767383,65.96223873452304,1,0,0
8.14407203601801,65.99177042851366,1,0,0
8.149074537268634,64.35217580029243,1,0,0
8.15407703851926,67.43295965302728,1,0,0
8.159079539769884,66.45451257124824,1,0,0
8.16408204102051,67.87050154842666,1,0,0
8.169084542271134,68.31804563061614,1,0,0
8.17408704352176,66.27228189289873,1,0,0
8.179089544772387,64.45791371235072,1,0,0
8.18409204602301,64.41748719309643,1,0,0
8.189094547273637,68.77612662781381,1,0,0
8.194097048524261,67.58730502055569,1,0,0
8.199099549774887,66.99262136977826,1,0,0
8.204102051025513,66.73323909294447,1,0,0
8.209104552276138,65.62955954026587,1,0,0
8.214107053526764,66.6456379421142,1,0,0
8.219109554777388,66.41065840976826,1,0,0
8.224112056028014,66.1592192186255,1,0,0
8.229114557278638,67.32017651104722,1,0,0
8.234117058529264,66.81292601543959,1,0,0
8.23911955977989,70.24912392014454,1,0,0
8.244122061030515,68.71595781207253,1,0,0
8.24912456228114,67.71367379204457,1,0,0
8.254127063531765,67.60927625456831,1,0,0
8.259129564782391,67.77118861442702,1,0,0
8.264132066033016,68.93795071300978,1,0,0
8.269134567283642,66.88207849238364,1,0,0
8.274137068534268,65.86185756864987,1,0,0
8.279139569784892,68.52891816190308,1,0,0
8.284142071035518,71.22680749560422,1,0,0
8.289144572286142,69.42742225057869,1,0,0
8.294147073536768,69.35477132242507,1,0,0
8.299149574787393,68.56137437892376,1,0,0
8.304152076038019,70.60195168849218,1,0,0
8.309154577288645,68.55993936446477,1,0,0
8.314157078539269,66.36280685772907,1,0,0
8.319159579789895,69.4887190311228,1,0,0
8.32416208104052,68.20009406408377,1,0,0
8.329164582291146,69.47926922049113,1,0,0
8.33416708354177,68.68633170304811,1,0,0
8.339169584792396,67.5597056938134,1,0,0
8.344172086043022,69.91950603783441,1,0,0
8.349174587293646,70.30878025452661,1,0,0
8.354177088544272,69.122583286436,1,0,0
8.359179589794897,71.00144668999123,1,0,0
8.364182091045523,69.76176532855656,1,0,0
8.369184592296147,71.01401931309604,1,0,0
8.374187093546773,69.05484868380087,1,0,0
8.379189594797399,70.87986039683275,1,0,0
8.384192096048023,69.38258285870394,1,0,0
8.38919459729865,70.74426786708425,1,0,0
8.394197098549274,73.26282799056322,1,0,0
8.3991995997999,71.71102504205626,1,0,0
8.404202101050526,68.08383499341537,1,0,0
8.40920460230115,72.4789341490939,1,0,0
8.414207103551776,68.4513553123813,1,0,0
8.4192096048024,72.67934408178594,1,0,0
8.424212106053027,68.24069322790982,1,0,0
8.429214607303651,68.5690568101922,1,0,0
8.434217108554277,72.99118012358406,1,0,0
8.439219609804903,69.21754639395316,1,0,0
8.444222111055527,68.99629056273868,1,0,0
8.449224612306153,72.08129502281172,1,0,0
8.454227113556778,70.53133116408209,1,0,0
8.459229614807404,69.01512153768599,1,0,0
8.464232116058028,71.70924041935778,1,0,0
8.469234617308654,72.03909727110323,1,0,0
8.47423711855928,71.0378688871078,1,0,0
8.479239619809904,70.73423838001206,1,0,0
8.48424212106053,72.5175621031948,1,0,0
8.489244622311155,73.50311573164878,1,0,0
8.494247123561781,72.83300246844371,1,0,0
8.499249624812405,71.99251436508243,1,0,0
8.504252126063031,72.3319868486989,1,0,0
8.509254627313657,69.63160287145945,1,0,0
8.514257128564282,70.71498583418344,1,0,0
8.519259629814908,72.66018517581665,1,0,0
8.524262131065532,74.51144223973044,1,0,0
8.529264632316158,70.22433820754351,1,0,0
8.534267133566782,72.45555614096223,1,0,0
8.539269634817408,70.58839574549047,1,0,0
8.544272136068034,72.68559860685936,1,0,0
8.549274637318659,74.57271891981495,1,0,0
8.554277138569285,72.9971218639118,1,0,0
8.55927963981991,72.28149967798686,1,0,0
8.564282141070535,72.92160046299071,1,0,0
8.56928464232116,75.57944460158396,1,0,0
8.574287143571786,75.7971621694149,1,0,0
8.579289644822412,74.94935842600253,1,0,0
8.584292146073036,75.85507976428765,1,0,0
8.589294647323662,72.65772749705653,1,0,0
8.594297148574286,71.37582193242473,1,0,0
8.599299649824912,75.71733128270931,1,0,0
8.604302151075537,76.53011042718119,1,0,0
8.609304652326163,72.77436652125978,1,0,0
8.614307153576789,74.6585512465023,1,0,0
8.619309654827413,75.3019865620009,1,0,0
8.62431215607804,72.4587700156029,1,0,0
8.629314657328663,72.66423326205704,1,0,0
8.63431715857929,75.17256937928448,1,0,0
8.639319659829916,73.33364629431165,1,0,0
8.64432216108054,76.94295269773706,1,0,0
8.649324662331166,75.58676219984689,1,0,0
8.65432716358179,76.58498274123652,1,0,0
8.659329664832416,77.95250785005828,1,0,0
8.66433216608304,73.7331460148156,1,0,0
8.669334667333667,75.27611099272906,1,0,0
8.674337168584293,77.2051157521748,1,0,0
8.679339669834917,76.24124608464749,1,0,0
8.684342171085543,73.23465758098531,1,0,0
8.689344672336167,74.9397597489469,1,0,0
8.694347173586793,73.58187738513432,1,0,0
8.699349674837418,76.68283366294021,1,0,0
8.704352176088044,73.39615448804254,1,0,0
8.70935467733867,77.02860277003016,1,0,0
8.714357178589294,74.87987216961223,1,0,0
8.71935967983992,78.53096019170698,1,0,0
8.724362181090545,78.94858010790816,1,0,0
8.72936468234117,74.9531224868202,1,0,0
8.734367183591795,73.44489117088126,1,0,0
8.739369684842421,75.76161408868934,1,0,0
8.744372186093047,78.98616022540443,1,0,0
8.749374687343671,76.19804421519441,1,0,0
8.754377188594297,74.40841131089164,1,0,0
8.759379689844922,76.81133369136457,1,0,0
8.764382191095548,76.4498105645376,1,0,0
8.769384692346172,76.19680552779883,1,0,0
8.774387193596798,74.51579649682732,1,0,0
8.779389694847424,77.22263111798914,1,0,0
8.784392196098048,74.66054438632513,1,0,0
8.789394697348675,78.09323198642963,1,0,0
8.794397198599299,77.32524652382168,1,0,0
8.799399699849925,79.85918865803598,1,0,0
8.80440220110055,80.10015896051146,1,0,0
8.809404702351175,79.00594797511062,1,0,0
8.814407203601801,80.64513426645894,1,0,0
8.819409704852426,80.6059549635353,1,0,0
8.824412206103052,78.08209201962268,1,0,0
8.829414707353676,75.56151875201833,1,0,0
8.834417208604302,78.46324413230096,1,0,0
8.839419709854928,78.3038445494475,1,0,0
8.844422211105552,78.7188277477452,1,0,0
8.849424712356178,80.13318388202893,1,0,0
8.854427213606803,78.61946607836374,1,0,0
8.859429714857429,78.42208752104706,1,0,0
8.864432216108053,76.95478555656017,1,0,0
8.86943471735868,77.54751828640356,1,0,0
8.874437218609305,81.78698213581012,1,0,0
8.87943971985993,80.24302420601711,1,0,0
8.884442221110556,80.87491617235945,1,0,0
8.88944472236118,81.54480767043188,1,0,0
8.894447223611806,76.32616863047619,1,0,0
8.89944972486243,82.1085585956519,1,0,0
8.904452226113056,80.83792731366451,1,0,0
8.909454727363682,82.22460895667494,1,0,0
8.914457228614307,82.47694674066972,1,0,0
8.919459729864933,77.35674803866223,1,0,0
8.924462231115557,77.9829313070049,1,0,0
8.929464732366183,80.70389412585635,1,0,0
8.934467233616807,80.54087860992074,1,0,0
8.939469734867433,81.34825871819861,1,0,0
8.94447223611806,82.33804782008474,1,0,0
8.949474737368684,80.65396149385947,1,0,0
8.95447723861931,77.59750300967549,1,0,0
8.959479739869934,77.75486534184867,1,0,0
8.96448224112056,80.96269777990074,1,0,0
8.969484742371185,81.340445787135,1,0,0
8.97448724362181,80.5553727593759,1,0,0
8.979489744872437,77.71573511282361,1,0,0
8.984492246123061,78.71599671736617,1,0,0
8.989494747373687,77.91924412455376,1,0,0
8.994497248624311,77.80849825362458,1,0,0
8.999499749874937,82.7586917031202,1,0,0
9.004502251125562,80.14168130331026,1,0,0
9.009504752376188,78.19539249741405,1,0,0
9.014507253626814,84.16277693442964,1,0,0
9.019509754877438,82.26744867881126,1,0,0
9.024512256128064,83.72061620984475,1,0,0
9.029514757378688,78.72265580876632,1,0,0
9.034517258629315,83.45464291063458,1,0,0
9.039519759879939,81.4799513298638,1,0,0
9.044522261130565,84.35797927947891,1,0,0
9.049524762381191,84.16979915345537,1,0,0
9.054527263631815,80.8807894029397,1,0,0
9.059529764882441,79.35615680315738,1,0,0
9.064532266133066,83.0296515823066,1,0,0
9.069534767383692,82.03597747182474,1,0,0
9.074537268634318,83.69345249970718,1,0,0
9.079539769884942,79.48471655445164,1,0,0
9.084542271135568,84.2051203860911,1,0,0
9.089544772386192,81.16608636308942,1,0,0
9.094547273636818,84.33272619104935,1,0,0
9.099549774887443,80.77266591181873,1,0,0
9.104552276138069,81.95474518361799,1,0,0
9.109554777388695,80.89139528914075,1,0,0
9.11455727863932,80.24448497920477,1,0,0
9.119559779889945,84.54562089263362,1,0,0
9.12456228114057,83.71090528198386,1,0,0
9.129564782391196,85.51541786616865,1,0,0
9.13456728364182,82.84730001615239,1,0,0
9.139569784892446,81.46125983054682,1,0,0
9.144572286143072,82.60335521949258,1,0,0
9.149574787393696,83.49496586318445,1,0,0
9.154577288644322,80.84052122726156,1,0,0
9.159579789894947,80.97932593322864,1,0,0
9.164582291145573,87.22568550525875,1,0,0
9.169584792396197,86.67309542622503,1,0,0
9.174587293646823,81.3681728316488,1,0,0
9.17958979489745,85.16036148186164,1,0,0
9.184592296148073,85.55876304787138,1,0,0
9.1895947973987,84.14386061601617,1,0,0
9.194597298649324,81.63770950867395,1,0,0
9.19959979989995,82.88863301360745,1,0,0
9.204602301150574,81.85636965622264,1,0,0
9.2096048024012,81.58480336509353,1,0,0
9.214607303651826,84.72945527164232,1,0,0
9.21960980490245,81.8221229886836,1,0,0
9.224612306153077,82.38289799159304,1,0,0
9.229614807403701,83.2185513958463,1,0,0
9.234617308654327,82.83857076557094,1,0,0
9.239619809904951,84.7490388363293,1,0,0
9.244622311155577,87.28500846074891,1,0,0
9.249624812406203,84.73797436994253,1,0,0
9.254627313656828,83.64627661956324,1,0,0
9.259629814907454,85.93220252512292,1,0,0
9.264632316158078,87.96635058542952,1,0,0
9.269634817408704,86.0164854873169,1,0,0
9.27463731865933,82.82661492445533,1,0,0
9.279639819909955,87.6500088596223,1,0,0
9.28464232116058,87.5235741982032,1,0,0
9.289644822411205,87.29503161958087,1,0,0
9.294647323661831,88.11703765618348,1,0,0
9.299649824912455,84.74701007393983,1,0,0
9.304652326163081,85.5377190571943,1,0,0
9.309654827413707,87.74232092045298,1,0,0
9.314657328664332,85.77865900104446,1,0,0
9.319659829914958,85.1492150877758,1,0,0
9.324662331165582,87.81744603574043,1,0,0
9.329664832416208,90.12539543676556,1,0,0
9.334667333666832,86.97660615734914,1,0,0
9.339669834917459,88.24485279469987,1,0,0
9.344672336168085,90.43787881521634,1,0,0
9.349674837418709,85.05659739580415,1,0,0
9.354677338669335,86.81084746715625,1,0,0
9.35967983991996,84.11507418386489,1,0,0
9.364682341170585,90.14267497287348,1,0,0
9.36968484242121,89.72329593650636,1,0,0
9.374687343671836,91.09189596114089,1,0,0
9.379689844922462,86.70333948305611,1,0,0
9.384692346173086,90.83003720438987,1,0,0
9.389694847423712,85.35572188952843,1,0,0
9.394697348674336,90.2519067107166,1,0,0
9.399699849924962,86.18105618630048,1,0,0
9.404702351175587,87.69952140931365,1,0,0
9.409704852426213,86.12401734763006,1,0,0
9.414707353676839,86.22163588402769,1,0,0
9.419709854927463,91.81174326017928,1,0,0
9.42471235617809,89.07944714919041,1,0,0
9.429714857428714,92.43752200431494,1,0,0
9.43471735867934,90.59824578411659,1,0,0
9.439719859929964,87.33597594976455,1,0,0
9.44472236118059,88.06999700339215,1,0,0
9.449724862431216,87.3570996806519,1,0,0
9.45472736368184,88.40786614508893,1,0,0
9.459729864932466,92.03538772184929,1,0,0
9.46473236618309,90.16844288954904,1,0,0
9.469734867433717,87.17723537263873,1,0,0
9.474737368684341,90.06569924343293,1,0,0
9.479739869934967,87.20194979171163,1,0,0
9.484742371185593,88.94230049432508,1,0,0
9.489744872436217,88.42424420572236,1,0,0
9.494747373686844,90.37972257765094,1,0,0
9.499749874937468,89.22343984929387,1,0,0
9.504752376188094,92.69015178169012,1,0,0
9.50975487743872,93.63714587570178,1,0,0
9.514757378689344,88.03251655265348,1,0,0
9.51975987993997,91.7755526949368,1,0,0
9.524762381190595,89.53638694243888,1,0,0
9.52976488244122,89.67554930403776,1,0,0
9.534767383691845,88.15291961535324,1,0,0
9.539769884942471,87.54083054165677,1,0,0
9.544772386193097,88.25253331631515,1,0,0
9.549774887443721,87.72034143665867,1,0,0
9.554777388694347,93.56199152668755,1,0,0
9.559779889944972,90.66061615040707,1,0,0
9.564782391195598,88.9120595823177,1,0,0
9.569784892446222,92.42844103030158,1,0,0
9.574787393696848,90.54610339730786,1,0,0
9.579789894947474,90.02972879160183,1,0,0
9.584792396198099,90.29406338894292,1,0,0
9.589794897448725,88.79125902454325,1,0,0
9.594797398699349,90.53644624793885,1,0,0
9.599799899949975,91.43963688713735,1,0,0
9.6048024012006,94.61040206582247,1,0,0
9.609804902451225,90.64139137754258,1,0,0
9.614807403701851,91.7323370986094,1,0,0
9.619809904952476,90.06900387928306,1,0,0
9.624812406203102,94.72443385270442,1,0,0
9.629814907453726,92.18803261472885,1,0,0
9.634817408704352,90.44318888678366,1,0,0
9.639819909954976,93.97418661312535,1,0,0
9.644822411205602,94.48292754850321,1,0,0
9.649824912456229,95.78265063296702,1,0,0
9.654827413706853,90.79374780471336,1,0,0
9.659829914957479,95.28568760447592,1,0,0
9.664832416208103,92.89156027796587,1,0,0
9.66983491745873,93.67475971683284,1,0,0
9.674837418709354,93.17996359669553,1,0,0
9.67983991995998,92.49508796585961,1,0,0
9.684842421210606,94.0878064744231,1,0,0
9.68984492246123,93.03203308490097,1,0,0
9.694847423711856,94.8545519354993,1,0,0
9.69984992496248,95.17113086537292,1,0,0
9.704852426213106,95.66254123632582,1,0,0
9.709854927463732,96.24506019712153,1,0,0
9.714857428714357,94.22024021108652,1,0,0
9.719859929964983,91.89763612637591,1,0,0
9.724862431215607,94.61208812239246,1,0,0
9.729864932466233,96.46138583164472,1,0,0
9.734867433716857,97.4229499289648,1,0,0
9.739869934967484,96.86956286244927,1,0,0
9.74487243621811,92.84161998817507,1,0,0
9.749874937468734,94.74506976585306,1,0,0
9.75487743871936,97.00204178423631,1,0,0
9.759879939969984,94.64107791040401,1,0,0
9.76488244122061,95.47919865938614,1,0,0
9.769884942471235,97.53220414143486,1,0,0
9.77488744372186,92.37488341642265,1,0,0
9.779889944972487,95.20081327120141,1,0,0
9.784892446223111,98.24115768653897,1,0,0
9.789894947473737,95.24709674177788,1,0,0
9.794897448724361,99.43152593861481,1,0,0
9.799899949974987,97.09702324480398,1,0,0
9.804902451225612,94.80938323654286,1,0,0
9.809904952476238,96.60288554029515,1,0,0
9.814907453726864,95.25493592712334,1,0,0
9.819909954977488,94.09039544749274,1,0,0
9.824912456228114,98.90066805571433,1,0,0
9.829914957478739,93.46958196226042,1,0,0
9.834917458729365,96.61376578270344,1,0,0
9.839919959979989,100.22159684848054,1,0,0
9.844922461230615,97.66579331867494,1,0,0
9.849924962481241,93.97519312712419,1,0,0
9.854927463731865,99.92899083955962,1,0,0
9.859929964982491,99.93128550147438,1,0,0
9.864932466233116,100.24421047822915,1,0,0
9.869934967483742,97.4318390745292,1,0,0
9.874937468734366,97.76160249572274,1,0,0
9.879939969984992,98.29605742238127,1,0,0
9.884942471235618,101.4895637074514,1,0,0
9.889944972486242,99.93446520069698,1,0,0
9.894947473736869,99.43545518618284,1,0,0
9.899949974987493,96.16216545172591,1,0,0
9.904952476238119,98.28933179780952,1,0,0
9.909954977488743,99.90361499373684,1,0,0
9.91495747873937,101.00904079581542,1,0,0
9.919959979989995,95.58373884747276,1,0,0
9.92496248124062,99.5681944535187,1,0,0
9.929964982491246,94.7395474429287,1,0,0
9.93496748374187,101.58279704039703,1,0,0
9.939969984992496,98.91269425378518,1,0,0
9.944972486243122,95.22504559290668,1,0,0
9.949974987493746,101.19762094672929,1,0,0
9.954977488744372,96.46431183048104,1,0,0
9.959979989994997,100.61784342833678,1,0,0
9.964982491245623,100.05833420028841,1,0,0
9.969984992496247,101.0865693514829,1,0,0
9.974987493746873,98.93781311274796,1,0,0
9.9799899949975,99.49074945678655,1,0,0
9.984992496248124,102.89051605415388,1,0,0
9.98999499749875,97.55337496051887,1,0,0
9.994997498749374,96.5121314753318,1,0,0
10.0,100.51032652947822,1,0,0
