x,Logarithmic Value,a,b
0.0,0.0,1,1
0.0050025012506253125,0.0049163457440012225,1,1
0.010005002501250625,0.009645980272898399,1,1
0.015007503751875938,0.014362015729944857,1,1
0.02001000500250125,0.020532541853323236,1,1
0.02501250625312656,0.02399942326590789,1,1
0.030015007503751877,0.030631060373209885,1,1
0.03501750875437719,0.03372681430497467,1,1
0.0400200100050025,0.03885246622380215,1,1
0.04502251125562781,0.04456361576127822,1,1
0.05002501250625312,0.04880494929289168,1,1
0.055027513756878435,0.05369634907807688,1,1
0.060030015007503754,0.05680658427392433,1,1
0.06503251625812906,0.06333191215674792,1,1
0.07003501750875438,0.06501787021767048,1,1
0.07503751875937968,0.0710683149424435,1,1
0.080040020010005,0.07426114018617647,1,1
0.08504252126063032,0.07925384482918502,1,1
0.09004502251125562,0.08957086241565794,1,1
0.09504752376188094,0.09139510714544008,1,1
0.10005002501250625,0.09466385631146769,1,1
0.10505252626313157,0.09992464381927291,1,1
0.11005502751375687,0.1052490442844546,1,1
0.11505752876438219,0.10682344081518166,1,1
0.12006003001500751,0.11223447325299102,1,1
0.12506253126563283,0.11722587521750408,1,1
0.13006503251625812,0.12080386608343872,1,1
0.13506753376688344,0.1277330023695739,1,1
0.14007003501750875,0.1299127832932416,1,1
0.14507253626813407,0.13969633184075222,1,1
0.15007503751875936,0.13648630505994394,1,1
0.15507753876938468,0.13850449777760895,1,1
0.16008004002001,0.14799562449777032,1,1
0.16508254127063532,0.14861569481471318,1,1
0.17008504252126064,0.15937157543507133,1,1
0.17508754377188593,0.1616486848129717,1,1
0.18009004502251125,0.165070878197069,1,1
0.18509254627313657,0.17296736188701436,1,1
0.19009504752376188,0.17066705035447002,1,1
0.19509754877438718,0.17748213396267068,1,1
0.2001000500250125,0.1864652429672443,1,1
0.2051025512756378,0.18710295081036651,1,1
0.21010505252626313,0.19042700980030297,1,1
0.21510755377688845,0.20167437984142053,1,1
0.22011005502751374,0.20172795563026685,1,1
0.22511255627813906,0.20506385402964325,1,1
0.23011505752876438,0.21182373424619128,1,1
0.2351175587793897,0.21327367015712392,1,1
0.24012006003001501,0.20978059726023443,1,1
0.2451225612806403,0.22613005883882795,1,1
0.25012506253126565,0.22133542012791996,1,1
0.25512756378189094,0.2277614926482531,1,1
0.26013006503251623,0.22441267717090949,1,1
0.2651325662831416,0.22866604626856002,1,1
0.27013506753376687,0.23064200482146804,1,1
0.27513756878439216,0.2354495482794651,1,1
0.2801400700350175,0.25355082131998163,1,1
0.2851425712856428,0.25006600877283064,1,1
0.29014507253626814,0.2577028493677496,1,1
0.29514757378689344,0.2551689527972248,1,1
0.3001500750375187,0.2681669796202485,1,1
0.3051525762881441,0.2727848426879656,1,1
0.31015507753876936,0.2603602378682079,1,1
0.3151575787893947,0.2780225530331555,1,1
0.32016008004002,0.2681790328064884,1,1
0.3251625812906453,0.2744290610318841,1,1
0.33016508254127064,0.2835631169566588,1,1
0.33516758379189593,0.28630470664325375,1,1
0.3401700850425213,0.28497784464946424,1,1
0.34517258629314657,0.3031553445204199,1,1
0.35017508754377186,0.3073995077343491,1,1
0.3551775887943972,0.2970897526338174,1,1
0.3601800900450225,0.3066918360140541,1,1
0.36518259129564784,0.31680126766600414,1,1
0.37018509254627313,0.3128694120255045,1,1
0.3751875937968984,0.31196109338126554,1,1
0.38019009504752377,0.3195702771443241,1,1
0.38519259629814906,0.3343753828183999,1,1
0.39019509754877435,0.32834365857030895,1,1
0.3951975987993997,0.3292610716572238,1,1
0.400200100050025,0.34049216781543407,1,1
0.40520260130065033,0.3333465346952966,1,1
0.4102051025512756,0.33386435315974805,1,1
0.4152076038019009,0.342662288084721,1,1
0.42021010505252626,0.34732872841375856,1,1
0.42521260630315155,0.3580797039002392,1,1
0.4302151075537769,0.3606769995234003,1,1
0.4352176088044022,0.36635111683569865,1,1
0.4402201100550275,0.36619126650899286,1,1
0.4452226113056528,0.3620284520956323,1,1
0.4502251125562781,0.37069832594734897,1,1
0.45522761380690346,0.3642776928084258,1,1
0.46023011505752875,0.38086944931514327,1,1
0.46523261630815405,0.37863142364911495,1,1
0.4702351175587794,0.39276201753112827,1,1
0.4752376188094047,0.4016030761232382,1,1
0.48024012006003003,0.37686080003461125,1,1
0.4852426213106553,0.3998585966818791,1,1
0.4902451225612806,0.4016910421765406,1,1
0.49524762381190596,0.4177212897930426,1,1
0.5002501250625313,0.39271648766336287,1,1
0.5052526263131566,0.4025030865400443,1,1
0.5102551275637819,0.41898731012249435,1,1
0.5152576288144072,0.41444700375322946,1,1
0.5202601300650325,0.43516063442256053,1,1
0.5252626313156579,0.4172750182556027,1,1
0.5302651325662832,0.42808342877601,1,1
0.5352676338169085,0.42291584523800546,1,1
0.5402701350675337,0.4402362479338889,1,1
0.545272636318159,0.4373890632120167,1,1
0.5502751375687843,0.44233915412165237,1,1
0.5552776388194097,0.4306786075535192,1,1
0.560280140070035,0.45824185094646763,1,1
0.5652826413206603,0.4523974731854272,1,1
0.5702851425712856,0.46439434412481384,1,1
0.5752876438219109,0.448165937279623,1,1
0.5802901450725363,0.45414617108193495,1,1
0.5852926463231616,0.47679336315802656,1,1
0.5902951475737869,0.47307239951769997,1,1
0.5952976488244122,0.45496733028361985,1,1
0.6003001500750375,0.4700389690837516,1,1
0.6053026513256629,0.4812612176932083,1,1
0.6103051525762881,0.4877883441901956,1,1
0.6153076538269134,0.4950504657824136,1,1
0.6203101550775387,0.4887217183081837,1,1
0.625312656328164,0.4903408982792505,1,1
0.6303151575787894,0.5073353768311892,1,1
0.6353176588294147,0.5037309265544174,1,1
0.64032016008004,0.47704355811401006,1,1
0.6453226613306653,0.4870944493091266,1,1
0.6503251625812906,0.5026555411166239,1,1
0.655327663831916,0.5100781185986497,1,1
0.6603301650825413,0.49788007522974287,1,1
0.6653326663331666,0.5256403723249928,1,1
0.6703351675837919,0.5212458202882635,1,1
0.6753376688344171,0.5029199770950347,1,1
0.6803401700850426,0.5371067570135973,1,1
0.6853426713356678,0.5160550945120997,1,1
0.6903451725862931,0.5387241932987534,1,1
0.6953476738369184,0.5307607965600066,1,1
0.7003501750875437,0.5131852185723167,1,1
0.7053526763381691,0.5373149879173258,1,1
0.7103551775887944,0.5530289622042831,1,1
0.7153576788394197,0.5397278718858404,1,1
0.720360180090045,0.5419659417618752,1,1
0.7253626813406703,0.5556816015629155,1,1
0.7303651825912957,0.5558018753548031,1,1
0.735367683841921,0.5432264832221255,1,1
0.7403701850925463,0.5455367254673765,1,1
0.7453726863431716,0.5414521022312238,1,1
0.7503751875937968,0.5496699005024775,1,1
0.7553776888444221,0.55803449312162,1,1
0.7603801900950475,0.5814060484510556,1,1
0.7653826913456728,0.5541012481159362,1,1
0.7703851925962981,0.559511286076375,1,1
0.7753876938469234,0.5736386256979347,1,1
0.7803901950975487,0.559651320122342,1,1
0.7853926963481741,0.5585148628462988,1,1
0.7903951975987994,0.5956707715804819,1,1
0.7953976988494247,0.5710959993083042,1,1
0.80040020010005,0.6043593269231958,1,1
0.8054027013506753,0.5720260638845104,1,1
0.8104052026013007,0.6038003590005064,1,1
0.815407703851926,0.5964431725909507,1,1
0.8204102051025512,0.6196939366702479,1,1
0.8254127063531765,0.6247359414668214,1,1
0.8304152076038018,0.5818538848459227,1,1
0.8354177088544272,0.5833871221922626,1,1
0.8404202101050525,0.594201838254009,1,1
0.8454227113556778,0.5950911229502021,1,1
0.8504252126063031,0.630724097923616,1,1
0.8554277138569284,0.6055079542227092,1,1
0.8604302151075538,0.6277191012540735,1,1
0.8654327163581791,0.6121166678884683,1,1
0.8704352176088044,0.6038371790020399,1,1
0.8754377188594297,0.6090737183228168,1,1
0.880440220110055,0.6295312420105366,1,1
0.8854427213606804,0.6554519856031079,1,1
0.8904452226113057,0.620580739483757,1,1
0.8954477238619309,0.6396561430369047,1,1
0.9004502251125562,0.6223544231189385,1,1
0.9054527263631815,0.62705456171226,1,1
0.9104552276138069,0.6478228388977101,1,1
0.9154577288644322,0.6430308700748594,1,1
0.9204602301150575,0.651931334670509,1,1
0.9254627313656828,0.6390890963899715,1,1
0.9304652326163081,0.634154820406893,1,1
0.9354677338669335,0.6798530838717978,1,1
0.9404702351175588,0.6575269886243874,1,1
0.9454727363681841,0.6639660120467116,1,1
0.9504752376188094,0.6747264978939314,1,1
0.9554777388694347,0.6859062209491406,1,1
0.9604802401200601,0.650240631698839,1,1
0.9654827413706853,0.6835627956644948,1,1
0.9704852426213106,0.683143214606463,1,1
0.9754877438719359,0.7035232717508809,1,1
0.9804902451225612,0.6935500405564088,1,1
0.9854927463731865,0.6664211108843049,1,1
0.9904952476238119,0.6823195894885049,1,1
0.9954977488744372,0.7087285406121129,1,1
1.0005002501250626,0.6838379047500394,1,1
1.0055027513756878,0.6757841095854709,1,1
1.0105052526263132,0.7052186984031209,1,1
1.0155077538769384,0.6742599436259004,1,1
1.0205102551275638,0.7117138708103327,1,1
1.0255127563781892,0.724044643154913,1,1
1.0305152576288144,0.6984471317218818,1,1
1.0355177588794398,0.6968836699103114,1,1
1.040520260130065,0.706078845533701,1,1
1.0455227613806903,0.7393924382374535,1,1
1.0505252626313157,0.7431772227993069,1,1
1.055527763881941,0.7200593593847042,1,1
1.0605302651325663,0.7394904763506708,1,1
1.0655327663831915,0.7187057708150398,1,1
1.070535267633817,0.7528558774033617,1,1
1.075537768884442,0.723521135447987,1,1
1.0805402701350675,0.7362254086321447,1,1
1.0855427713856929,0.7245826830903368,1,1
1.090545272636318,0.7207523981925325,1,1
1.0955477738869435,0.7622823877007266,1,1
1.1005502751375686,0.7496606143139909,1,1
1.105552776388194,0.735310998647847,1,1
1.1105552776388194,0.7708957571691049,1,1
1.1155577788894446,0.7706250445661119,1,1
1.12056028014007,0.7433514537713922,1,1
1.1255627813906952,0.7558190787028322,1,1
1.1305652826413206,0.7432029463769283,1,1
1.135567783891946,0.7296322416681671,1,1
1.1405702851425712,0.7418491588400608,1,1
1.1455727863931966,0.7930362594540606,1,1
1.1505752876438218,0.7690177611307447,1,1
1.1555777888944472,0.7584319308524041,1,1
1.1605802901450726,0.7459573905797703,1,1
1.1655827913956978,0.7536253155983694,1,1
1.1705852926463232,0.7934805715070502,1,1
1.1755877938969483,0.8006967435016084,1,1
1.1805902951475737,0.7717106281743942,1,1
1.1855927963981991,0.7943545124567172,1,1
1.1905952976488243,0.7785279678993687,1,1
1.1955977988994497,0.810277331974799,1,1
1.200600300150075,0.7876792796979973,1,1
1.2056028014007003,0.7613698731825529,1,1
1.2106053026513257,0.7959421526515303,1,1
1.215607803901951,0.8236478691910616,1,1
1.2206103051525763,0.7941181481504507,1,1
1.2256128064032015,0.7690273288898143,1,1
1.2306153076538269,0.7866189086557739,1,1
1.2356178089044523,0.8325646316804894,1,1
1.2406203101550775,0.7928830401066482,1,1
1.2456228114057029,0.7925392474693336,1,1
1.250625312656328,0.7845518064474922,1,1
1.2556278139069534,0.8147260003494055,1,1
1.2606303151575788,0.8101011505038886,1,1
1.265632816408204,0.8109321424215074,1,1
1.2706353176588294,0.82487050353083,1,1
1.2756378189094546,0.7919233979854805,1,1
1.28064032016008,0.80963568328112,1,1
1.2856428214107054,0.8454757894451582,1,1
1.2906453226613306,0.8439262682629575,1,1
1.295647823911956,0.8200123930569991,1,1
1.3006503251625812,0.8049530946078789,1,1
1.3056528264132066,0.8274324982963459,1,1
1.310655327663832,0.828000479693072,1,1
1.3156578289144572,0.8609345407285761,1,1
1.3206603301650826,0.8140787602056008,1,1
1.3256628314157077,0.864291632257492,1,1
1.3306653326663331,0.8791850397305289,1,1
1.3356678339169585,0.8795673011438241,1,1
1.3406703351675837,0.8684060291711981,1,1
1.3456728364182091,0.8781239400251968,1,1
1.3506753376688343,0.8570934630077898,1,1
1.3556778389194597,0.8242964233589376,1,1
1.360680340170085,0.8886893200385373,1,1
1.3656828414207103,0.8593824604391229,1,1
1.3706853426713357,0.8349001746726186,1,1
1.3756878439219609,0.863923560377195,1,1
1.3806903451725863,0.867585240835138,1,1
1.3856928464232117,0.8426249583713546,1,1
1.3906953476738368,0.901275944926047,1,1
1.3956978489244622,0.8628684609152802,1,1
1.4007003501750874,0.8725244678558693,1,1
1.4057028514257128,0.8776697926196638,1,1
1.4107053526763382,0.8970811215151613,1,1
1.4157078539269634,0.8722270167525858,1,1
1.4207103551775888,0.8854535183785922,1,1
1.425712856428214,0.9062088704272949,1,1
1.4307153576788394,0.8767357792547825,1,1
1.4357178589294648,0.9238564521595126,1,1
1.44072036018009,0.9121431717618529,1,1
1.4457228614307154,0.8624899921106148,1,1
1.4507253626813406,0.868947345659529,1,1
1.455727863931966,0.915303980784501,1,1
1.4607303651825914,0.8646914797237051,1,1
1.4657328664332165,0.8884597855452084,1,1
1.470735367683842,0.8976238433687672,1,1
1.4757378689344671,0.9059141297334273,1,1
1.4807403701850925,0.9254526589274237,1,1
1.485742871435718,0.9256287043255812,1,1
1.490745372686343,0.9066640308131907,1,1
1.4957478739369685,0.9370398645783597,1,1
1.5007503751875937,0.9079242673005015,1,1
1.505752876438219,0.917410090587887,1,1
1.5107553776888443,0.9130699056762723,1,1
1.5157578789394697,0.9457103814293084,1,1
1.520760380190095,0.9304136698957031,1,1
1.5257628814407203,0.9304176756329431,1,1
1.5307653826913457,0.9302240689945027,1,1
1.5357678839419708,0.9173745872776108,1,1
1.5407703851925962,0.9186280658473078,1,1
1.5457728864432216,0.9608877633790285,1,1
1.5507753876938468,0.937921537815385,1,1
1.5557778889444722,0.9520460992914644,1,1
1.5607803901950974,0.9570056357855523,1,1
1.5657828914457228,0.9680093061217582,1,1
1.5707853926963482,0.9464443224090718,1,1
1.5757878939469734,0.9542382378785883,1,1
1.5807903951975988,0.9352393679272268,1,1
1.585792896448224,0.9483185687879183,1,1
1.5907953976988494,0.9695374383613645,1,1
1.5957978989494748,0.9717960504471258,1,1
1.6008004002001,0.9544978699668408,1,1
1.6058029014507254,0.9252632546978004,1,1
1.6108054027013505,0.9774428324447175,1,1
1.615807903951976,0.9950330482828763,1,1
1.6208104052026013,0.959338086904692,1,1
1.6258129064532265,0.9809925825826948,1,1
1.630815407703852,0.9419617561674625,1,1
1.635817908954477,1.0071391750060446,1,1
1.6408204102051025,0.9432463036062567,1,1
1.645822911455728,1.0092592763805748,1,1
1.650825412706353,0.9828855181715258,1,1
1.6558279139569785,0.9456272821296339,1,1
1.6608304152076037,0.9827135158188263,1,1
1.665832916458229,0.9672998059597222,1,1
1.6708354177088545,1.0200713560402068,1,1
1.6758379189594796,0.9813895838845051,1,1
1.680840420210105,1.0049528343218659,1,1
1.6858429214607302,0.993843528184967,1,1
1.6908454227113556,1.003884266276317,1,1
1.695847923961981,0.9803000076324623,1,1
1.7008504252126062,1.026395971871076,1,1
1.7058529264632316,0.9720039852250345,1,1
1.7108554277138568,1.0210086040718613,1,1
1.7158579289644822,1.0037200271560196,1,1
1.7208604302151076,1.0008192867541064,1,1
1.7258629314657328,0.9729463506550354,1,1
1.7308654327163582,1.0424609606959276,1,1
1.7358679339669834,0.9711296090325259,1,1
1.7408704352176088,0.9748134912840956,1,1
1.7458729364682342,1.0298525128681342,1,1
1.7508754377188593,1.0419064386041492,1,1
1.7558779389694847,0.9928520762589237,1,1
1.76088044022011,0.9988298023316982,1,1
1.7658829414707353,1.0438459487870313,1,1
1.7708854427213607,1.0309671783503722,1,1
1.775887943971986,1.0231630835818737,1,1
1.7808904452226113,1.054245362528234,1,1
1.7858929464732365,1.0376477847351755,1,1
1.7908954477238619,0.9856880667680551,1,1
1.7958979489744873,1.0532876479414353,1,1
1.8009004502251125,1.0331429090624213,1,1
1.8059029514757379,1.0190805022472573,1,1
1.810905452726363,1.0366384484797395,1,1
1.8159079539769885,1.0660520711499089,1,1
1.8209104552276139,1.0346856974069272,1,1
1.825912956478239,1.0103191331884258,1,1
1.8309154577288644,1.0585629801250598,1,1
1.8359179589794896,1.0039525477671398,1,1
1.840920460230115,1.015993285527522,1,1
1.8459229614807404,1.0674292558775482,1,1
1.8509254627313656,1.0865739837585837,1,1
1.855927963981991,1.0538314088586742,1,1
1.8609304652326162,1.0719692762283897,1,1
1.8659329664832416,1.046141519141331,1,1
1.870935467733867,1.0311248567940798,1,1
1.8759379689844922,1.088297897113069,1,1
1.8809404702351176,1.0536796225455514,1,1
1.8859429714857427,1.0706344794119678,1,1
1.8909454727363681,1.0290866031787578,1,1
1.8959479739869936,1.064899533975385,1,1
1.9009504752376187,1.0797649644984895,1,1
1.9059529764882441,1.1068577323854225,1,1
1.9109554777388693,1.0571433957852128,1,1
1.9159579789894947,1.0510384810695166,1,1
1.9209604802401201,1.0874939886926005,1,1
1.9259629814907453,1.1088662114116616,1,1
1.9309654827413707,1.0957757047144105,1,1
1.9359679839919959,1.114350161319317,1,1
1.9409704852426213,1.0870689140251082,1,1
1.9459729864932465,1.1076011022311578,1,1
1.9509754877438719,1.040599404629143,1,1
1.9559779889944973,1.0986427380431594,1,1
1.9609804902451224,1.107750694572722,1,1
1.9659829914957478,1.0623614532197503,1,1
1.970985492746373,1.0602928798610525,1,1
1.9759879939969984,1.0932971175538742,1,1
1.9809904952476238,1.1031213335403538,1,1
1.985992996498249,1.0945316701047518,1,1
1.9909954977488744,1.0995470025480665,1,1
1.9959979989994996,1.063704522215715,1,1
2.001000500250125,1.1288292467384,1,1
2.0060030015007504,1.074178546479993,1,1
2.0110055027513756,1.0707130704603904,1,1
2.0160080040020008,1.1175712171103718,1,1
2.0210105052526264,1.108135758121054,1,1
2.0260130065032516,1.0945000233415267,1,1
2.0310155077538767,1.1406230860014528,1,1
2.0360180090045024,1.0731674154145798,1,1
2.0410205102551275,1.0817641272253098,1,1
2.0460230115057527,1.0941888213062265,1,1
2.0510255127563783,1.1333980557709877,1,1
2.0560280140070035,1.1503590741230516,1,1
2.0610305152576287,1.1201166171349346,1,1
2.066033016508254,1.0817347862736881,1,1
2.0710355177588795,1.1421060008602264,1,1
2.0760380190095047,1.132723630254554,1,1
2.08104052026013,1.159105490478456,1,1
2.0860430215107555,1.0831676510219095,1,1
2.0910455227613807,1.1147268034190303,1,1
2.096048024012006,1.1080094885666913,1,1
2.1010505252626315,1.1640524130556003,1,1
2.1060530265132567,1.089498236591215,1,1
2.111055527763882,1.1591804506406824,1,1
2.116058029014507,1.1224557463100924,1,1
2.1210605302651326,1.1744521551925875,1,1
2.126063031515758,1.1679969557465788,1,1
2.131065532766383,1.1597319438377212,1,1
2.1360680340170086,1.1081464579917581,1,1
2.141070535267634,1.1786051831231812,1,1
2.146073036518259,1.1433134681857828,1,1
2.151075537768884,1.1903347611380337,1,1
2.15607803901951,1.1043877253969627,1,1
2.161080540270135,1.1081218160764705,1,1
2.16608304152076,1.1843717236479987,1,1
2.1710855427713858,1.1310396956126385,1,1
2.176088044022011,1.1658447640162806,1,1
2.181090545272636,1.1845850741038262,1,1
2.1860930465232618,1.1503964305809533,1,1
2.191095547773887,1.1827834977916396,1,1
2.196098049024512,1.154137014920418,1,1
2.2011005502751373,1.2020727018619144,1,1
2.206103051525763,1.1251099235607562,1,1
2.211105552776388,1.1666466698487756,1,1
2.2161080540270133,1.1963120547601418,1,1
2.221110555277639,1.1668446799929022,1,1
2.226113056528264,1.1408546280152982,1,1
2.2311155577788893,1.1650657224677994,1,1
2.236118059029515,1.212886513316347,1,1
2.24112056028014,1.2018162888208501,1,1
2.2461230615307652,1.1644949824769288,1,1
2.2511255627813904,1.1799854165535555,1,1
2.256128064032016,1.1498791970504263,1,1
2.2611305652826412,1.220792301950305,1,1
2.2661330665332664,1.1895905006793592,1,1
2.271135567783892,1.2208408595427616,1,1
2.276138069034517,1.191981407670956,1,1
2.2811405702851424,1.2294720072991687,1,1
2.286143071535768,1.1817938233903815,1,1
2.291145572786393,1.1835836208906083,1,1
2.2961480740370184,1.231263824715776,1,1
2.3011505752876436,1.2278518984896407,1,1
2.306153076538269,1.1680648976211134,1,1
2.3111555777888944,1.1646523169211176,1,1
2.3161580790395195,1.2463795351821176,1,1
2.321160580290145,1.2269047386108938,1,1
2.3261630815407703,1.2024061864519955,1,1
2.3311655827913955,1.1613897916017688,1,1
2.336168084042021,1.2263515623648356,1,1
2.3411705852926463,1.22478470593073,1,1
2.3461730865432715,1.2053040605582126,1,1
2.3511755877938967,1.2037438927234796,1,1
2.3561780890445223,1.252406863941315,1,1
2.3611805902951475,1.2082623262447727,1,1
2.3661830915457727,1.1774778861772988,1,1
2.3711855927963983,1.1788494255723105,1,1
2.3761880940470235,1.196637800283782,1,1
2.3811905952976486,1.2581091182448916,1,1
2.3861930965482743,1.2163243682367075,1,1
2.3911955977988995,1.2588533661720576,1,1
2.3961980990495246,1.2540845550768258,1,1
2.40120060030015,1.269707202606625,1,1
2.4062031015507754,1.2096364971952749,1,1
2.4112056028014006,1.2711487093884533,1,1
2.416208104052026,1.2192146939147641,1,1
2.4212106053026514,1.1969354222081006,1,1
2.4262131065532766,1.2797362693220573,1,1
2.431215607803902,1.2379139825824341,1,1
2.4362181090545274,1.2443498135324846,1,1
2.4412206103051526,1.248632785863816,1,1
2.4462231115557778,1.284669008702187,1,1
2.451225612806403,1.2882183036260253,1,1
2.4562281140570286,1.2842065087740129,1,1
2.4612306153076537,1.210861105092515,1,1
2.466233116558279,1.2157123946211772,1,1
2.4712356178089045,1.2138302362993618,1,1
2.4762381190595297,1.2228623718410825,1,1
2.481240620310155,1.2493574841509405,1,1
2.4862431215607805,1.243423895530195,1,1
2.4912456228114057,1.2852639090588684,1,1
2.496248124062031,1.2016395645712281,1,1
2.501250625312656,1.2996932578206695,1,1
2.5062531265632817,1.2586423887622054,1,1
2.511255627813907,1.2476052803453448,1,1
2.516258129064532,1.282357196500875,1,1
2.5212606303151577,1.2392568965258963,1,1
2.526263131565783,1.2358237940467516,1,1
2.531265632816408,1.2486061386563543,1,1
2.5362681340670337,1.3014732345781381,1,1
2.541270635317659,1.2813813672489407,1,1
2.546273136568284,1.272666063334566,1,1
2.551275637818909,1.3064386997216848,1,1
2.556278139069535,1.2295489694844879,1,1
2.56128064032016,1.2767599241329899,1,1
2.566283141570785,1.2730281901127571,1,1
2.571285642821411,1.3194329635400697,1,1
2.576288144072036,1.2920524747639266,1,1
2.581290645322661,1.293357000803621,1,1
2.5862931465732864,1.325368231943421,1,1
2.591295647823912,1.2537414200540171,1,1
2.596298149074537,1.2764891963562042,1,1
2.6013006503251623,1.3172094382750812,1,1
2.606303151575788,1.2896939377063508,1,1
2.611305652826413,1.2661060427228432,1,1
2.6163081540770383,1.2794095707492084,1,1
2.621310655327664,1.2920950952129082,1,1
2.626313156578289,1.3126590716225777,1,1
2.6313156578289143,1.3099362125400191,1,1
2.6363181590795395,1.3226142692252447,1,1
2.641320660330165,1.2478358404485117,1,1
2.6463231615807903,1.2456802287251247,1,1
2.6513256628314155,1.2957046834795212,1,1
2.656328164082041,1.2676945371437767,1,1
2.6613306653326663,1.328970382144028,1,1
2.6663331665832914,1.3474316051185198,1,1
2.671335667833917,1.2637719530545157,1,1
2.6763381690845423,1.2955944085810334,1,1
2.6813406703351674,1.2734162618902831,1,1
2.6863431715857926,1.266322606117469,1,1
2.6913456728364182,1.3011480238622208,1,1
2.6963481740870434,1.3167700218718437,1,1
2.7013506753376686,1.3478959836397186,1,1
2.706353176588294,1.314916647077095,1,1
2.7113556778389194,1.3011971609500408,1,1
2.7163581790895446,1.3594799354510634,1,1
2.72136068034017,1.2829821764075549,1,1
2.7263631815907954,1.355015307870891,1,1
2.7313656828414206,1.355217213461063,1,1
2.7363681840920457,1.347927170462031,1,1
2.7413706853426714,1.317294402922983,1,1
2.7463731865932965,1.3650225867697547,1,1
2.7513756878439217,1.2707780802502628,1,1
2.7563781890945473,1.3056071270379639,1,1
2.7613806903451725,1.3622990555872914,1,1
2.7663831915957977,1.3361332841095341,1,1
2.7713856928464233,1.3338836376008314,1,1
2.7763881940970485,1.3432956631381754,1,1
2.7813906953476737,1.313402958525659,1,1
2.786393196598299,1.37587085379929,1,1
2.7913956978489245,1.3170291848915556,1,1
2.7963981990995497,1.3712537429357625,1,1
2.801400700350175,1.3699646533947758,1,1
2.8064032016008005,1.348354184705998,1,1
2.8114057028514257,1.3455049416702687,1,1
2.816408204102051,1.2881917505156297,1,1
2.8214107053526765,1.3639056839315975,1,1
2.8264132066033016,1.33829312929973,1,1
2.831415707853927,1.3409737938921322,1,1
2.836418209104552,1.3858443146581092,1,1
2.8414207103551776,1.3640343306193317,1,1
2.846423211605803,1.3744262182704912,1,1
2.851425712856428,1.3709662075849096,1,1
2.8564282141070536,1.3505593076150721,1,1
2.861430715357679,1.3708230699018626,1,1
2.866433216608304,1.3769595957924816,1,1
2.8714357178589296,1.3868624325831018,1,1
2.8764382191095548,1.3699646412121396,1,1
2.88144072036018,1.3665973103152667,1,1
2.886443221610805,1.356517690230243,1,1
2.8914457228614308,1.3900559077575296,1,1
2.896448224112056,1.314813545427735,1,1
2.901450725362681,1.3762683108147593,1,1
2.9064532266133067,1.4148636365057923,1,1
2.911455727863932,1.3343290514551371,1,1
2.916458229114557,1.4080077497612191,1,1
2.9214607303651827,1.3466698442553726,1,1
2.926463231615808,1.375911592441053,1,1
2.931465732866433,1.4034610461475379,1,1
2.9364682341170583,1.3682861583720047,1,1
2.941470735367684,1.4209760154987456,1,1
2.946473236618309,1.3753912235415704,1,1
2.9514757378689342,1.3314053242184214,1,1
2.95647823911956,1.3472521177189178,1,1
2.961480740370185,1.40805612670448,1,1
2.9664832416208102,1.361660660572125,1,1
2.971485742871436,1.412083008598956,1,1
2.976488244122061,1.343192228169996,1,1
2.981490745372686,1.3633999895824853,1,1
2.9864932466233114,1.4294259227828516,1,1
2.991495747873937,1.4228252885286643,1,1
2.996498249124562,1.430554536251561,1,1
3.0015007503751874,1.4111876861531982,1,1
3.006503251625813,1.3842640387578804,1,1
3.011505752876438,1.4118041789844293,1,1
3.0165082541270634,1.3456005722803384,1,1
3.0215107553776885,1.3691505111873838,1,1
3.026513256628314,1.4163499431846478,1,1
3.0315157578789393,1.430851333369422,1,1
3.0365182591295645,1.3708274148855102,1,1
3.04152076038019,1.3715586662938848,1,1
3.0465232616308153,1.3461221751946915,1,1
3.0515257628814405,1.406624880423068,1,1
3.056528264132066,1.349048270893277,1,1
3.0615307653826913,1.4319717751711472,1,1
3.0665332666333165,1.415760393367803,1,1
3.0715357678839417,1.35213968762577,1,1
3.0765382691345673,1.407997454721661,1,1
3.0815407703851925,1.3852404286907278,1,1
3.0865432716358177,1.4441394736156914,1,1
3.0915457728864433,1.4203049899378757,1,1
3.0965482741370685,1.4169551718754871,1,1
3.1015507753876936,1.3768549605306042,1,1
3.1065532766383193,1.3736830677939085,1,1
3.1115557778889444,1.3916326940211299,1,1
3.1165582791395696,1.4397166937329358,1,1
3.121560780390195,1.4428286879506624,1,1
3.1265632816408204,1.4208026076920985,1,1
3.1315657828914456,1.3950457589555851,1,1
3.136568284142071,1.4739487306498642,1,1
3.1415707853926964,1.378110304880775,1,1
3.1465732866433216,1.3675990482348557,1,1
3.1515757878939468,1.4502971498829125,1,1
3.1565782891445724,1.4226196820332038,1,1
3.1615807903951976,1.3790558164088516,1,1
3.1665832916458228,1.3987963297727124,1,1
3.171585792896448,1.464283265611151,1,1
3.1765882941470736,1.3729637826487247,1,1
3.1815907953976987,1.4676423550025315,1,1
3.186593296648324,1.4757062030565553,1,1
3.1915957978989495,1.4364058374984081,1,1
3.1965982991495747,1.3881510673076305,1,1
3.2016008004002,1.4716027598484573,1,1
3.2066033016508255,1.3821870047010956,1,1
3.2116058029014507,1.3978610642613005,1,1
3.216608304152076,1.4571616934583203,1,1
3.221610805402701,1.3910927682597636,1,1
3.2266133066533267,1.4080431329728447,1,1
3.231615807903952,1.4596910841062625,1,1
3.236618309154577,1.4448544580487979,1,1
3.2416208104052027,1.493732675539019,1,1
3.246623311655828,1.39522235943856,1,1
3.251625812906453,1.504920824206869,1,1
3.2566283141570787,1.461393958404333,1,1
3.261630815407704,1.5036092478264478,1,1
3.266633316658329,1.4001104129786985,1,1
3.271635817908954,1.4416919849316854,1,1
3.27663831915958,1.496947856459739,1,1
3.281640820410205,1.4011890951289043,1,1
3.28664332166083,1.5039778758293558,1,1
3.291645822911456,1.46322725074735,1,1
3.296648324162081,1.5156654196497477,1,1
3.301650825412706,1.4487802128226983,1,1
3.306653326663332,1.4299773072811088,1,1
3.311655827913957,1.4742970558847526,1,1
3.316658329164582,1.433086589815281,1,1
3.3216608304152073,1.4867787618536286,1,1
3.326663331665833,1.4079015124478655,1,1
3.331665832916458,1.4485183068293204,1,1
3.3366683341670833,1.4191293066207593,1,1
3.341670835417709,1.4333254780564104,1,1
3.346673336668334,1.4456154736596962,1,1
3.3516758379189593,1.4289293740225109,1,1
3.356678339169585,1.4191869991305923,1,1
3.36168084042021,1.5216882368042242,1,1
3.3666833416708353,1.4861056661373349,1,1
3.3716858429214605,1.4911248568571693,1,1
3.376688344172086,1.5254629605869798,1,1
3.3816908454227113,1.4372616883779477,1,1
3.3866933466733364,1.4980694437462359,1,1
3.391695847923962,1.4320539787932158,1,1
3.3966983491745872,1.4692320683205895,1,1
3.4017008504252124,1.4592584643511568,1,1
3.406703351675838,1.5386220852382715,1,1
3.4117058529264632,1.433941642725522,1,1
3.4167083541770884,1.489829354607181,1,1
3.4217108554277136,1.5111666002756914,1,1
3.426713356678339,1.4333054771429883,1,1
3.4317158579289644,1.548020896051079,1,1
3.4367183591795896,1.5303871497987798,1,1
3.441720860430215,1.537638377705577,1,1
3.4467233616808404,1.544099587999296,1,1
3.4517258629314655,1.4627333160575615,1,1
3.4567283641820907,1.4453563403258183,1,1
3.4617308654327164,1.501762493725057,1,1
3.4667333666833415,1.4619801894679343,1,1
3.4717358679339667,1.4993675469847296,1,1
3.4767383691845923,1.5472619474532683,1,1
3.4817408704352175,1.503906003636004,1,1
3.4867433716858427,1.5475089136342766,1,1
3.4917458729364683,1.5116189757018506,1,1
3.4967483741870935,1.540750270552384,1,1
3.5017508754377187,1.4706543394325078,1,1
3.506753376688344,1.5014787191801848,1,1
3.5117558779389695,1.496440631227564,1,1
3.5167583791895947,1.5106229154478419,1,1
3.52176088044022,1.4732942452264957,1,1
3.5267633816908455,1.5054688351527514,1,1
3.5317658829414706,1.5106703885719013,1,1
3.536768384192096,1.4660900189500445,1,1
3.5417708854427215,1.497337500899641,1,1
3.5467733866933466,1.5481315070646466,1,1
3.551775887943972,1.5052051392409016,1,1
3.556778389194597,1.4625052016921551,1,1
3.5617808904452226,1.4578940063974744,1,1
3.566783391695848,1.4733619590373297,1,1
3.571785892946473,1.5584936540247423,1,1
3.5767883941970986,1.5262097744973022,1,1
3.5817908954477238,1.5507670394854884,1,1
3.586793396698349,1.516973465766643,1,1
3.5917958979489746,1.5345158081737964,1,1
3.5967983991995998,1.5302534480249854,1,1
3.601800900450225,1.5784057583373707,1,1
3.60680340170085,1.5605136545405283,1,1
3.6118059029514757,1.525247718026691,1,1
3.616808404202101,1.5873048234999436,1,1
3.621810905452726,1.4930202157026045,1,1
3.6268134067033517,1.5320217200761534,1,1
3.631815907953977,1.5188131193485654,1,1
3.636818409204602,1.4935389480896832,1,1
3.6418209104552277,1.5677451043875654,1,1
3.646823411705853,1.489024012865798,1,1
3.651825912956478,1.5138417523993022,1,1
3.6568284142071033,1.5647909093700783,1,1
3.661830915457729,1.5220078493728357,1,1
3.666833416708354,1.4939161978236413,1,1
3.6718359179589792,1.5249926944896706,1,1
3.676838419209605,1.5310985305763922,1,1
3.68184092046023,1.5812814034028955,1,1
3.686843421710855,1.5159358182315483,1,1
3.691845922961481,1.5821574815388046,1,1
3.696848424212106,1.5248588690832516,1,1
3.701850925462731,1.540451991273781,1,1
3.7068534267133564,1.500563380714626,1,1
3.711855927963982,1.5415858955797106,1,1
3.716858429214607,1.4974332174723015,1,1
3.7218609304652324,1.5570292336567788,1,1
3.726863431715858,1.5887658335326889,1,1
3.731865932966483,1.5062934744176604,1,1
3.7368684342171083,1.5406628716105086,1,1
3.741870935467734,1.557762601742999,1,1
3.746873436718359,1.521107236976488,1,1
3.7518759379689843,1.5260947791821038,1,1
3.7568784392196095,1.5861056643781353,1,1
3.761880940470235,1.561161135915109,1,1
3.7668834417208603,1.5572860335339431,1,1
3.7718859429714855,1.5597415568273378,1,1
3.776888444222111,1.625770648397043,1,1
3.7818909454727363,1.5257765978115119,1,1
3.7868934467233615,1.5352341187432221,1,1
3.791895947973987,1.5140072478385378,1,1
3.7968984492246123,1.5922886497820519,1,1
3.8019009504752375,1.548106450511862,1,1
3.8069034517258626,1.614780714835728,1,1
3.8119059529764883,1.512737013493966,1,1
3.8169084542271134,1.5106687164958517,1,1
3.8219109554777386,1.5656798225810442,1,1
3.8269134567283642,1.5833461120990833,1,1
3.8319159579789894,1.6076509564561967,1,1
3.8369184592296146,1.5194593754920953,1,1
3.8419209604802402,1.6342520285701982,1,1
3.8469234617308654,1.5290036300892909,1,1
3.8519259629814906,1.626770721187785,1,1
3.8569284642321158,1.6044543536932048,1,1
3.8619309654827414,1.5905495346199228,1,1
3.8669334667333666,1.6305374114772788,1,1
3.8719359679839918,1.5694099816808185,1,1
3.8769384692346174,1.630703474514768,1,1
3.8819409704852426,1.5528408694583156,1,1
3.8869434717358677,1.5785552087321826,1,1
3.891945972986493,1.536769706122751,1,1
3.8969484742371185,1.6190978969140508,1,1
3.9019509754877437,1.5714055138284904,1,1
3.906953476738369,1.5645215193495785,1,1
3.9119559779889945,1.5564182814181384,1,1
3.9169584792396197,1.613368733132395,1,1
3.921960980490245,1.5946714653518728,1,1
3.9269634817408705,1.5816630561929466,1,1
3.9319659829914957,1.5517383599880736,1,1
3.936968484242121,1.6454647428913052,1,1
3.941970985492746,1.5804473808725066,1,1
3.9469734867433717,1.636628023134594,1,1
3.951975987993997,1.5444149617651415,1,1
3.956978489244622,1.56720640610599,1,1
3.9619809904952477,1.629363269244401,1,1
3.966983491745873,1.601722872636128,1,1
3.971985992996498,1.5496814983631189,1,1
3.9769884942471236,1.6078601307310503,1,1
3.981990995497749,1.579401690625505,1,1
3.986993496748374,1.5785705571796054,1,1
3.991995997998999,1.5624596839490423,1,1
3.996998499249625,1.6576580666990375,1,1
4.00200100050025,1.5930984240872237,1,1
4.007003501750876,1.6140207877630939,1,1
4.012006003001501,1.5553440052475578,1,1
4.017008504252126,1.5929919671110768,1,1
4.022011005502751,1.649544678876377,1,1
4.027013506753376,1.5792572508260645,1,1
4.0320160080040015,1.597510677747729,1,1
4.037018509254628,1.622409045517084,1,1
4.042021010505253,1.5780814198513584,1,1
4.047023511755878,1.6381675077829418,1,1
4.052026013006503,1.6807274923196704,1,1
4.057028514257128,1.5847038710887984,1,1
4.0620310155077535,1.6695914150682956,1,1
4.067033516758379,1.6255081800365285,1,1
4.072036018009005,1.5643099826407336,1,1
4.07703851925963,1.597051634910378,1,1
4.082041020510255,1.689140861696248,1,1
4.08704352176088,1.5642527890975426,1,1
4.092046023011505,1.6525792477061798,1,1
4.097048524262131,1.680800304645671,1,1
4.102051025512757,1.6291978791692086,1,1
4.107053526763382,1.6052437281400207,1,1
4.112056028014007,1.6374336835685865,1,1
4.117058529264632,1.5969458616878018,1,1
4.122061030515257,1.6043353526595965,1,1
4.127063531765883,1.5696061340981282,1,1
4.132066033016508,1.6598100091412216,1,1
4.137068534267134,1.6402913396713619,1,1
4.142071035517759,1.5928199399372942,1,1
4.147073536768384,1.641572688705436,1,1
4.152076038019009,1.6889281319178542,1,1
4.1570785392696346,1.6761645752754017,1,1
4.16208104052026,1.6296651314052366,1,1
4.167083541770885,1.5786482758856597,1,1
4.172086043021511,1.6221730767730898,1,1
4.177088544272136,1.687124878198003,1,1
4.182091045522761,1.654251241830554,1,1
4.1870935467733865,1.6957729321537096,1,1
4.192096048024012,1.6689652837605093,1,1
4.197098549274637,1.7131146657527903,1,1
4.202101050525263,1.6977964799335674,1,1
4.207103551775888,1.6504225633999305,1,1
4.212106053026513,1.6363822347646093,1,1
4.2171085542771385,1.7132874684958663,1,1
4.222111055527764,1.590845897205807,1,1
4.227113556778389,1.6294072163189113,1,1
4.232116058029014,1.6112186897438843,1,1
4.23711855927964,1.678185599637333,1,1
4.242121060530265,1.6141988700957173,1,1
4.2471235617808905,1.6564882996072405,1,1
4.252126063031516,1.606804051669368,1,1
4.257128564282141,1.604984105266122,1,1
4.262131065532766,1.6613292158330273,1,1
4.267133566783391,1.67221949259064,1,1
4.272136068034017,1.6923122664175423,1,1
4.277138569284642,1.6052695759746571,1,1
4.282141070535268,1.7197198619359644,1,1
4.287143571785893,1.60203501426512,1,1
4.292146073036518,1.71723602695459,1,1
4.297148574287143,1.6925830694215231,1,1
4.302151075537768,1.6683542111029979,1,1
4.307153576788394,1.685428890843331,1,1
4.31215607803902,1.720190195472559,1,1
4.317158579289645,1.6872578804788838,1,1
4.32216108054027,1.6123674003140542,1,1
4.327163581790895,1.630597041754652,1,1
4.33216608304152,1.7071310849193913,1,1
4.337168584292146,1.7048734089947855,1,1
4.3421710855427715,1.720866702382666,1,1
4.347173586793397,1.717680374661511,1,1
4.352176088044022,1.6393444851885401,1,1
4.357178589294647,1.646214549534578,1,1
4.362181090545272,1.731879894862492,1,1
4.367183591795897,1.7259099288754745,1,1
4.3721860930465235,1.6390510501852238,1,1
4.377188594297149,1.7313555731890895,1,1
4.382191095547774,1.6219668105910618,1,1
4.387193596798399,1.6283489781345888,1,1
4.392196098049024,1.6287233840381274,1,1
4.397198599299649,1.6639900515429584,1,1
4.402201100550275,1.669932056229649,1,1
4.407203601800901,1.7366462919145782,1,1
4.412206103051526,1.6262933642736717,1,1
4.417208604302151,1.7323838396058158,1,1
4.422211105552776,1.7450215771135489,1,1
4.427213606803401,1.6394580133452505,1,1
4.4322161080540265,1.646041842394992,1,1
4.437218609304653,1.642800770722456,1,1
4.442221110555278,1.6979101752129944,1,1
4.447223611805903,1.736020532464737,1,1
4.452226113056528,1.675082387384541,1,1
4.457228614307153,1.7482207975119612,1,1
4.4622311155577785,1.6360772238791508,1,1
4.467233616808404,1.6419093573429557,1,1
4.47223611805903,1.6806438881391996,1,1
4.477238619309655,1.6892147179749217,1,1
4.48224112056028,1.7538955053032539,1,1
4.487243621810905,1.7000710638107683,1,1
4.4922461230615305,1.641768785220219,1,1
4.497248624312156,1.74271323777206,1,1
4.502251125562781,1.648867407033863,1,1
4.507253626813407,1.6987155005797363,1,1
4.512256128064032,1.6439574380353037,1,1
4.517258629314657,1.7732845732247267,1,1
4.5222611305652824,1.7240066023544416,1,1
4.527263631815908,1.7758657640376996,1,1
4.532266133066533,1.6527575160948669,1,1
4.537268634317159,1.7412311907861115,1,1
4.542271135567784,1.7672421346434355,1,1
4.547273636818409,1.711466708395742,1,1
4.552276138069034,1.7811632914626496,1,1
4.55727863931966,1.7103846077487532,1,1
4.562281140570285,1.7814099133192713,1,1
4.56728364182091,1.7688262347443595,1,1
4.572286143071536,1.6665778282310046,1,1
4.577288644322161,1.7163912771949021,1,1
4.582291145572786,1.6550101006292433,1,1
4.587293646823412,1.7388541473057364,1,1
4.592296148074037,1.7206879689513979,1,1
4.597298649324662,1.710852811829731,1,1
4.602301150575287,1.750802442043069,1,1
4.607303651825913,1.6663499434789208,1,1
4.612306153076538,1.775679503105801,1,1
4.6173086543271635,1.6706306978705083,1,1
4.622311155577789,1.7957193556897229,1,1
4.627313656828414,1.7074410595048308,1,1
4.632316158079039,1.6867296974121935,1,1
4.637318659329665,1.7415027081788959,1,1
4.64232116058029,1.7345727092171557,1,1
4.6473236618309155,1.7704429987383852,1,1
4.652326163081541,1.7542986435009393,1,1
4.657328664332166,1.7759623656427084,1,1
4.662331165582791,1.685847392693562,1,1
4.667333666833416,1.727768553563255,1,1
4.672336168084042,1.7150396479608605,1,1
4.6773386693346675,1.7828096322107476,1,1
4.682341170585293,1.7939825185050187,1,1
4.687343671835918,1.7548013089083234,1,1
4.692346173086543,1.759919965950952,1,1
4.697348674337168,1.7560412276073365,1,1
4.702351175587793,1.7480620454655795,1,1
4.707353676838419,1.7436695841459315,1,1
4.712356178089045,1.7524148388275864,1,1
4.71735867933967,1.803625417848443,1,1
4.722361180590295,1.7061866219195256,1,1
4.72736368184092,1.6962286027215197,1,1
4.732366183091545,1.7693190305074102,1,1
4.7373686843421705,1.72850415518569,1,1
4.742371185592797,1.723925710452734,1,1
4.747373686843422,1.7868385252480399,1,1
4.752376188094047,1.709971010594022,1,1
4.757378689344672,1.7927642212894936,1,1
4.762381190595297,1.760536826505459,1,1
4.7673836918459225,1.7783004608512434,1,1
4.7723861930965485,1.7045863137682775,1,1
4.777388694347174,1.6976205337661365,1,1
4.782391195597799,1.7639041858083013,1,1
4.787393696848424,1.7307873070699333,1,1
4.792396198099049,1.7953134199064886,1,1
4.7973986993496744,1.7690574720297534,1,1
4.8024012006003,1.7992147158382603,1,1
4.807403701850926,1.7167390678848473,1,1
4.812406203101551,1.7154934897279972,1,1
4.817408704352176,1.779044797337456,1,1
4.822411205602801,1.817150243181481,1,1
4.827413706853426,1.8148081469229815,1,1
4.832416208104052,1.8033792313052197,1,1
4.837418709354677,1.7750666093567442,1,1
4.842421210605303,1.7670110156051702,1,1
4.847423711855928,1.8106705143046997,1,1
4.852426213106553,1.8004905886764728,1,1
4.857428714357178,1.7526698051548897,1,1
4.862431215607804,1.7178134799012121,1,1
4.867433716858429,1.7018297182047246,1,1
4.872436218109055,1.7440153036798107,1,1
4.87743871935968,1.7623091637053498,1,1
4.882441220610305,1.7855308507768393,1,1
4.88744372186093,1.7209553665871762,1,1
4.8924462231115555,1.8062172718857143,1,1
4.897448724362181,1.7567021086699097,1,1
4.902451225612806,1.7457916516580412,1,1
4.907453726863432,1.8109497853597267,1,1
4.912456228114057,1.788250777480844,1,1
4.917458729364682,1.7805643987784567,1,1
4.9224612306153075,1.8437532306431283,1,1
4.927463731865933,1.7902427597433672,1,1
4.932466233116558,1.771225782240938,1,1
4.937468734367183,1.763377503155629,1,1
4.942471235617809,1.7386283912863156,1,1
4.947473736868434,1.8269524919497409,1,1
4.9524762381190595,1.8487748531964319,1,1
4.957478739369685,1.8559125472494669,1,1
4.96248124062031,1.7230482286910156,1,1
4.967483741870935,1.8159987761203802,1,1
4.972486243121561,1.8192341829638725,1,1
4.977488744372186,1.85654310709329,1,1
4.982491245622811,1.8582456594521832,1,1
4.987493746873437,1.7250123412599372,1,1
4.992496248124062,1.7299420008178743,1,1
4.997498749374687,1.7569392129633232,1,1
5.002501250625312,1.770649560613467,1,1
5.007503751875938,1.7995097800333042,1,1
5.012506253126563,1.7779073203171465,1,1
5.017508754377189,1.7612875018329324,1,1
5.022511255627814,1.85395150919451,1,1
5.027513756878439,1.8480306298603126,1,1
5.032516258129064,1.8314395186932444,1,1
5.037518759379689,1.8125730553065094,1,1
5.042521260630315,1.83489600656875,1,1
5.0475237618809405,1.8125068747269015,1,1
5.052526263131566,1.781174721810786,1,1
5.057528764382191,1.8730466368927494,1,1
5.062531265632816,1.7710712781385523,1,1
5.067533766883441,1.8571349739589198,1,1
5.072536268134067,1.8007152282462613,1,1
5.0775387693846925,1.8134639430535164,1,1
5.082541270635318,1.8571529877915134,1,1
5.087543771885943,1.7553063156797537,1,1
5.092546273136568,1.811304162645793,1,1
5.097548774387193,1.8622920110588717,1,1
5.102551275637818,1.7417023530392477,1,1
5.1075537768884445,1.8223637501603684,1,1
5.11255627813907,1.7938170399271138,1,1
5.117558779389695,1.7668183724053246,1,1
5.12256128064032,1.8236003724099858,1,1
5.127563781890945,1.7494394927414851,1,1
5.13256628314157,1.7431273358865138,1,1
5.1375687843921956,1.8533530951385393,1,1
5.142571285642822,1.878816141087591,1,1
5.147573786893447,1.801325748579617,1,1
5.152576288144072,1.8288556993340952,1,1
5.157578789394697,1.773594726772129,1,1
5.162581290645322,1.885377417431061,1,1
5.1675837918959475,1.7531506257070995,1,1
5.172586293146573,1.8440470041974426,1,1
5.177588794397199,1.7504429160816535,1,1
5.182591295647824,1.8138632576551914,1,1
5.187593796898449,1.7722899531786465,1,1
5.192596298149074,1.8773701531340123,1,1
5.1975987993996995,1.8206044506794896,1,1
5.202601300650325,1.8457440029808407,1,1
5.207603801900951,1.7797591278512699,1,1
5.212606303151576,1.8936542683932316,1,1
5.217608804402201,1.8216923730870516,1,1
5.222611305652826,1.7597421184138031,1,1
5.2276138069034515,1.760557586677578,1,1
5.232616308154077,1.7833515669329707,1,1
5.237618809404702,1.8362320767430669,1,1
5.242621310655328,1.8398318784064707,1,1
5.247623811905953,1.8554864397642636,1,1
5.252626313156578,1.817719780760974,1,1
5.257628814407203,1.8915014928719072,1,1
5.262631315657829,1.7842395500913335,1,1
5.267633816908454,1.7879919910278426,1,1
5.272636318159079,1.8970451495803602,1,1
5.277638819409705,1.8733230559932865,1,1
5.28264132066033,1.7666531852330027,1,1
5.287643821910955,1.9079316813655656,1,1
5.292646323161581,1.8359657025969223,1,1
5.297648824412206,1.8108945132974905,1,1
5.302651325662831,1.7900098205474109,1,1
5.307653826913457,1.7924135357385615,1,1
5.312656328164082,1.8745461881964371,1,1
5.317658829414707,1.853156797344739,1,1
5.3226613306653325,1.914588789083365,1,1
5.327663831915958,1.816190173275916,1,1
5.332666333166583,1.8484024030565518,1,1
5.337668834417208,1.8375426954766678,1,1
5.342671335667834,1.8397765715096084,1,1
5.347673836918459,1.8670986100064721,1,1
5.3526763381690845,1.8465488686442766,1,1
5.35767883941971,1.811971987228288,1,1
5.362681340670335,1.8096928215435615,1,1
5.36768384192096,1.9151465900466735,1,1
5.372686343171585,1.831787082379329,1,1
5.377688844422211,1.8472899806223202,1,1
5.3826913456728365,1.8574538742251454,1,1
5.387693846923462,1.8821159721453085,1,1
5.392696348174087,1.8353103108195303,1,1
5.397698849424712,1.872862694581675,1,1
5.402701350675337,1.8624780769240834,1,1
5.407703851925963,1.8405574960321,1,1
5.412706353176588,1.8653620428678037,1,1
5.417708854427214,1.9121402060709092,1,1
5.422711355677839,1.8046533222280396,1,1
5.427713856928464,1.9197430482331161,1,1
5.432716358179089,1.9137573749271037,1,1
5.437718859429714,1.921425579479319,1,1
5.44272136068034,1.796957003420311,1,1
5.447723861930966,1.8485278454528564,1,1
5.452726363181591,1.8675225318724036,1,1
5.457728864432216,1.8814872189080316,1,1
5.462731365682841,1.8189848581350765,1,1
5.467733866933466,1.8237627438708217,1,1
5.4727363681840915,1.8347248045182205,1,1
5.4777388694347176,1.8344215569005318,1,1
5.482741370685343,1.7994204826650297,1,1
5.487743871935968,1.8603889426689393,1,1
5.492746373186593,1.9375862700081965,1,1
5.497748874437218,1.8826071901367678,1,1
5.5027513756878434,1.815535138199151,1,1
5.5077538769384695,1.8087262764901293,1,1
5.512756378189095,1.934294777092068,1,1
5.51775887943972,1.8129508131631598,1,1
5.522761380690345,1.9109348130514443,1,1
5.52776388194097,1.8990884680186804,1,1
5.532766383191595,1.8138681108701245,1,1
5.537768884442221,1.812290842375444,1,1
5.542771385692847,1.9065810274346622,1,1
5.547773886943472,1.9109885915348543,1,1
5.552776388194097,1.8850550022204466,1,1
5.557778889444722,1.9223418710029914,1,1
5.562781390695347,1.8908552287302414,1,1
5.567783891945973,1.846055201733365,1,1
5.572786393196598,1.825726257766804,1,1
5.577788894447224,1.8568351224780009,1,1
5.582791395697849,1.8862215405646428,1,1
5.587793896948474,1.9003390868830263,1,1
5.592796398199099,1.9107314314140653,1,1
5.5977988994497245,1.878836932447769,1,1
5.60280140070035,1.8630684522588437,1,1
5.607803901950975,1.9047878813638277,1,1
5.612806403201601,1.919132707624086,1,1
5.617808904452226,1.8887462330476654,1,1
5.622811405702851,1.944182528135478,1,1
5.6278139069534765,1.841044928667602,1,1
5.632816408204102,1.9206211533727535,1,1
5.637818909454727,1.9632259433267483,1,1
5.642821410705353,1.9592211621356632,1,1
5.647823911955978,1.9415596109147175,1,1
5.652826413206603,1.9489276735902044,1,1
5.6578289144572285,1.9561709619464238,1,1
5.662831415707854,1.8229190385730996,1,1
5.667833916958479,1.8714999065207631,1,1
5.672836418209104,1.869999393777684,1,1
5.67783891945973,1.9007065101650131,1,1
5.682841420710355,1.8659501083575185,1,1
5.68784392196098,1.9563555428464598,1,1
5.692846423211606,1.9660264679268316,1,1
5.697848924462231,1.8358832841617572,1,1
5.702851425712856,1.852402434587246,1,1
5.707853926963481,1.9092399992633298,1,1
5.712856428214107,1.8599646492632942,1,1
5.717858929464732,1.9184195283342258,1,1
5.722861430715358,1.9299779356324631,1,1
5.727863931965983,1.9053339342192999,1,1
5.732866433216608,1.9551569287834152,1,1
5.737868934467233,1.9742697410662209,1,1
5.742871435717859,1.9588361863919277,1,1
5.747873936968484,1.9439416376492444,1,1
5.7528764382191095,1.8898183557237183,1,1
5.757878939469735,1.9850139526668908,1,1
5.76288144072036,1.9758764791957348,1,1
5.767883941970985,1.8412961939021752,1,1
5.77288644322161,1.971279116077848,1,1
5.777888944472236,1.8462824982680952,1,1
5.7828914457228615,1.972572380038163,1,1
5.787893946973487,1.8950275861807753,1,1
5.792896448224112,1.850638703042342,1,1
5.797898949474737,1.8530375822587695,1,1
5.802901450725362,1.95481363723745,1,1
5.807903951975987,1.9482712325357245,1,1
5.8129064532266135,1.9552518394222644,1,1
5.817908954477239,1.9056119826337887,1,1
5.822911455727864,1.8607047252907334,1,1
5.827913956978489,1.8510142198236013,1,1
5.832916458229114,1.9568106266145864,1,1
5.837918959479739,1.8648594627953405,1,1
5.8429214607303654,1.9640473083448677,1,1
5.847923961980991,1.8955822854836404,1,1
5.852926463231616,1.8660736838704084,1,1
5.857928964482241,1.9241951795483934,1,1
5.862931465732866,1.8964832949496784,1,1
5.867933966983491,1.995018365235183,1,1
5.8729364682341165,1.9909125805113763,1,1
5.877938969484743,1.9564862639295104,1,1
5.882941470735368,1.9070735244652701,1,1
5.887943971985993,1.9596887026257248,1,1
5.892946473236618,1.987408193118059,1,1
5.897948974487243,1.9004137606758844,1,1
5.9029514757378685,1.9850172816404665,1,1
5.907953976988494,1.898296787301807,1,1
5.91295647823912,1.9265348244489,1,1
5.917958979489745,1.9464849937088378,1,1
5.92296148074037,1.93231294686956,1,1
5.927963981990995,1.959648268275682,1,1
5.9329664832416205,1.953035061851731,1,1
5.937968984492246,1.8929319303492893,1,1
5.942971485742872,1.9293659909760223,1,1
5.947973986993497,1.9429869664614445,1,1
5.952976488244122,1.9662391920520972,1,1
5.957978989494747,1.8910811736406852,1,1
5.962981490745372,1.9532044657396173,1,1
5.967983991995998,1.9321967442034151,1,1
5.972986493246623,1.8777917360658127,1,1
5.977988994497249,1.9911078923511534,1,1
5.982991495747874,2.0026438211349396,1,1
5.987993996998499,1.926559390362281,1,1
5.992996498249124,1.9929574235637513,1,1
5.99799899949975,1.8848747659692693,1,1
6.003001500750375,1.9105728953502885,1,1
6.008004002001,2.0227946586874106,1,1
6.013006503251626,1.9930742307213012,1,1
6.018009004502251,1.9685593082841428,1,1
6.023011505752876,1.9486665331634536,1,1
6.0280140070035015,1.9089300818607886,1,1
6.033016508254127,2.015112097466543,1,1
6.038019009504752,1.9447251338896394,1,1
6.043021510755377,1.9472868508533905,1,1
6.048024012006003,1.9396206624362746,1,1
6.053026513256628,1.8874474696179884,1,1
6.0580290145072535,1.8959584042399564,1,1
6.063031515757879,1.9288360882773714,1,1
6.068034017008504,1.9246440103654756,1,1
6.073036518259129,1.9092616312084556,1,1
6.078039019509755,1.9427603475227784,1,1
6.08304152076038,1.9739662080793479,1,1
6.0880440220110055,2.026332737845453,1,1
6.093046523261631,2.000079456952947,1,1
6.098049024512256,1.9130430841817836,1,1
6.103051525762881,1.9653904925346104,1,1
6.108054027013506,1.9011789166544062,1,1
6.113056528264132,1.9711967654361324,1,1
6.118059029514757,1.9192136277627327,1,1
6.123061530765383,1.9683943686622751,1,1
6.128064032016008,2.015569205289756,1,1
6.133066533266633,1.9024614795753307,1,1
6.138069034517258,1.9872820314057233,1,1
6.143071535767883,1.9445802678706476,1,1
6.148074037018509,2.040845064597867,1,1
6.153076538269135,1.9053687111039437,1,1
6.15807903951976,1.9829945901732686,1,1
6.163081540770385,1.9026620930195826,1,1
6.16808404202101,2.0010760023984067,1,1
6.173086543271635,1.918216149152294,1,1
6.178089044522261,1.9746783046895846,1,1
6.1830915457728866,1.941862517906096,1,1
6.188094047023512,1.9740605453189062,1,1
6.193096548274137,2.034961270837599,1,1
6.198099049524762,1.915846843304728,1,1
6.203101550775387,2.0516872583485193,1,1
6.2081040520260125,2.002563151531162,1,1
6.2131065532766385,1.9219400729505673,1,1
6.218109054527264,1.9994099933440828,1,1
6.223111555777889,2.001598629678204,1,1
6.228114057028514,1.929924629754095,1,1
6.233116558279139,2.0510705263743185,1,1
6.238119059529764,1.9900852976693937,1,1
6.24312156078039,2.0245021765927236,1,1
6.248124062031016,1.912660077370583,1,1
6.253126563281641,1.9365850486177614,1,1
6.258129064532266,2.0565920553252113,1,1
6.263131565782891,1.9179245815759833,1,1
6.268134067033516,1.9871228741511813,1,1
6.273136568284142,1.9361941099895117,1,1
6.278139069534768,2.061127031299047,1,1
6.283141570785393,1.9635788505905163,1,1
6.288144072036018,2.0507142635794224,1,1
6.293146573286643,1.9858368154563224,1,1
6.298149074537268,2.034696860213243,1,1
6.3031515757878935,2.0361952087668476,1,1
6.308154077038519,2.011535787063971,1,1
6.313156578289145,2.0351883236126715,1,1
6.31815907953977,2.043314664269985,1,1
6.323161580790395,2.0090576078692104,1,1
6.32816408204102,2.016694031636758,1,1
6.3331665832916455,1.9669755438071652,1,1
6.338169084542271,1.9307971092889142,1,1
6.343171585792896,1.9459484507542442,1,1
6.348174087043522,2.041587538056216,1,1
6.353176588294147,1.9392053822344701,1,1
6.358179089544772,1.9967236949370855,1,1
6.3631815907953975,2.007395979193763,1,1
6.368184092046023,1.9784016273725773,1,1
6.373186593296648,1.99589579890695,1,1
6.378189094547274,1.9827213537008126,1,1
6.383191595797899,2.012377692008255,1,1
6.388194097048524,2.0150109750930496,1,1
6.393196598299149,1.9557091992924591,1,1
6.398199099549775,2.040203570606147,1,1
6.4032016008004,2.004068891660924,1,1
6.408204102051025,2.072533484442925,1,1
6.413206603301651,1.9698229399726719,1,1
6.418209104552276,1.9358976492656355,1,1
6.423211605802901,2.07639640896816,1,1
6.428214107053527,1.9381171082580697,1,1
6.433216608304152,2.002042809235557,1,1
6.438219109554777,2.040961713167039,1,1
6.443221610805402,2.0152461873631435,1,1
6.448224112056028,1.9358042592816915,1,1
6.453226613306653,1.9509863808703216,1,1
6.4582291145572785,1.9758372591755853,1,1
6.463231615807904,2.085102388421841,1,1
6.468234117058529,2.0516380728830153,1,1
6.473236618309154,2.0355933621427478,1,1
6.478239119559779,2.018596105866297,1,1
6.483241620810405,2.091910825076579,1,1
6.4882441220610305,2.060948178231387,1,1
6.493246623311656,1.9562721720385645,1,1
6.498249124562281,2.0220426408487175,1,1
6.503251625812906,1.9580851183426433,1,1
6.508254127063531,2.0552383510570698,1,1
6.513256628314157,2.0086464026479858,1,1
6.5182591295647825,1.963493349888715,1,1
6.523261630815408,1.9730926829471183,1,1
6.528264132066033,1.9453504038908662,1,1
6.533266633316658,1.9540391660996537,1,1
6.538269134567283,2.016353889268531,1,1
6.543271635817908,1.9488005428489579,1,1
6.5482741370685345,2.0787402212821697,1,1
6.55327663831916,2.025305778787313,1,1
6.558279139569785,2.007122129197294,1,1
6.56328164082041,1.9634541941850963,1,1
6.568284142071035,2.0365665273577216,1,1
6.57328664332166,2.066700240640518,1,1
6.5782891445722855,1.951261588151704,1,1
6.583291645822912,2.0716370502241177,1,1
6.588294147073537,2.0549329157112384,1,1
6.593296648324162,2.0560829221297916,1,1
6.598299149574787,1.9655828893009286,1,1
6.603301650825412,2.081808921125441,1,1
6.6083041520760375,2.036597640975276,1,1
6.613306653326664,1.991104688674409,1,1
6.618309154577289,2.005378031488474,1,1
6.623311655827914,2.089691597457228,1,1
6.628314157078539,2.0691558378954724,1,1
6.633316658329164,2.0291899417931294,1,1
6.6383191595797895,1.9595733709590093,1,1
6.643321660830415,2.0010697212261515,1,1
6.648324162081041,2.067206001764293,1,1
6.653326663331666,2.0459119956839844,1,1
6.658329164582291,2.0350833957757275,1,1
6.663331665832916,2.0731880249552295,1,1
6.668334167083541,1.993040377207748,1,1
6.673336668334167,2.04814996427676,1,1
6.678339169584792,2.0994162557177307,1,1
6.683341670835418,2.09042487546311,1,1
6.688344172086043,2.02642792594972,1,1
6.693346673336668,2.0433947878366467,1,1
6.698349174587293,2.091909409680648,1,1
6.703351675837919,1.9742047723114138,1,1
6.708354177088544,2.0747639770646114,1,1
6.71335667833917,2.0994657109124946,1,1
6.718359179589795,2.0096489825029824,1,1
6.72336168084042,2.054334011583602,1,1
6.728364182091045,2.1130891321981133,1,1
6.7333666833416705,1.963905512257827,1,1
6.738369184592296,1.9930035179456644,1,1
6.743371685842921,2.0941132192335066,1,1
6.748374187093547,2.0843723698453167,1,1
6.753376688344172,2.0354616434910175,1,1
6.758379189594797,2.0447398828864336,1,1
6.7633816908454225,2.0144729104494736,1,1
6.768384192096048,1.9991884788840235,1,1
6.773386693346673,2.002039031164271,1,1
6.778389194597298,2.1229432154124543,1,1
6.783391695847924,2.000203538891296,1,1
6.788394197098549,2.011859466486123,1,1
6.7933966983491745,1.988979000354698,1,1
6.7983991995998,2.072917897211586,1,1
6.803401700850425,2.0120319646425173,1,1
6.80840420210105,2.0295127439587146,1,1
6.813406703351676,2.0367862994606876,1,1
6.818409204602301,2.002499102858583,1,1
6.8234117058529264,2.068444812332264,1,1
6.828414207103552,2.0486999888220665,1,1
6.833416708354177,2.072364703507167,1,1
6.838419209604802,2.0963031719174148,1,1
6.843421710855427,2.0988816168225166,1,1
6.848424212106053,2.0279707563961837,1,1
6.853426713356678,2.0858066730512896,1,1
6.858429214607304,2.0952822405499107,1,1
6.863431715857929,2.0080941560113748,1,1
6.868434217108554,2.1379389537061204,1,1
6.873436718359179,2.1309693118935207,1,1
6.878439219609804,1.9930955957557868,1,1
6.88344172086043,2.062094936619704,1,1
6.888444222111056,2.0535753449676855,1,1
6.893446723361681,2.002391577316764,1,1
6.898449224612306,2.0399267884221555,1,1
6.903451725862931,2.0938344008727983,1,1
6.908454227113556,2.1360488996052056,1,1
6.9134567283641815,2.007617137397108,1,1
6.9184592296148075,2.070474374681587,1,1
6.923461730865433,2.0870712358054586,1,1
6.928464232116058,2.0282180270724064,1,1
6.933466733366683,2.1230906918861536,1,1
6.938469234617308,2.012591240147384,1,1
6.943471735867933,1.9941357112682563,1,1
6.9484742371185595,2.054982756876768,1,1
6.953476738369185,2.012997777797089,1,1
6.95847923961981,2.140020685528102,1,1
6.963481740870435,2.142205657555032,1,1
6.96848424212106,2.081391568167228,1,1
6.973486743371685,1.997145381471306,1,1
6.978489244622311,2.1537242288697627,1,1
6.983491745872937,2.1191246734309623,1,1
6.988494247123562,2.0734775043589866,1,1
6.993496748374187,2.1295123888587786,1,1
6.998499249624812,2.0428825839381424,1,1
7.003501750875437,2.0377301768524836,1,1
7.0085042521260625,2.1623266421818026,1,1
7.013506753376688,2.027396830964828,1,1
7.018509254627314,2.049477527255668,1,1
7.023511755877939,2.1508850563653263,1,1
7.028514257128564,2.1412938404403565,1,1
7.033516758379189,2.1157564157359547,1,1
7.0385192596298145,2.1050792461522203,1,1
7.04352176088044,2.122492196422542,1,1
7.048524262131066,2.0408667843463952,1,1
7.053526763381691,2.106364067231867,1,1
7.058529264632316,2.06743367878366,1,1
7.063531765882941,2.0652620981675365,1,1
7.0685342671335665,2.0743037451590425,1,1
7.073536768384192,2.091169965745252,1,1
7.078539269634817,2.14042972641606,1,1
7.083541770885443,2.1615461455103375,1,1
7.088544272136068,2.0144499430827394,1,1
7.093546773386693,2.1391566025352637,1,1
7.098549274637318,2.163472003523647,1,1
7.103551775887944,2.1721119166010476,1,1
7.108554277138569,2.130810492842546,1,1
7.113556778389194,2.0963560925821882,1,1
7.11855927963982,2.0522484401621504,1,1
7.123561780890445,2.171271711833588,1,1
7.12856428214107,2.083694678827692,1,1
7.133566783391696,2.1334625370884694,1,1
7.138569284642321,2.1611323055542275,1,1
7.143571785892946,2.0571471457098127,1,1
7.148574287143572,2.1496453708494787,1,1
7.153576788394197,2.0675431010532788,1,1
7.158579289644822,2.129722473887246,1,1
7.1635817908954476,2.1621810281052616,1,1
7.168584292146073,2.1703430353505158,1,1
7.173586793396698,2.0509088602670067,1,1
7.178589294647323,2.1377257586739633,1,1
7.183591795897949,2.0675520196837605,1,1
7.188594297148574,2.1022625584912746,1,1
7.1935967983991995,2.1510583928483933,1,1
7.198599299649825,2.0746931021114934,1,1
7.20360180090045,2.021401442673379,1,1
7.208604302151075,2.131438020529584,1,1
7.2136068034017,2.0688489110983728,1,1
7.218609304652326,2.057765150321998,1,1
7.2236118059029515,2.1183694134422986,1,1
7.228614307153577,2.183700274686282,1,1
7.233616808404202,2.1393389701232426,1,1
7.238619309654827,2.0640367592966964,1,1
7.243621810905452,2.1322572679427356,1,1
7.248624312156078,2.067541770637579,1,1
7.2536268134067035,2.060293632304021,1,1
7.258629314657329,2.1350551357257177,1,1
7.263631815907954,2.033663188301635,1,1
7.268634317158579,2.1107401672477284,1,1
7.273636818409204,2.1381892289430597,1,1
7.278639319659829,2.1854247518291494,1,1
7.283641820910455,2.119232068045746,1,1
7.288644322161081,2.1514719377762335,1,1
7.293646823411706,2.1449140589886366,1,1
7.298649324662331,2.0751123250286843,1,1
7.303651825912956,2.1065553091883498,1,1
7.308654327163581,2.0783963255422706,1,1
7.3136568284142065,2.0855001751997295,1,1
7.318659329664833,2.188133430643004,1,1
7.323661830915458,2.16039562116849,1,1
7.328664332166083,2.0755148054380452,1,1
7.333666833416708,2.0513944190785787,1,1
7.338669334667333,2.0525323537021856,1,1
7.3436718359179585,2.179980602851257,1,1
7.348674337168584,2.194734829721535,1,1
7.35367683841921,2.1239695667461653,1,1
7.358679339669835,2.1777995986095244,1,1
7.36368184092046,2.1544637794299595,1,1
7.368684342171085,2.04582502106881,1,1
7.37368684342171,2.115457115625631,1,1
7.378689344672336,2.1227111337730378,1,1
7.383691845922962,2.170422098258087,1,1
7.388694347173587,2.162379260336941,1,1
7.393696848424212,2.1521724329137535,1,1
7.398699349674837,2.1369111661500635,1,1
7.403701850925462,2.2026064099201874,1,1
7.408704352176088,2.0651019348546913,1,1
7.413706853426713,2.175372192844421,1,1
7.418709354677339,2.0796270811207878,1,1
7.423711855927964,2.108079444258855,1,1
7.428714357178589,2.17120887714977,1,1
7.433716858429214,2.1080050593887045,1,1
7.4387193596798395,2.118079708799634,1,1
7.443721860930465,2.178900544470068,1,1
7.44872436218109,2.113916195583045,1,1
7.453726863431716,2.1627950863368786,1,1
7.458729364682341,2.2021877109571273,1,1
7.463731865932966,2.1679276423998397,1,1
7.4687343671835915,2.102278326426654,1,1
7.473736868434217,2.213194082239879,1,1
7.478739369684842,2.22093910709671,1,1
7.483741870935468,2.1902919993621772,1,1
7.488744372186093,2.1296809879406684,1,1
7.493746873436718,2.0626516338193372,1,1
7.4987493746873435,2.0960409940845146,1,1
7.503751875937969,2.099960412380342,1,1
7.508754377188594,2.1454860454697293,1,1
7.513756878439219,2.1331094397455574,1,1
7.518759379689845,2.18895484846681,1,1
7.52376188094047,2.1860547696719297,1,1
7.5287643821910955,2.1000927065156603,1,1
7.533766883441721,2.18633250827194,1,1
7.538769384692346,2.208974631597146,1,1
7.543771885942971,2.1051315979474263,1,1
7.548774387193596,2.130789167901847,1,1
7.553776888444222,2.222013238554307,1,1
7.558779389694847,2.154339888825988,1,1
7.563781890945473,2.108833784464181,1,1
7.568784392196098,2.0818378856970194,1,1
7.573786893446723,2.213426884720898,1,1
7.578789394697348,2.06921052949174,1,1
7.583791895947974,2.06557906514045,1,1
7.588794397198599,2.2169260473035126,1,1
7.593796898449225,2.1403048558075737,1,1
7.59879939969985,2.2297989881353213,1,1
7.603801900950475,2.093248250928474,1,1
7.6088044022011,2.2091051639404093,1,1
7.613806903451725,2.1819336988253575,1,1
7.618809404702351,2.1906676324753125,1,1
7.6238119059529765,2.1429636853640406,1,1
7.628814407203602,2.2066935452141636,1,1
7.633816908454227,2.2387387797103484,1,1
7.638819409704852,2.2158217868238927,1,1
7.643821910955477,2.198451612104055,1,1
7.648824412206102,2.204050228833367,1,1
7.6538269134567285,2.1583293226937896,1,1
7.658829414707354,2.218019570463561,1,1
7.663831915957979,2.173515844112839,1,1
7.668834417208604,2.1322657503329157,1,1
7.673836918459229,2.093061813124189,1,1
7.678839419709854,2.1664753821013836,1,1
7.6838419209604805,2.1040983717712045,1,1
7.688844422211106,2.1559503762114045,1,1
7.693846923461731,2.1136200887806726,1,1
7.698849424712356,2.1408953129666237,1,1
7.703851925962981,2.204611041513538,1,1
7.708854427213606,2.1094642509698978,1,1
7.7138569284642315,2.124524326539349,1,1
7.718859429714858,2.224540839117951,1,1
7.723861930965483,2.0843368922290804,1,1
7.728864432216108,2.129699096524766,1,1
7.733866933466733,2.139942360359831,1,1
7.738869434717358,2.10795334663675,1,1
7.7438719359679835,2.2183880372009246,1,1
7.748874437218609,2.212853269298004,1,1
7.753876938469235,2.158841281356299,1,1
7.75887943971986,2.1951222182944803,1,1
7.763881940970485,2.2525406101188437,1,1
7.76888444222111,2.1930147051524247,1,1
7.7738869434717355,2.0903688864064445,1,1
7.778889444722361,2.1757418952433314,1,1
7.783891945972986,2.2268874089306263,1,1
7.788894447223612,2.1977251721123614,1,1
7.793896948474237,2.2258980735165967,1,1
7.798899449724862,2.255068485837347,1,1
7.8039019509754874,2.1741901147876783,1,1
7.808904452226113,2.181859439754952,1,1
7.813906953476738,2.216223543904735,1,1
7.818909454727364,2.1387039983503056,1,1
7.823911955977989,2.22497113432978,1,1
7.828914457228614,2.1811922493246003,1,1
7.833916958479239,2.1623416203286365,1,1
7.838919459729865,2.2374390727750764,1,1
7.84392196098049,2.1360988414146203,1,1
7.848924462231115,2.205507085298756,1,1
7.853926963481741,2.2646657105521584,1,1
7.858929464732366,2.250013958963983,1,1
7.863931965982991,2.185666341684718,1,1
7.868934467233617,2.110853611422751,1,1
7.873936968484242,2.2086249495871515,1,1
7.878939469734867,2.2708011560455845,1,1
7.883941970985492,2.113125338069856,1,1
7.888944472236118,2.2481444683680687,1,1
7.893946973486743,2.2705340880556504,1,1
7.8989494747373685,2.167310443702196,1,1
7.903951975987994,2.1703914249954606,1,1
7.908954477238619,2.1794601692065814,1,1
7.913956978489244,2.154226716563066,1,1
7.91895947973987,2.217378261258424,1,1
7.923961980990495,2.1712968138433064,1,1
7.9289644822411205,2.178004721956287,1,1
7.933966983491746,2.2096461679679265,1,1
7.938969484742371,2.199206466577018,1,1
7.943971985992996,2.2589957686954563,1,1
7.948974487243621,2.152306221755738,1,1
7.953976988494247,2.2749911967518686,1,1
7.9589794897448725,2.2190158772148063,1,1
7.963981990995498,2.149065265494164,1,1
7.968984492246123,2.204842396698396,1,1
7.973986993496748,2.2524015104777346,1,1
7.978989494747373,2.143136883724389,1,1
7.983991995997998,2.19903203542768,1,1
7.988994497248624,2.233128230694402,1,1
7.99399699849925,2.268835149880599,1,1
7.998999499749875,2.1989615391786876,1,1
8.0040020010005,2.1246412658975915,1,1
8.009004502251125,2.126611089153367,1,1
8.014007003501751,2.2323856611712856,1,1
8.019009504752376,2.12827215809447,1,1
8.024012006003002,2.1745831883681572,1,1
8.029014507253626,2.1383737566074132,1,1
8.034017008504252,2.152871705979281,1,1
8.039019509754878,2.222135217026757,1,1
8.044022011005502,2.274130956818357,1,1
8.049024512256128,2.148039056958777,1,1
8.054027013506753,2.243845477648815,1,1
8.059029514757379,2.2851239605606612,1,1
8.064032016008003,2.153371273954154,1,1
8.069034517258629,2.118413470211579,1,1
8.074037018509255,2.2065238547514445,1,1
8.07903951975988,2.1939430074799415,1,1
8.084042021010506,2.2097384932452635,1,1
8.08904452226113,2.1568192523207395,1,1
8.094047023511756,2.196460929257061,1,1
8.09904952476238,2.1355537454550784,1,1
8.104052026013006,2.1327432638740524,1,1
8.109054527263632,2.1673292743667263,1,1
8.114057028514257,2.2123827249376626,1,1
8.119059529764883,2.286599064394474,1,1
8.124062031015507,2.1372200207394503,1,1
8.129064532266133,2.1343779214534955,1,1
8.134067033516757,2.2278123870547843,1,1
8.139069534767383,2.186274016844981,1,1
8.14407203601801,2.129021168632822,1,1
8.149074537268634,2.2761458743011436,1,1
8.15407703851926,2.2951452488342694,1,1
8.159079539769884,2.2950838512660687,1,1
8.16408204102051,2.1330252060344663,1,1
8.169084542271134,2.132621058874464,1,1
8.17408704352176,2.135789982009801,1,1
8.179089544772387,2.1605128550740647,1,1
8.18409204602301,2.1337308825355805,1,1
8.189094547273637,2.2268566055063834,1,1
8.194097048524261,2.1964158954290767,1,1
8.199099549774887,2.217199556565469,1,1
8.204102051025513,2.14021594580122,1,1
8.209104552276138,2.1757444218336492,1,1
8.214107053526764,2.2652895519804166,1,1
8.219109554777388,2.1940978041374786,1,1
8.224112056028014,2.2502285133068183,1,1
8.229114557278638,2.215570762922439,1,1
8.234117058529264,2.1363958451009424,1,1
8.23911955977989,2.1361459676466046,1,1
8.244122061030515,2.2187938863173167,1,1
8.24912456228114,2.1911428027495328,1,1
8.254127063531765,2.1555190338185137,1,1
8.259129564782391,2.2236775978836985,1,1
8.264132066033016,2.1462104603783474,1,1
8.269134567283642,2.2673647394345675,1,1
8.274137068534268,2.1868130158632875,1,1
8.279139569784892,2.2125159583889746,1,1
8.284142071035518,2.278266793622893,1,1
8.289144572286142,2.2530857222167553,1,1
8.294147073536768,2.289572170088171,1,1
8.299149574787393,2.2982765145948014,1,1
8.304152076038019,2.213364819802784,1,1
8.309154577288645,2.281099726176435,1,1
8.314157078539269,2.2892935722300454,1,1
8.319159579789895,2.2002200003037578,1,1
8.32416208104052,2.291956268223904,1,1
8.329164582291146,2.291395675134605,1,1
8.33416708354177,2.222884992978287,1,1
8.339169584792396,2.1615257696660506,1,1
8.344172086043022,2.211966239921318,1,1
8.349174587293646,2.2832267220427345,1,1
8.354177088544272,2.1922066068134294,1,1
8.359179589794897,2.2608553707038666,1,1
8.364182091045523,2.2177454817195,1,1
8.369184592296147,2.2976052812413754,1,1
8.374187093546773,2.299342982178753,1,1
8.379189594797399,2.290395069165321,1,1
8.384192096048023,2.2286353620105634,1,1
8.38919459729865,2.301431058003559,1,1
8.394197098549274,2.2478623363613073,1,1
8.3991995997999,2.190589404380205,1,1
8.404202101050526,2.259416158273347,1,1
8.40920460230115,2.3304927105139934,1,1
8.414207103551776,2.2710254021975738,1,1
8.4192096048024,2.302423298009621,1,1
8.424212106053027,2.2339175559135684,1,1
8.429214607303651,2.3147284125498393,1,1
8.434217108554277,2.245766799892001,1,1
8.439219609804903,2.1967687592364906,1,1
8.444222111055527,2.2501029052428465,1,1
8.449224612306153,2.190188138120685,1,1
8.454227113556778,2.2082867578693586,1,1
8.459229614807404,2.290368239994589,1,1
8.464232116058028,2.206645231926961,1,1
8.469234617308654,2.2188995629663655,1,1
8.47423711855928,2.3163582900973436,1,1
8.479239619809904,2.329544957929084,1,1
8.48424212106053,2.2195235939359055,1,1
8.489244622311155,2.3276551113280344,1,1
8.494247123561781,2.252666287018184,1,1
8.499249624812405,2.2839298153351257,1,1
8.504252126063031,2.23762979781871,1,1
8.509254627313657,2.3060558507269775,1,1
8.514257128564282,2.3386221711595843,1,1
8.519259629814908,2.2444450328853542,1,1
8.524262131065532,2.343317482626769,1,1
8.529264632316158,2.342775748033156,1,1
8.534267133566782,2.2339939908132993,1,1
8.539269634817408,2.2180252372464357,1,1
8.544272136068034,2.2460541003967864,1,1
8.549274637318659,2.2610617123341266,1,1
8.554277138569285,2.336314514633013,1,1
8.55927963981991,2.1772910016494293,1,1
8.564282141070535,2.2074747388182505,1,1
8.56928464232116,2.191854954859745,1,1
8.574287143571786,2.3004408131052476,1,1
8.579289644822412,2.2447443673112506,1,1
8.584292146073036,2.1699305198949075,1,1
8.589294647323662,2.248494782744247,1,1
8.594297148574286,2.1710092143502084,1,1
8.599299649824912,2.177029740178158,1,1
8.604302151075537,2.189913318085611,1,1
8.609304652326163,2.2656092424243273,1,1
8.614307153576789,2.238581379038981,1,1
8.619309654827413,2.3259342013839124,1,1
8.62431215607804,2.319082840118811,1,1
8.629314657328663,2.260905253064056,1,1
8.63431715857929,2.344391767198357,1,1
8.639319659829916,2.2967716296306504,1,1
8.64432216108054,2.2286680855597973,1,1
8.649324662331166,2.2002709824540987,1,1
8.65432716358179,2.2471181854898594,1,1
8.659329664832416,2.3540686783823954,1,1
8.66433216608304,2.200389467699325,1,1
8.669334667333667,2.193424608191611,1,1
8.674337168584293,2.2414201753268945,1,1
8.679339669834917,2.2458057819162622,1,1
8.684342171085543,2.2496424130172703,1,1
8.689344672336167,2.2557277102855093,1,1
8.694347173586793,2.362254339311265,1,1
8.699349674837418,2.2449322809943313,1,1
8.704352176088044,2.294862930984126,1,1
8.70935467733867,2.2083184967553953,1,1
8.714357178589294,2.2538322841466987,1,1
8.71935967983992,2.3603340016399392,1,1
8.724362181090545,2.294969963811396,1,1
8.72936468234117,2.2994027611775616,1,1
8.734367183591795,2.3212277080129264,1,1
8.739369684842421,2.2035106342401907,1,1
8.744372186093047,2.307252249873886,1,1
8.749374687343671,2.198727515245752,1,1
8.754377188594297,2.237970886695878,1,1
8.759379689844922,2.3003122111723204,1,1
8.764382191095548,2.352122487506778,1,1
8.769384692346172,2.3341036722467163,1,1
8.774387193596798,2.2038359409160284,1,1
8.779389694847424,2.2674074465010583,1,1
8.784392196098048,2.3385551238757407,1,1
8.789394697348675,2.2584318134568173,1,1
8.794397198599299,2.280458959096135,1,1
8.799399699849925,2.250713636927311,1,1
8.80440220110055,2.2055466669075177,1,1
8.809404702351175,2.309044094818047,1,1
8.814407203601801,2.3705874565458664,1,1
8.819409704852426,2.274780280668506,1,1
8.824412206103052,2.3110198218738316,1,1
8.829414707353676,2.208949678723841,1,1
8.834417208604302,2.2958219166890363,1,1
8.839419709854928,2.275271623051032,1,1
8.844422211105552,2.228691179300141,1,1
8.849424712356178,2.322624416173998,1,1
8.854427213606803,2.3212964581891318,1,1
8.859429714857429,2.3479045870991206,1,1
8.864432216108053,2.237745108203813,1,1
8.86943471735868,2.3706236260169904,1,1
8.874437218609305,2.3769038047784474,1,1
8.87943971985993,2.2079712233005653,1,1
8.884442221110556,2.3692250246801687,1,1
8.88944472236118,2.361268871220445,1,1
8.894447223611806,2.2300411622123044,1,1
8.89944972486243,2.232787242119531,1,1
8.904452226113056,2.223285872299567,1,1
8.909454727363682,2.3733452947267972,1,1
8.914457228614307,2.2926704281204344,1,1
8.919459729864933,2.352842541800472,1,1
8.924462231115557,2.2101980855153323,1,1
8.929464732366183,2.2975903163052407,1,1
8.934467233616807,2.3426505546274554,1,1
8.939469734867433,2.248907293058214,1,1
8.94447223611806,2.310689809482229,1,1
8.949474737368684,2.2130375000738196,1,1
8.95447723861931,2.226102783663607,1,1
8.959479739869934,2.274661389280383,1,1
8.96448224112056,2.360762383567209,1,1
8.969484742371185,2.2991621027168234,1,1
8.97448724362181,2.250845194746445,1,1
8.979489744872437,2.2089132832811593,1,1
8.984492246123061,2.2292221655927205,1,1
8.989494747373687,2.3037635615287972,1,1
8.994497248624311,2.2703931238440607,1,1
8.999499749874937,2.336040102666881,1,1
9.004502251125562,2.2444283794817026,1,1
9.009504752376188,2.2313393872287937,1,1
9.014507253626814,2.275134529626769,1,1
9.019509754877438,2.2500755161017736,1,1
9.024512256128064,2.2255832669383078,1,1
9.029514757378688,2.308373908973131,1,1
9.034517258629315,2.2991626304984387,1,1
9.039519759879939,2.2463342202203167,1,1
9.044522261130565,2.3432349484494654,1,1
9.049524762381191,2.340624600067391,1,1
9.054527263631815,2.34088009628303,1,1
9.059529764882441,2.369879014315353,1,1
9.064532266133066,2.3813799422753643,1,1
9.069534767383692,2.3858967570503005,1,1
9.074537268634318,2.3279830299452167,1,1
9.079539769884942,2.230798170296462,1,1
9.084542271135568,2.345272514554264,1,1
9.089544772386192,2.365609458941811,1,1
9.094547273636818,2.3020352391728003,1,1
9.099549774887443,2.394498567077358,1,1
9.104552276138069,2.3262396668385272,1,1
9.109554777388695,2.2916117714196846,1,1
9.11455727863932,2.288732622139711,1,1
9.119559779889945,2.30146077567911,1,1
9.12456228114057,2.2889885601824504,1,1
9.129564782391196,2.2638567381362127,1,1
9.13456728364182,2.2278688388017014,1,1
9.139569784892446,2.395269092150573,1,1
9.144572286143072,2.3833171941140394,1,1
9.149574787393696,2.3158978912693766,1,1
9.154577288644322,2.2615745540513577,1,1
9.159579789894947,2.401101166115288,1,1
9.164582291145573,2.3196489400463505,1,1
9.169584792396197,2.4059862230499056,1,1
9.174587293646823,2.286039789646812,1,1
9.17958979489745,2.299511489367296,1,1
9.184592296148073,2.328845872089661,1,1
9.1895947973987,2.2773073019033645,1,1
9.194597298649324,2.2968263832357474,1,1
9.19959979989995,2.246929564920335,1,1
9.204602301150574,2.39898646019417,1,1
9.2096048024012,2.376980785808855,1,1
9.214607303651826,2.362074405908075,1,1
9.21960980490245,2.3433719575382055,1,1
9.224612306153077,2.353166999699844,1,1
9.229614807403701,2.3624660427137556,1,1
9.234617308654327,2.354553978663452,1,1
9.239619809904951,2.4006960724129187,1,1
9.244622311155577,2.234422964304363,1,1
9.249624812406203,2.2784318700064436,1,1
9.254627313656828,2.3103637352515443,1,1
9.259629814907454,2.3648462351796598,1,1
9.264632316158078,2.2636666322701893,1,1
9.269634817408704,2.323574888908343,1,1
9.27463731865933,2.2843124574654254,1,1
9.279639819909955,2.3788688429317273,1,1
9.28464232116058,2.3263959012542963,1,1
9.289644822411205,2.3610684116496508,1,1
9.294647323661831,2.347713575190067,1,1
9.299649824912455,2.383662593529159,1,1
9.304652326163081,2.2438191575501754,1,1
9.309654827413707,2.332582480845219,1,1
9.314657328664332,2.410079901968163,1,1
9.319659829914958,2.2498073885005416,1,1
9.324662331165582,2.36605381165729,1,1
9.329664832416208,2.301865340990132,1,1
9.334667333666832,2.3933086245293134,1,1
9.339669834917459,2.3438441524585922,1,1
9.344672336168085,2.4141029130648333,1,1
9.349674837418709,2.389098360597107,1,1
9.354677338669335,2.3521483168549384,1,1
9.35967983991996,2.317784519766628,1,1
9.364682341170585,2.4281139687721383,1,1
9.36968484242121,2.4289266635274034,1,1
9.374687343671836,2.3472827635089795,1,1
9.379689844922462,2.33476765276821,1,1
9.384692346173086,2.3100774490734866,1,1
9.389694847423712,2.292571293529275,1,1
9.394697348674336,2.3180551101349183,1,1
9.399699849924962,2.417160513970334,1,1
9.404702351175587,2.4304937181426904,1,1
9.409704852426213,2.3781402259152613,1,1
9.414707353676839,2.372926365971237,1,1
9.419709854927463,2.258037027279444,1,1
9.42471235617809,2.378094748802072,1,1
9.429714857428714,2.329517409526131,1,1
9.43471735867934,2.3611595805647356,1,1
9.439719859929964,2.392266587184671,1,1
9.44472236118059,2.261401302623337,1,1
9.449724862431216,2.390616491638219,1,1
9.45472736368184,2.4250931529550748,1,1
9.459729864932466,2.2940410683361785,1,1
9.46473236618309,2.3413711657708123,1,1
9.469734867433717,2.254613615282152,1,1
9.474737368684341,2.3840910552308516,1,1
9.479739869934967,2.4169457915738732,1,1
9.484742371185593,2.334633660425734,1,1
9.489744872436217,2.3769730892473184,1,1
9.494747373686844,2.4253218015264495,1,1
9.499749874937468,2.2625285890662137,1,1
9.504752376188094,2.344374684497143,1,1
9.50975487743872,2.2600166592701565,1,1
9.514757378689344,2.3393941515022845,1,1
9.51975987993997,2.3365826021257043,1,1
9.524762381190595,2.2737466298938562,1,1
9.52976488244122,2.302706666938995,1,1
9.534767383691845,2.3912762445298585,1,1
9.539769884942471,2.2679419630284468,1,1
9.544772386193097,2.3824030205662,1,1
9.549774887443721,2.3057639567933923,1,1
9.554777388694347,2.413952263223765,1,1
9.559779889944972,2.3315995043686124,1,1
9.564782391195598,2.3269645551568314,1,1
9.569784892446222,2.301431426351225,1,1
9.574787393696848,2.267333746644449,1,1
9.579789894947474,2.3127138157506133,1,1
9.584792396198099,2.396639607031657,1,1
9.589794897448725,2.2687868304955954,1,1
9.594797398699349,2.3450821847332377,1,1
9.599799899949975,2.3259461613082837,1,1
9.6048024012006,2.382501210375319,1,1
9.609804902451225,2.3349014857170878,1,1
9.614807403701851,2.2822939876389334,1,1
9.619809904952476,2.324892101788576,1,1
9.624812406203102,2.4363896996262597,1,1
9.629814907453726,2.392102155562608,1,1
9.634817408704352,2.421277547340478,1,1
9.639819909954976,2.435490868466501,1,1
9.644822411205602,2.3841182837667207,1,1
9.649824912456229,2.2801626685495417,1,1
9.654827413706853,2.276999075411682,1,1
9.659829914957479,2.4295122373409868,1,1
9.664832416208103,2.298646103606399,1,1
9.66983491745873,2.3794179586190918,1,1
9.674837418709354,2.3869817427323667,1,1
9.67983991995998,2.3654469876144772,1,1
9.684842421210606,2.4561249169760906,1,1
9.68984492246123,2.3336828901654996,1,1
9.694847423711856,2.2979360191990104,1,1
9.69984992496248,2.39930751265522,1,1
9.704852426213106,2.4534782283170893,1,1
9.709854927463732,2.3931543624592413,1,1
9.714857428714357,2.281869573660933,1,1
9.719859929964983,2.4435634689765973,1,1
9.724862431215607,2.339544983350152,1,1
9.729864932466233,2.4301940166778198,1,1
9.734867433716857,2.3341716770231677,1,1
9.739869934967484,2.4589501588965894,1,1
9.74487243621811,2.454264600556836,1,1
9.749874937468734,2.4193683026344983,1,1
9.75487743871936,2.410062792551592,1,1
9.759879939969984,2.4306866676453516,1,1
9.76488244122061,2.434348035228032,1,1
9.769884942471235,2.3543336311828784,1,1
9.77488744372186,2.3080437897563293,1,1
9.779889944972487,2.419990683132946,1,1
9.784892446223111,2.2846403318490567,1,1
9.789894947473737,2.422109116011275,1,1
9.794897448724361,2.4434344841840914,1,1
9.799899949974987,2.371086692369882,1,1
9.804902451225612,2.4500005833306115,1,1
9.809904952476238,2.308394015602747,1,1
9.814907453726864,2.3940944086353535,1,1
9.819909954977488,2.431515808861802,1,1
9.824912456228114,2.3416570562529353,1,1
9.829914957478739,2.428387746491594,1,1
9.834917458729365,2.3127422583848185,1,1
9.839919959979989,2.3845020972838857,1,1
9.844922461230615,2.467409140051759,1,1
9.849924962481241,2.4448076791559092,1,1
9.854927463731865,2.3315670766595593,1,1
9.859929964982491,2.308458574564455,1,1
9.864932466233116,2.3526655372891536,1,1
9.869934967483742,2.3357197467663604,1,1
9.874937468734366,2.462299932642019,1,1
9.879939969984992,2.3828982723682857,1,1
9.884942471235618,2.3641655237045294,1,1
9.889944972486242,2.331051113449744,1,1
9.894947473736869,2.440000491720176,1,1
9.899949974987493,2.40599050329843,1,1
9.904952476238119,2.4184252412763776,1,1
9.909954977488743,2.3109278824280097,1,1
9.91495747873937,2.413935633109111,1,1
9.919959979989995,2.3360290206715955,1,1
9.92496248124062,2.3657692378901354,1,1
9.929964982491246,2.298795127392152,1,1
9.93496748374187,2.407662822653338,1,1
9.939969984992496,2.4549567817598565,1,1
9.944972486243122,2.472362860828406,1,1
9.949974987493746,2.2987116412864257,1,1
9.954977488744372,2.368260948042273,1,1
9.959979989994997,2.3349085240300833,1,1
9.964982491245623,2.363231437130129,1,1
9.969984992496247,2.4095081101530473,1,1
9.974987493746873,2.3586082814937908,1,1
9.9799899949975,2.411338150239579,1,1
9.984992496248124,2.358279413465418,1,1
9.98999499749875,2.3668744218610738,1,1
9.994997498749374,2.42703903398954,1,1
10.0,2.4877319225321473,1,1
