x,Exponential Value,a,b
0.0,1.038115566226723,1,1
0.0050025012506253125,0.9767555720241317,1,1
0.010005002501250625,1.0477707383573103,1,1
0.015007503751875938,1.0441958322742848,1,1
0.02001000500250125,1.0515087512186623,1,1
0.02501250625312656,1.0040741376768207,1,1
0.030015007503751877,1.064223196110198,1,1
0.03501750875437719,1.0521309294327927,1,1
0.0400200100050025,1.0420167891574208,1,1
0.04502251125562781,1.020354451689996,1,1
0.05002501250625312,1.0210888150420652,1,1
0.055027513756878435,1.0254421512120053,1,1
0.060030015007503754,1.0401038644444394,1,1
0.06503251625812906,1.0886522230067646,1,1
0.07003501750875438,1.0548592247394526,1,1
0.07503751875937968,1.1120146847848524,1,1
0.080040020010005,1.068342125829553,1,1
0.08504252126063032,1.1243981469392952,1,1
0.09004502251125562,1.085225003010808,1,1
0.09504752376188094,1.1393964538473436,1,1
0.10005002501250625,1.1065834812727877,1,1
0.10505252626313157,1.1534748840162197,1,1
0.11005502751375687,1.1330305828245992,1,1
0.11505752876438219,1.0939222939217328,1,1
0.12006003001500751,1.1617423200668489,1,1
0.12506253126563283,1.1521803475065786,1,1
0.13006503251625812,1.1298986027885285,1,1
0.13506753376688344,1.1637197397267878,1,1
0.14007003501750875,1.1547448709659338,1,1
0.14507253626813407,1.1643191173493772,1,1
0.15007503751875936,1.151005439219324,1,1
0.15507753876938468,1.1835240532754117,1,1
0.16008004002001,1.1310771626165557,1,1
0.16508254127063532,1.1962703588289736,1,1
0.17008504252126064,1.1937844415205643,1,1
0.17508754377188593,1.1580794808209467,1,1
0.18009004502251125,1.2222047242028338,1,1
0.18509254627313657,1.1910139448959598,1,1
0.19009504752376188,1.1854185747805992,1,1
0.19509754877438718,1.2279821971367872,1,1
0.2001000500250125,1.1872196358824516,1,1
0.2051025512756378,1.1829936328620838,1,1
0.21010505252626313,1.2146704100171983,1,1
0.21510755377688845,1.1947851652108183,1,1
0.22011005502751374,1.280160626952845,1,1
0.22511255627813906,1.2041222609508169,1,1
0.23011505752876438,1.2215513411397145,1,1
0.2351175587793897,1.3124976430250939,1,1
0.24012006003001501,1.2989084883460857,1,1
0.2451225612806403,1.3067766543254036,1,1
0.25012506253126565,1.3330177843823738,1,1
0.25512756378189094,1.3008212800075867,1,1
0.26013006503251623,1.3006446718909799,1,1
0.2651325662831416,1.3169216445789271,1,1
0.27013506753376687,1.3613747156231808,1,1
0.27513756878439216,1.3398926035069627,1,1
0.2801400700350175,1.362696129969718,1,1
0.2851425712856428,1.3229194587841593,1,1
0.29014507253626814,1.3117765181988907,1,1
0.29514757378689344,1.3102739689248093,1,1
0.3001500750375187,1.3714418480300097,1,1
0.3051525762881441,1.3983763451663385,1,1
0.31015507753876936,1.3323206670720091,1,1
0.3151575787893947,1.3900788215195237,1,1
0.32016008004002,1.4205650097068077,1,1
0.3251625812906453,1.4169126964625351,1,1
0.33016508254127064,1.434243641243777,1,1
0.33516758379189593,1.3907047761697782,1,1
0.3401700850425213,1.4020263373613187,1,1
0.34517258629314657,1.413658055837736,1,1
0.35017508754377186,1.3895813029775153,1,1
0.3551775887943972,1.3900174545304962,1,1
0.3601800900450225,1.38304847275434,1,1
0.36518259129564784,1.3848377124438545,1,1
0.37018509254627313,1.3912792695361091,1,1
0.3751875937968984,1.3989004598889376,1,1
0.38019009504752377,1.4883150304783148,1,1
0.38519259629814906,1.4352523546373543,1,1
0.39019509754877435,1.4951655068151297,1,1
0.3951975987993997,1.517130600277365,1,1
0.400200100050025,1.4586182476838687,1,1
0.40520260130065033,1.5248244616329774,1,1
0.4102051025512756,1.472447407576762,1,1
0.4152076038019009,1.50355660107802,1,1
0.42021010505252626,1.505241501946858,1,1
0.42521260630315155,1.5017878047243625,1,1
0.4302151075537769,1.4894057486398247,1,1
0.4352176088044022,1.5005374081938578,1,1
0.4402201100550275,1.5657756019455467,1,1
0.4452226113056528,1.5415018418297644,1,1
0.4502251125562781,1.5567498773015436,1,1
0.45522761380690346,1.6348134612137704,1,1
0.46023011505752875,1.5848079043239822,1,1
0.46523261630815405,1.631835309815221,1,1
0.4702351175587794,1.6468509877928894,1,1
0.4752376188094047,1.5611100100596675,1,1
0.48024012006003003,1.5831701389854593,1,1
0.4852426213106553,1.6520129275848046,1,1
0.4902451225612806,1.6397664437236272,1,1
0.49524762381190596,1.5829050760661345,1,1
0.5002501250625313,1.6266430889880974,1,1
0.5052526263131566,1.6007318476602428,1,1
0.5102551275637819,1.7202621030915408,1,1
0.5152576288144072,1.7069378848721182,1,1
0.5202601300650325,1.7374417897458485,1,1
0.5252626313156579,1.6835850570542388,1,1
0.5302651325662832,1.663190549553097,1,1
0.5352676338169085,1.7344248220608174,1,1
0.5402701350675337,1.6867486160716685,1,1
0.545272636318159,1.7308392633993108,1,1
0.5502751375687843,1.68431544075984,1,1
0.5552776388194097,1.7443084021099253,1,1
0.560280140070035,1.7831053245484256,1,1
0.5652826413206603,1.829133945360735,1,1
0.5702851425712856,1.7120027849407946,1,1
0.5752876438219109,1.70985149982286,1,1
0.5802901450725363,1.831341935697398,1,1
0.5852926463231616,1.799893532059318,1,1
0.5902951475737869,1.8306114863099703,1,1
0.5952976488244122,1.8062330105543967,1,1
0.6003001500750375,1.8261204170806256,1,1
0.6053026513256629,1.8164585710423207,1,1
0.6103051525762881,1.8221156380114547,1,1
0.6153076538269134,1.7985231728799442,1,1
0.6203101550775387,1.9315876416227158,1,1
0.625312656328164,1.855359931608147,1,1
0.6303151575787894,1.9479562707696318,1,1
0.6353176588294147,1.8252718231928098,1,1
0.64032016008004,1.8589917985783597,1,1
0.6453226613306653,1.8902477005047051,1,1
0.6503251625812906,1.9258714311327734,1,1
0.655327663831916,1.9507490188549397,1,1
0.6603301650825413,2.0017246935972763,1,1
0.6653326663331666,1.8980275201605232,1,1
0.6703351675837919,1.9942553345409402,1,1
0.6753376688344171,1.925498210979702,1,1
0.6803401700850426,1.9362088575017908,1,1
0.6853426713356678,1.9634152275373136,1,1
0.6903451725862931,1.9545023543740494,1,1
0.6953476738369184,1.967334638123453,1,1
0.7003501750875437,2.030001211796296,1,1
0.7053526763381691,1.9479597864711717,1,1
0.7103551775887944,2.044416518331744,1,1
0.7153576788394197,2.116768401533283,1,1
0.720360180090045,2.050477498504153,1,1
0.7253626813406703,2.1411497662180445,1,1
0.7303651825912957,2.005274718403399,1,1
0.735367683841921,2.0511027674253137,1,1
0.7403701850925463,2.1540763059771226,1,1
0.7453726863431716,2.1748376674713215,1,1
0.7503751875937968,2.07906383505444,1,1
0.7553776888444221,2.094638674616412,1,1
0.7603801900950475,2.1111907191135386,1,1
0.7653826913456728,2.07340336689946,1,1
0.7703851925962981,2.2096046252806785,1,1
0.7753876938469234,2.1268978305371036,1,1
0.7803901950975487,2.2115515146210636,1,1
0.7853926963481741,2.179896727459337,1,1
0.7903951975987994,2.1775422185830924,1,1
0.7953976988494247,2.2428738170930913,1,1
0.80040020010005,2.255721926805054,1,1
0.8054027013506753,2.188491222729096,1,1
0.8104052026013007,2.2177137504420767,1,1
0.815407703851926,2.3361759132784923,1,1
0.8204102051025512,2.3045861831180976,1,1
0.8254127063531765,2.2337284065479466,1,1
0.8304152076038018,2.2576104722438104,1,1
0.8354177088544272,2.261879370429899,1,1
0.8404202101050525,2.2449531621942778,1,1
0.8454227113556778,2.2672390019877695,1,1
0.8504252126063031,2.270072157619778,1,1
0.8554277138569284,2.2699195804900585,1,1
0.8604302151075538,2.3896876742126962,1,1
0.8654327163581791,2.3732690235553258,1,1
0.8704352176088044,2.325329001582398,1,1
0.8754377188594297,2.334953347870234,1,1
0.880440220110055,2.3973882807590843,1,1
0.8854427213606804,2.473440936459037,1,1
0.8904452226113057,2.3506644402581833,1,1
0.8954477238619309,2.5274190594339014,1,1
0.9004502251125562,2.531784829102428,1,1
0.9054527263631815,2.378150364648811,1,1
0.9104552276138069,2.413305720539433,1,1
0.9154577288644322,2.5608591852569558,1,1
0.9204602301150575,2.4506025386441164,1,1
0.9254627313656828,2.597674400246755,1,1
0.9304652326163081,2.5431825446664638,1,1
0.9354677338669335,2.6430253847097833,1,1
0.9404702351175588,2.552324448882195,1,1
0.9454727363681841,2.576224533269335,1,1
0.9504752376188094,2.6176981487676203,1,1
0.9554777388694347,2.5785719236125373,1,1
0.9604802401200601,2.5938668951059767,1,1
0.9654827413706853,2.5646920972563274,1,1
0.9704852426213106,2.5759196805901112,1,1
0.9754877438719359,2.649747877607031,1,1
0.9804902451225612,2.7320528112568097,1,1
0.9854927463731865,2.6331342955121277,1,1
0.9904952476238119,2.641765738109702,1,1
0.9954977488744372,2.7308173951583217,1,1
1.0005002501250626,2.683439635017503,1,1
1.0055027513756878,2.6792926257788454,1,1
1.0105052526263132,2.7805612514677787,1,1
1.0155077538769384,2.795988217860361,1,1
1.0205102551275638,2.815929300076902,1,1
1.0255127563781892,2.8665107407566257,1,1
1.0305152576288144,2.796626042370055,1,1
1.0355177588794398,2.706749928633439,1,1
1.040520260130065,2.874956012139976,1,1
1.0455227613806903,2.7868208118829325,1,1
1.0505252626313157,2.874705984451938,1,1
1.055527763881941,2.8782913011739986,1,1
1.0605302651325663,2.9001249814591024,1,1
1.0655327663831915,2.981506777412045,1,1
1.070535267633817,3.006418363831614,1,1
1.075537768884442,2.9197631472453414,1,1
1.0805402701350675,2.889402517720778,1,1
1.0855427713856929,3.078735313256503,1,1
1.090545272636318,2.9960624912124905,1,1
1.0955477738869435,3.094868093666541,1,1
1.1005502751375686,2.9304145980596092,1,1
1.105552776388194,2.931992476381154,1,1
1.1105552776388194,3.0427378681942185,1,1
1.1155577788894446,3.0299455727150453,1,1
1.12056028014007,3.04968784183669,1,1
1.1255627813906952,3.046468885564038,1,1
1.1305652826413206,3.034807416043134,1,1
1.135567783891946,3.0504628876523636,1,1
1.1405702851425712,3.009161432457626,1,1
1.1455727863931966,3.1308477628233695,1,1
1.1505752876438218,3.1900931574600757,1,1
1.1555777888944472,3.187846270954054,1,1
1.1605802901450726,3.2278296096971255,1,1
1.1655827913956978,3.306897367190739,1,1
1.1705852926463232,3.3259391471062667,1,1
1.1755877938969483,3.2143557203426134,1,1
1.1805902951475737,3.346174014202898,1,1
1.1855927963981991,3.185765190916578,1,1
1.1905952976488243,3.419558293697103,1,1
1.1955977988994497,3.1752069386237904,1,1
1.200600300150075,3.405820582308657,1,1
1.2056028014007003,3.3793949964233523,1,1
1.2106053026513257,3.423953976682626,1,1
1.215607803901951,3.470518206947295,1,1
1.2206103051525763,3.3880154354533882,1,1
1.2256128064032015,3.538406911562007,1,1
1.2306153076538269,3.3426076386446675,1,1
1.2356178089044523,3.3718358485406412,1,1
1.2406203101550775,3.578084251323578,1,1
1.2456228114057029,3.3461555346793976,1,1
1.250625312656328,3.4311892772496977,1,1
1.2556278139069534,3.5707689924550103,1,1
1.2606303151575788,3.408430015479226,1,1
1.265632816408204,3.50264954156054,1,1
1.2706353176588294,3.4997219621444713,1,1
1.2756378189094546,3.536479415511417,1,1
1.28064032016008,3.5532522340680788,1,1
1.2856428214107054,3.537783686096306,1,1
1.2906453226613306,3.5661507297572332,1,1
1.295647823911956,3.7913991545038015,1,1
1.3006503251625812,3.664901471908715,1,1
1.3056528264132066,3.6930333942625504,1,1
1.310655327663832,3.683046596983326,1,1
1.3156578289144572,3.652849781591516,1,1
1.3206603301650826,3.6137486782397943,1,1
1.3256628314157077,3.837392113708622,1,1
1.3306653326663331,3.731761082746009,1,1
1.3356678339169585,3.681541557924564,1,1
1.3406703351675837,3.7052731947739774,1,1
1.3456728364182091,3.705620733978333,1,1
1.3506753376688343,3.918193537599887,1,1
1.3556778389194597,3.925470901864199,1,1
1.360680340170085,3.9089265866008,1,1
1.3656828414207103,3.933382259035334,1,1
1.3706853426713357,4.0026582693714605,1,1
1.3756878439219609,4.084950709024629,1,1
1.3806903451725863,3.9920579209858884,1,1
1.3856928464232117,4.119568325350463,1,1
1.3906953476738368,3.989911894537683,1,1
1.3956978489244622,4.135462383007406,1,1
1.4007003501750874,4.010243147931856,1,1
1.4057028514257128,4.004567396531519,1,1
1.4107053526763382,4.106186280871474,1,1
1.4157078539269634,4.204998236489512,1,1
1.4207103551775888,4.214121020196702,1,1
1.425712856428214,4.020702768633724,1,1
1.4307153576788394,4.280494996580029,1,1
1.4357178589294648,4.370064934435707,1,1
1.44072036018009,4.104457907179167,1,1
1.4457228614307154,4.291547338432548,1,1
1.4507253626813406,4.211194474767387,1,1
1.455727863931966,4.1302390298585205,1,1
1.4607303651825914,4.265253770971111,1,1
1.4657328664332165,4.222351966483263,1,1
1.470735367683842,4.422291427899488,1,1
1.4757378689344671,4.334899921976706,1,1
1.4807403701850925,4.550017638962934,1,1
1.485742871435718,4.389111599147444,1,1
1.490745372686343,4.571075374322841,1,1
1.4957478739369685,4.572560132519473,1,1
1.5007503751875937,4.39878396571571,1,1
1.505752876438219,4.447207984512609,1,1
1.5107553776888443,4.622726767052151,1,1
1.5157578789394697,4.405755918083049,1,1
1.520760380190095,4.424091051164864,1,1
1.5257628814407203,4.637701851428926,1,1
1.5307653826913457,4.773923038568063,1,1
1.5357678839419708,4.750337511937784,1,1
1.5407703851925962,4.587370785733794,1,1
1.5457728864432216,4.612371785729521,1,1
1.5507753876938468,4.5498450637958445,1,1
1.5557778889444722,4.7598375497893635,1,1
1.5607803901950974,4.668507305593605,1,1
1.5657828914457228,4.759121175237187,1,1
1.5707853926963482,4.957625404321965,1,1
1.5757878939469734,4.792167737837891,1,1
1.5807903951975988,4.7967550098307115,1,1
1.585792896448224,4.86036105737627,1,1
1.5907953976988494,4.810260989340578,1,1
1.5957978989494748,4.987207062132381,1,1
1.6008004002001,4.772431094819048,1,1
1.6058029014507254,5.008187415718028,1,1
1.6108054027013505,5.124745415660891,1,1
1.615807903951976,4.9374117876792,1,1
1.6208104052026013,4.914773418137594,1,1
1.6258129064532265,5.249226482007513,1,1
1.630815407703852,4.926892289373038,1,1
1.635817908954477,5.085083390166766,1,1
1.6408204102051025,5.176578539272068,1,1
1.645822911455728,5.113827120331741,1,1
1.650825412706353,5.060213257001421,1,1
1.6558279139569785,5.340122510593598,1,1
1.6608304152076037,5.283374803361818,1,1
1.665832916458229,5.132218517221393,1,1
1.6708354177088545,5.321467306806446,1,1
1.6758379189594796,5.297708220634092,1,1
1.680840420210105,5.367241781509372,1,1
1.6858429214607302,5.286266669160368,1,1
1.6908454227113556,5.212690133239745,1,1
1.695847923961981,5.6599007505317465,1,1
1.7008504252126062,5.334639597424839,1,1
1.7058529264632316,5.491094865880179,1,1
1.7108554277138568,5.435177661933975,1,1
1.7158579289644822,5.654002879135825,1,1
1.7208604302151076,5.655687991702547,1,1
1.7258629314657328,5.691477046956937,1,1
1.7308654327163582,5.696964879994547,1,1
1.7358679339669834,5.646110124043234,1,1
1.7408704352176088,5.812208049051677,1,1
1.7458729364682342,5.7144031143870215,1,1
1.7508754377188593,5.622940722796485,1,1
1.7558779389694847,5.573339063100729,1,1
1.76088044022011,5.906770101770163,1,1
1.7658829414707353,5.8993463072884085,1,1
1.7708854427213607,5.865785657018046,1,1
1.775887943971986,5.988496642739707,1,1
1.7808904452226113,5.733357137576085,1,1
1.7858929464732365,6.024621605454899,1,1
1.7908954477238619,5.800062856576099,1,1
1.7958979489744873,6.152961811081575,1,1
1.8009004502251125,5.858224310549543,1,1
1.8059029514757379,6.080891077553745,1,1
1.810905452726363,6.221498673901832,1,1
1.8159079539769885,5.91754267522878,1,1
1.8209104552276139,6.309924801142999,1,1
1.825912956478239,6.38953116296554,1,1
1.8309154577288644,6.262107726622133,1,1
1.8359179589794896,6.32253285510492,1,1
1.840920460230115,6.311347816426145,1,1
1.8459229614807404,6.432110640722421,1,1
1.8509254627313656,6.58219670379573,1,1
1.855927963981991,6.460320244513179,1,1
1.8609304652326162,6.290715792671485,1,1
1.8659329664832416,6.63441135273333,1,1
1.870935467733867,6.530635142376021,1,1
1.8759379689844922,6.364677979895918,1,1
1.8809404702351176,6.719839191124025,1,1
1.8859429714857427,6.65247431896163,1,1
1.8909454727363681,6.770690549734012,1,1
1.8959479739869936,6.6632399227876515,1,1
1.9009504752376187,6.748003622811002,1,1
1.9059529764882441,6.987735643165998,1,1
1.9109554777388693,6.600765452112362,1,1
1.9159579789894947,6.630170306900838,1,1
1.9209604802401201,6.805457317889614,1,1
1.9259629814907453,6.928713793960392,1,1
1.9309654827413707,6.911537902410731,1,1
1.9359679839919959,6.845027449162099,1,1
1.9409704852426213,6.9269964967401405,1,1
1.9459729864932465,7.2272670602927995,1,1
1.9509754877438719,6.871349737393734,1,1
1.9559779889944973,7.06366967094618,1,1
1.9609804902451224,6.892269554854084,1,1
1.9659829914957478,7.031618954202197,1,1
1.970985492746373,7.335278715209994,1,1
1.9759879939969984,7.151996986009783,1,1
1.9809904952476238,7.50092658176996,1,1
1.985992996498249,7.288306287430251,1,1
1.9909954977488744,7.220165903251639,1,1
1.9959979989994996,7.410234908476728,1,1
2.001000500250125,7.284647729636725,1,1
2.0060030015007504,7.147692828854979,1,1
2.0110055027513756,7.760502222034527,1,1
2.0160080040020008,7.425318204198026,1,1
2.0210105052526264,7.49186465099642,1,1
2.0260130065032516,7.383864212092702,1,1
2.0310155077538767,7.374066232287,1,1
2.0360180090045024,7.4124606844273755,1,1
2.0410205102551275,7.90902048955412,1,1
2.0460230115057527,7.582534399762668,1,1
2.0510255127563783,7.718581952972103,1,1
2.0560280140070035,7.620040165811044,1,1
2.0610305152576287,7.972384926708883,1,1
2.066033016508254,8.01318894442768,1,1
2.0710355177588795,7.820852290320665,1,1
2.0760380190095047,7.7767188976729935,1,1
2.08104052026013,8.047188379978628,1,1
2.0860430215107555,7.901785565558385,1,1
2.0910455227613807,8.083984344857987,1,1
2.096048024012006,8.032345085233771,1,1
2.1010505252626315,8.327887835728143,1,1
2.1060530265132567,8.0572674857216,1,1
2.111055527763882,7.989208699714711,1,1
2.116058029014507,8.426741215251708,1,1
2.1210605302651326,8.378210092473928,1,1
2.126063031515758,8.679244077558707,1,1
2.131065532766383,8.663880754004305,1,1
2.1360680340170086,8.14990253412299,1,1
2.141070535267634,8.50524080729444,1,1
2.146073036518259,8.555607695669861,1,1
2.151075537768884,8.260433105903514,1,1
2.15607803901951,8.33099349519906,1,1
2.161080540270135,8.960799106221524,1,1
2.16608304152076,9.044900751409825,1,1
2.1710855427713858,8.90701540829307,1,1
2.176088044022011,9.062715334897675,1,1
2.181090545272636,8.911984560404274,1,1
2.1860930465232618,8.546974464776536,1,1
2.191095547773887,8.822910703892873,1,1
2.196098049024512,9.313114881131648,1,1
2.2011005502751373,8.749998345773095,1,1
2.206103051525763,9.203030225583642,1,1
2.211105552776388,9.267745093560187,1,1
2.2161080540270133,8.82240432421546,1,1
2.221110555277639,9.136758575341727,1,1
2.226113056528264,9.402265860467736,1,1
2.2311155577788893,9.018321049172235,1,1
2.236118059029515,9.003064892163863,1,1
2.24112056028014,9.605309300831088,1,1
2.2461230615307652,9.088305099683604,1,1
2.2511255627813904,9.195152977157818,1,1
2.256128064032016,9.267799128826331,1,1
2.2611305652826412,9.690553204623814,1,1
2.2661330665332664,9.913628654478957,1,1
2.271135567783892,9.466991085226782,1,1
2.276138069034517,9.447611652784929,1,1
2.2811405702851424,9.537075635890144,1,1
2.286143071535768,10.076995262646731,1,1
2.291145572786393,9.560270198244384,1,1
2.2961480740370184,10.036905243734747,1,1
2.3011505752876436,9.809753820639221,1,1
2.306153076538269,9.895982021924423,1,1
2.3111555777888944,10.088305735009929,1,1
2.3161580790395195,10.461395880191882,1,1
2.321160580290145,10.319665416001348,1,1
2.3261630815407703,10.411163766829825,1,1
2.3311655827913955,10.595576365479353,1,1
2.336168084042021,10.440551141324248,1,1
2.3411705852926463,10.78149818989972,1,1
2.3461730865432715,10.79814453125213,1,1
2.3511755877938967,10.484687260341357,1,1
2.3561780890445223,10.448578839211448,1,1
2.3611805902951475,10.798393718179904,1,1
2.3661830915457727,11.015791154299366,1,1
2.3711855927963983,10.350420324300654,1,1
2.3761880940470235,10.946371858832848,1,1
2.3811905952976486,11.195139219321534,1,1
2.3861930965482743,10.616544676573064,1,1
2.3911955977988995,10.726848349807208,1,1
2.3961980990495246,11.050781032466341,1,1
2.40120060030015,11.414033736224683,1,1
2.4062031015507754,11.110652882384688,1,1
2.4112056028014006,10.979576795156817,1,1
2.416208104052026,11.537858681927567,1,1
2.4212106053026514,11.349850222308909,1,1
2.4262131065532766,11.128467255679283,1,1
2.431215607803902,11.093907529369908,1,1
2.4362181090545274,11.02455930135868,1,1
2.4412206103051526,11.585665541611547,1,1
2.4462231115557778,11.544751046442638,1,1
2.451225612806403,11.975349687444119,1,1
2.4562281140570286,11.270315616112354,1,1
2.4612306153076537,11.728304301053175,1,1
2.466233116558279,11.587302767321802,1,1
2.4712356178089045,11.46218972282337,1,1
2.4762381190595297,12.087731296653295,1,1
2.481240620310155,12.000730673881998,1,1
2.4862431215607805,11.866757036519578,1,1
2.4912456228114057,12.233873922444781,1,1
2.496248124062031,11.896073834298923,1,1
2.501250625312656,11.764547636547778,1,1
2.5062531265632817,12.033303833838469,1,1
2.511255627813907,12.546510576732095,1,1
2.516258129064532,12.393953052322638,1,1
2.5212606303151577,12.463680829264712,1,1
2.526263131565783,12.086639782192872,1,1
2.531265632816408,12.12558827694012,1,1
2.5362681340670337,12.501521205527078,1,1
2.541270635317659,12.513745588080202,1,1
2.546273136568284,12.463700324510171,1,1
2.551275637818909,12.72170990739163,1,1
2.556278139069535,13.281359239297633,1,1
2.56128064032016,12.890268903588725,1,1
2.566283141570785,12.907588146272639,1,1
2.571285642821411,13.421384519693335,1,1
2.576288144072036,12.670011687459942,1,1
2.581290645322661,12.747079864742163,1,1
2.5862931465732864,12.774722255970682,1,1
2.591295647823912,13.45469165691597,1,1
2.596298149074537,13.516907308972373,1,1
2.6013006503251623,13.120821846002007,1,1
2.606303151575788,13.838372533955575,1,1
2.611305652826413,13.253273185965716,1,1
2.6163081540770383,14.109024280838,1,1
2.621310655327664,13.763299536478577,1,1
2.626313156578289,13.673948912742256,1,1
2.6313156578289143,13.379165214524994,1,1
2.6363181590795395,14.24292719444113,1,1
2.641320660330165,14.295952337765705,1,1
2.6463231615807903,13.672229670277565,1,1
2.6513256628314155,14.561411696144885,1,1
2.656328164082041,14.683076295192036,1,1
2.6613306653326663,14.26842767668979,1,1
2.6663331665832914,14.682488407251741,1,1
2.671335667833917,14.236726239581868,1,1
2.6763381690845423,15.083472969137677,1,1
2.6813406703351674,14.835126463103851,1,1
2.6863431715857926,14.596420767129192,1,1
2.6913456728364182,14.717550166274119,1,1
2.6963481740870434,14.985011129183128,1,1
2.7013506753376686,14.3151187003391,1,1
2.706353176588294,14.714029586619414,1,1
2.7113556778389194,14.773017081104658,1,1
2.7163581790895446,14.975215855427598,1,1
2.72136068034017,15.163465678740113,1,1
2.7263631815907954,14.769381986513995,1,1
2.7313656828414206,14.892045119570568,1,1
2.7363681840920457,15.872001514075514,1,1
2.7413706853426714,15.790062936394245,1,1
2.7463731865932965,15.406348906992761,1,1
2.7513756878439217,16.064142725206214,1,1
2.7563781890945473,15.15733383728186,1,1
2.7613806903451725,15.721836706149489,1,1
2.7663831915957977,15.605864210091651,1,1
2.7713856928464233,16.500388727072682,1,1
2.7763881940970485,16.068558089479644,1,1
2.7813906953476737,16.16555803345752,1,1
2.786393196598299,16.690278567810456,1,1
2.7913956978489245,16.540960028728446,1,1
2.7963981990995497,15.88784713271848,1,1
2.801400700350175,16.421399281030542,1,1
2.8064032016008005,17.174605624243025,1,1
2.8114057028514257,16.66695812727224,1,1
2.816408204102051,16.491892821972247,1,1
2.8214107053526765,16.287194974555646,1,1
2.8264132066033016,16.89232735776824,1,1
2.831415707853927,16.37140770396509,1,1
2.836418209104552,16.972260799324275,1,1
2.8414207103551776,16.506497428535408,1,1
2.846423211605803,17.088793451892233,1,1
2.851425712856428,16.87475016614719,1,1
2.8564282141070536,17.461469314119032,1,1
2.861430715357679,17.192424431405527,1,1
2.866433216608304,17.408263104518696,1,1
2.8714357178589296,17.707615836818793,1,1
2.8764382191095548,18.135828459515132,1,1
2.88144072036018,17.244983258953603,1,1
2.886443221610805,18.011877031106582,1,1
2.8914457228614308,17.966582235471034,1,1
2.896448224112056,17.525402650312067,1,1
2.901450725362681,18.811497554158365,1,1
2.9064532266133067,18.418107201566368,1,1
2.911455727863932,17.751544861800106,1,1
2.916458229114557,18.56413645268047,1,1
2.9214607303651827,19.136140978379867,1,1
2.926463231615808,18.08376480689372,1,1
2.931465732866433,19.158910940128116,1,1
2.9364682341170583,18.645526730966242,1,1
2.941470735367684,19.249361981759392,1,1
2.946473236618309,18.523714390832236,1,1
2.9514757378689342,19.855270921772124,1,1
2.95647823911956,19.131364592164605,1,1
2.961480740370185,18.70780787310701,1,1
2.9664832416208102,18.906845033425334,1,1
2.971485742871436,18.847569811188066,1,1
2.976488244122061,19.149790533202037,1,1
2.981490745372686,20.193791076202864,1,1
2.9864932466233114,19.69508605128743,1,1
2.991495747873937,19.513148814239713,1,1
2.996498249124562,19.25408180226185,1,1
3.0015007503751874,19.518247592656607,1,1
3.006503251625813,20.692072040731876,1,1
3.011505752876438,20.68985961217649,1,1
3.0165082541270634,20.799203555496685,1,1
3.0215107553776885,19.782995576340507,1,1
3.026513256628314,21.078801827685737,1,1
3.0315157578789393,19.901720040942973,1,1
3.0365182591295645,21.041016157056703,1,1
3.04152076038019,20.8215134710457,1,1
3.0465232616308153,21.284538755433694,1,1
3.0515257628814405,21.976487386101795,1,1
3.056528264132066,20.658467402326394,1,1
3.0615307653826913,20.68867551813624,1,1
3.0665332666333165,21.284607659862797,1,1
3.0715357678839417,21.170908090394178,1,1
3.0765382691345673,22.508056061832615,1,1
3.0815407703851925,21.682010205560868,1,1
3.0865432716358177,21.815443178214366,1,1
3.0915457728864433,21.795333372392584,1,1
3.0965482741370685,22.600023723803112,1,1
3.1015507753876936,22.412057060175126,1,1
3.1065532766383193,22.254266359715388,1,1
3.1115557778889444,23.31798441311485,1,1
3.1165582791395696,21.8343139840693,1,1
3.121560780390195,21.85198233660116,1,1
3.1265632816408204,22.58346614814717,1,1
3.1315657828914456,22.111891631104797,1,1
3.136568284142071,23.681799647117728,1,1
3.1415707853926964,22.25533253642265,1,1
3.1465732866433216,23.046271280452093,1,1
3.1515757878939468,24.010190087719707,1,1
3.1565782891445724,22.889544306254475,1,1
3.1615807903951976,24.159935846070685,1,1
3.1665832916458228,23.7212912515824,1,1
3.171585792896448,23.006984760067514,1,1
3.1765882941470736,24.476661066238954,1,1
3.1815907953976987,24.78693633375552,1,1
3.186593296648324,23.605182040845904,1,1
3.1915957978989495,24.141014239501942,1,1
3.1965982991495747,24.85001839353059,1,1
3.2016008004002,24.088869200362954,1,1
3.2066033016508255,25.226956605334983,1,1
3.2116058029014507,24.86111031521679,1,1
3.216608304152076,24.015425655104846,1,1
3.221610805402701,25.397955279046553,1,1
3.2266133066533267,24.3265219506005,1,1
3.231615807903952,26.051058391017577,1,1
3.236618309154577,25.066679686446463,1,1
3.2416208104052027,25.103243963998892,1,1
3.246623311655828,25.14448770526066,1,1
3.251625812906453,26.694354810611344,1,1
3.2566283141570787,25.39823104488024,1,1
3.261630815407704,26.587167297772012,1,1
3.266633316658329,25.95840969656163,1,1
3.271635817908954,27.052346459327087,1,1
3.27663831915958,26.740398402722214,1,1
3.281640820410205,27.61103064202246,1,1
3.28664332166083,27.01687846345719,1,1
3.291645822911456,25.918684760302074,1,1
3.296648324162081,27.154061558338306,1,1
3.301650825412706,27.34999741675378,1,1
3.306653326663332,26.279305168859235,1,1
3.311655827913957,27.860191510945697,1,1
3.316658329164582,27.48000665147763,1,1
3.3216608304152073,27.592477314857295,1,1
3.326663331665833,27.25263302249793,1,1
3.331665832916458,28.221938558376692,1,1
3.3366683341670833,29.15806074053247,1,1
3.341670835417709,29.39183713844425,1,1
3.346673336668334,27.804494155706053,1,1
3.3516758379189593,28.327118107365134,1,1
3.356678339169585,28.461188331408238,1,1
3.36168084042021,29.059251452257055,1,1
3.3666833416708353,27.845861812156766,1,1
3.3716858429214605,29.44588918932749,1,1
3.376688344172086,30.04695294317226,1,1
3.3816908454227113,30.086680890134524,1,1
3.3866933466733364,29.945097068818797,1,1
3.391695847923962,29.274115192993726,1,1
3.3966983491745872,30.526277781517834,1,1
3.4017008504252124,30.153055079492688,1,1
3.406703351675838,30.869361627196774,1,1
3.4117058529264632,31.08271660337922,1,1
3.4167083541770884,30.632306572233013,1,1
3.4217108554277136,31.783340112287146,1,1
3.426713356678339,31.091735406725572,1,1
3.4317158579289644,31.95664278183525,1,1
3.4367183591795896,31.048839481241295,1,1
3.441720860430215,31.134818585792978,1,1
3.4467233616808404,31.12414100726815,1,1
3.4517258629314655,30.341914294204518,1,1
3.4567283641820907,31.251340126073988,1,1
3.4617308654327164,31.48614533866736,1,1
3.4667333666833415,32.46479814239756,1,1
3.4717358679339667,31.491528619973,1,1
3.4767383691845923,32.17340843898658,1,1
3.4817408704352175,32.93814692481594,1,1
3.4867433716858427,31.476420953226526,1,1
3.4917458729364683,33.36635637223456,1,1
3.4967483741870935,33.37251602410386,1,1
3.5017508754377187,33.624745519501865,1,1
3.506753376688344,32.88219574544397,1,1
3.5117558779389695,34.24720744066682,1,1
3.5167583791895947,32.99972441627442,1,1
3.52176088044022,33.23952115674589,1,1
3.5267633816908455,34.828520923596244,1,1
3.5317658829414706,33.39647267566119,1,1
3.536768384192096,33.93796980640702,1,1
3.5417708854427215,35.47584307102295,1,1
3.5467733866933466,35.90748913654128,1,1
3.551775887943972,33.55527017498909,1,1
3.556778389194597,34.52216231913416,1,1
3.5617808904452226,34.90013311348338,1,1
3.566783391695848,36.53879951995487,1,1
3.571785892946473,34.42549771267956,1,1
3.5767883941970986,35.82050366127868,1,1
3.5817908954477238,35.99984346009264,1,1
3.586793396698349,36.24666456252042,1,1
3.5917958979489746,36.51785382888183,1,1
3.5967983991995998,36.31771951978545,1,1
3.601800900450225,36.18686413693161,1,1
3.60680340170085,36.17094199444669,1,1
3.6118059029514757,38.03232490883591,1,1
3.616808404202101,38.1901707578017,1,1
3.621810905452726,36.629149920810846,1,1
3.6268134067033517,38.93380311829409,1,1
3.631815907953977,36.501325931086726,1,1
3.636818409204602,39.089287306219866,1,1
3.6418209104552277,36.92216959060393,1,1
3.646823411705853,37.36871846986674,1,1
3.651825912956478,38.37461630704899,1,1
3.6568284142071033,37.72769746019369,1,1
3.661830915457729,39.478282730189974,1,1
3.666833416708354,39.85521112761817,1,1
3.6718359179589792,37.82976025183392,1,1
3.676838419209605,38.978019469378296,1,1
3.68184092046023,41.10469241024663,1,1
3.686843421710855,39.73581629287027,1,1
3.691845922961481,41.5743073545192,1,1
3.696848424212106,39.99593630550394,1,1
3.701850925462731,41.57708449423637,1,1
3.7068534267133564,41.27708860991435,1,1
3.711855927963982,41.44184703904952,1,1
3.716858429214607,41.85551115066382,1,1
3.7218609304652324,40.09792829044878,1,1
3.726863431715858,40.299526462162845,1,1
3.731865932966483,42.65975904975919,1,1
3.7368684342171083,40.832635714870946,1,1
3.741870935467734,42.57931813780002,1,1
3.746873436718359,42.80618005903334,1,1
3.7518759379689843,43.147228366161805,1,1
3.7568784392196095,43.704668522845324,1,1
3.761880940470235,44.13737529400116,1,1
3.7668834417208603,41.824492806935694,1,1
3.7718859429714855,43.160902056661406,1,1
3.776888444222111,43.4545333798465,1,1
3.7818909454727363,44.55301607119113,1,1
3.7868934467233615,44.151423966886966,1,1
3.791895947973987,43.09047525763054,1,1
3.7968984492246123,45.83146321284392,1,1
3.8019009504752375,44.782762888098574,1,1
3.8069034517258626,45.29175666441931,1,1
3.8119059529764883,46.58069537493694,1,1
3.8169084542271134,44.629697387266404,1,1
3.8219109554777386,43.92284167210571,1,1
3.8269134567283642,46.134805718457585,1,1
3.8319159579789894,45.31033728594994,1,1
3.8369184592296146,45.539157428530935,1,1
3.8419209604802402,47.66827062839478,1,1
3.8469234617308654,46.55347234437563,1,1
3.8519259629814906,46.599486174201864,1,1
3.8569284642321158,46.77919349076884,1,1
3.8619309654827414,47.444563975026334,1,1
3.8669334667333666,48.22177496550233,1,1
3.8719359679839918,48.01062343773927,1,1
3.8769384692346174,48.83022546506912,1,1
3.8819409704852426,49.00580561506546,1,1
3.8869434717358677,49.05683353317572,1,1
3.891945972986493,47.06767288902496,1,1
3.8969484742371185,47.68712533645502,1,1
3.9019509754877437,50.7106662648814,1,1
3.906953476738369,50.95615385689754,1,1
3.9119559779889945,50.517374561766005,1,1
3.9169584792396197,50.13770785912086,1,1
3.921960980490245,50.86717311504665,1,1
3.9269634817408705,50.25300345755155,1,1
3.9319659829914957,51.89033970238578,1,1
3.936968484242121,50.313179933957734,1,1
3.941970985492746,51.15836296450361,1,1
3.9469734867433717,49.95691929668802,1,1
3.951975987993997,54.02231719659875,1,1
3.956978489244622,51.1610329421226,1,1
3.9619809904952477,51.605804377115575,1,1
3.966983491745873,52.962713940316966,1,1
3.971985992996498,51.81722684861572,1,1
3.9769884942471236,52.72742134139636,1,1
3.981990995497749,52.61761004398169,1,1
3.986993496748374,51.76177536704001,1,1
3.991995997998999,55.39246956908871,1,1
3.996998499249625,54.06588827822057,1,1
4.00200100050025,55.08401955175208,1,1
4.007003501750876,53.0051472246545,1,1
4.012006003001501,56.14155102999807,1,1
4.017008504252126,56.177473837806076,1,1
4.022011005502751,55.0552519931231,1,1
4.027013506753376,55.125026427099655,1,1
4.0320160080040015,56.817308110721925,1,1
4.037018509254628,57.45560061270417,1,1
4.042021010505253,55.624302832877284,1,1
4.047023511755878,55.86898848915701,1,1
4.052026013006503,56.681275962875304,1,1
4.057028514257128,59.336230955048165,1,1
4.0620310155077535,58.805998414080996,1,1
4.067033516758379,60.4943350313594,1,1
4.072036018009005,56.89962761195719,1,1
4.07703851925963,56.77154649878093,1,1
4.082041020510255,58.03505793706832,1,1
4.08704352176088,60.99696864640197,1,1
4.092046023011505,57.49066147433356,1,1
4.097048524262131,58.36449727268313,1,1
4.102051025512757,59.33241722803016,1,1
4.107053526763382,59.14943472284163,1,1
4.112056028014007,59.09153913312338,1,1
4.117058529264632,63.80140189820812,1,1
4.122061030515257,63.87908871761587,1,1
4.127063531765883,60.88789884339392,1,1
4.132066033016508,61.1110393737421,1,1
4.137068534267134,62.621667636014976,1,1
4.142071035517759,62.77461209970839,1,1
4.147073536768384,61.47133462653592,1,1
4.152076038019009,63.6877238386468,1,1
4.1570785392696346,61.496442976224245,1,1
4.16208104052026,63.26825991858002,1,1
4.167083541770885,62.13049139656497,1,1
4.172086043021511,65.03240824301744,1,1
4.177088544272136,64.29594443043268,1,1
4.182091045522761,67.92089402411251,1,1
4.1870935467733865,67.69723490158566,1,1
4.192096048024012,64.11742142680488,1,1
4.197098549274637,67.06783896445738,1,1
4.202101050525263,67.12207235868216,1,1
4.207103551775888,66.23006199405717,1,1
4.212106053026513,68.3613685664356,1,1
4.2171085542771385,66.72265900790987,1,1
4.222111055527764,69.77406670105084,1,1
4.227113556778389,70.4539832994055,1,1
4.232116058029014,68.36740937361137,1,1
4.23711855927964,67.0843468635489,1,1
4.242121060530265,71.46031124976875,1,1
4.2471235617808905,72.43144200090384,1,1
4.252126063031516,69.4835696823726,1,1
4.257128564282141,71.9923377284821,1,1
4.262131065532766,73.42732857276857,1,1
4.267133566783391,73.56232883819038,1,1
4.272136068034017,70.30955208902411,1,1
4.277138569284642,73.52203683449416,1,1
4.282141070535268,72.98284182622729,1,1
4.287143571785893,69.85626273773268,1,1
4.292146073036518,71.08065025565999,1,1
4.297148574287143,72.90824190770567,1,1
4.302151075537768,74.90656638123365,1,1
4.307153576788394,75.38383293833783,1,1
4.31215607803902,71.77423444457379,1,1
4.317158579289645,74.77222063946321,1,1
4.32216108054027,77.25336306520266,1,1
4.327163581790895,74.29166886729874,1,1
4.33216608304152,79.05639004546,1,1
4.337168584292146,74.14448404150693,1,1
4.3421710855427715,79.263293282062,1,1
4.347173586793397,80.2557093320754,1,1
4.352176088044022,75.27757407659213,1,1
4.357178589294647,77.64033042355199,1,1
4.362181090545272,80.50552269093026,1,1
4.367183591795897,77.5739102671025,1,1
4.3721860930465235,76.57492865796254,1,1
4.377188594297149,77.33690668001158,1,1
4.382191095547774,79.65570824085805,1,1
4.387193596798399,81.63285110697392,1,1
4.392196098049024,80.69175874798148,1,1
4.397198599299649,83.9660441374657,1,1
4.402201100550275,80.37115825005601,1,1
4.407203601800901,81.2668474956218,1,1
4.412206103051526,80.68156225978309,1,1
4.417208604302151,84.45938057753978,1,1
4.422211105552776,80.36485291457039,1,1
4.427213606803401,83.00474102878036,1,1
4.4322161080540265,81.80477149776537,1,1
4.437218609304653,81.67929657988806,1,1
4.442221110555278,88.16716202723536,1,1
4.447223611805903,84.44394610220256,1,1
4.452226113056528,83.97329109576135,1,1
4.457228614307153,86.68137973038598,1,1
4.4622311155577785,84.1577921196968,1,1
4.467233616808404,90.5730587376428,1,1
4.47223611805903,90.95655234444938,1,1
4.477238619309655,86.61772410071501,1,1
4.48224112056028,89.60162876021164,1,1
4.487243621810905,89.24651733908806,1,1
4.4922461230615305,91.97334392685892,1,1
4.497248624312156,86.81809912304695,1,1
4.502251125562781,87.92651092673594,1,1
4.507253626813407,88.31248488978346,1,1
4.512256128064032,93.911437137937,1,1
4.517258629314657,92.03047797099771,1,1
4.5222611305652824,91.36813210053171,1,1
4.527263631815908,90.8881203590917,1,1
4.532266133066533,94.05729656145228,1,1
4.537268634317159,90.81832650896794,1,1
4.542271135567784,95.2185116714989,1,1
4.547273636818409,96.06319418660117,1,1
4.552276138069034,92.46672637257558,1,1
4.55727863931966,95.6024485356056,1,1
4.562281140570285,95.88289951987578,1,1
4.56728364182091,95.495630041789,1,1
4.572286143071536,97.79631129117205,1,1
4.577288644322161,100.22611321945968,1,1
4.582291145572786,96.15750654530926,1,1
4.587293646823412,94.36213508920889,1,1
4.592296148074037,98.92852554559903,1,1
4.597298649324662,99.73706068276363,1,1
4.602301150575287,99.9981007247912,1,1
4.607303651825913,104.03662156778404,1,1
4.612306153076538,102.99198544864385,1,1
4.6173086543271635,97.68523672843901,1,1
4.622311155577789,98.83760077089656,1,1
4.627313656828414,105.35369280022331,1,1
4.632316158079039,105.37207084102529,1,1
4.637318659329665,104.13467655333608,1,1
4.64232116058029,106.27483915104686,1,1
4.6473236618309155,107.29750423875169,1,1
4.652326163081541,106.78495179627657,1,1
4.657328664332166,108.22113212053515,1,1
4.662331165582791,105.36143994247767,1,1
4.667333666833416,109.06081320965428,1,1
4.672336168084042,105.91968974610342,1,1
4.6773386693346675,110.45239576746044,1,1
4.682341170585293,110.73515871891532,1,1
4.687343671835918,105.85271858336714,1,1
4.692346173086543,112.18922934142515,1,1
4.697348674337168,111.53287214735477,1,1
4.702351175587793,114.50552651312064,1,1
4.707353676838419,111.1664685034247,1,1
4.712356178089045,109.06771734881063,1,1
4.71735867933967,113.26668887014885,1,1
4.722361180590295,108.1156715603695,1,1
4.72736368184092,113.30163644539054,1,1
4.732366183091545,117.25748965133714,1,1
4.7373686843421705,117.47545951954915,1,1
4.742371185592797,114.99978614209564,1,1
4.747373686843422,117.095784702462,1,1
4.752376188094047,116.27169046400809,1,1
4.757378689344672,117.28222099404795,1,1
4.762381190595297,114.33206416041705,1,1
4.7673836918459225,115.05502038475768,1,1
4.7723861930965485,120.70479889411956,1,1
4.777388694347174,121.63274771575384,1,1
4.782391195597799,119.85376452655865,1,1
4.787393696848424,122.5923591059363,1,1
4.792396198099049,122.07448212249297,1,1
4.7973986993496744,118.15644247736297,1,1
4.8024012006003,120.62238650430214,1,1
4.807403701850926,118.7107116287084,1,1
4.812406203101551,121.80630144379633,1,1
4.817408704352176,119.87854667583318,1,1
4.822411205602801,124.15667926289284,1,1
4.827413706853426,120.15872218090978,1,1
4.832416208104052,122.31342902136852,1,1
4.837418709354677,126.32974447684852,1,1
4.842421210605303,129.5186779837038,1,1
4.847423711855928,130.26671839064798,1,1
4.852426213106553,129.4473919299403,1,1
4.857428714357178,130.8112792793903,1,1
4.862431215607804,133.8576308689121,1,1
4.867433716858429,127.60024569272149,1,1
4.872436218109055,126.59845633194234,1,1
4.87743871935968,130.2087594151739,1,1
4.882441220610305,136.6624895255693,1,1
4.88744372186093,134.32324320717873,1,1
4.8924462231115555,133.2274922543724,1,1
4.897448724362181,136.2342528569871,1,1
4.902451225612806,129.5429496045261,1,1
4.907453726863432,130.58767882623667,1,1
4.912456228114057,134.72607615705007,1,1
4.917458729364682,136.8790934894257,1,1
4.9224612306153075,132.82542629970519,1,1
4.927463731865933,138.4125947190201,1,1
4.932466233116558,141.51232741641846,1,1
4.937468734367183,143.4923173899735,1,1
4.942471235617809,143.5977491365575,1,1
4.947473736868434,140.89045156181518,1,1
4.9524762381190595,146.39075555807017,1,1
4.957478739369685,143.70934452325824,1,1
4.96248124062031,139.44863488041813,1,1
4.967483741870935,145.37245199587113,1,1
4.972486243121561,146.6678280322069,1,1
4.977488744372186,149.9817735735678,1,1
4.982491245622811,142.70211961986038,1,1
4.987493746873437,145.60659331825096,1,1
4.992496248124062,145.95689473828196,1,1
4.997498749374687,151.41536035643875,1,1
5.002501250625312,148.90572201615757,1,1
5.007503751875938,153.79327867348783,1,1
5.012506253126563,152.61578445709458,1,1
5.017508754377189,147.08637017522744,1,1
5.022511255627814,152.47977579760254,1,1
5.027513756878439,158.3600831270097,1,1
5.032516258129064,154.41257929759277,1,1
5.037518759379689,150.4073857221409,1,1
5.042521260630315,160.2032926326145,1,1
5.0475237618809405,157.81438565771154,1,1
5.052526263131566,159.46897105796634,1,1
5.057528764382191,159.69415351381858,1,1
5.062531265632816,157.66217129218657,1,1
5.067533766883441,155.4271182803132,1,1
5.072536268134067,161.0593087125882,1,1
5.0775387693846925,158.4460424428251,1,1
5.082541270635318,159.28205288530694,1,1
5.087543771885943,157.44713495325212,1,1
5.092546273136568,168.01170535794034,1,1
5.097548774387193,162.03079525308098,1,1
5.102551275637818,160.5055445063494,1,1
5.1075537768884445,159.25325730237785,1,1
5.11255627813907,161.89960897345742,1,1
5.117558779389695,169.20584569890048,1,1
5.12256128064032,165.38330744688096,1,1
5.127563781890945,173.92833546944613,1,1
5.13256628314157,172.9817555545677,1,1
5.1375687843921956,164.0311842134752,1,1
5.142571285642822,173.371361908875,1,1
5.147573786893447,166.0657157969621,1,1
5.152576288144072,167.80564513785362,1,1
5.157578789394697,167.88821265615263,1,1
5.162581290645322,168.0314551475972,1,1
5.1675837918959475,171.75808963196212,1,1
5.172586293146573,174.03309279583962,1,1
5.177588794397199,181.92991555360098,1,1
5.182591295647824,182.56815769861453,1,1
5.187593796898449,172.67241708111487,1,1
5.192596298149074,181.01586153366023,1,1
5.1975987993996995,176.94018298111357,1,1
5.202601300650325,186.35800494768932,1,1
5.207603801900951,177.39697504092982,1,1
5.212606303151576,189.91238242297024,1,1
5.217608804402201,178.49059850123876,1,1
5.222611305652826,180.77816357808794,1,1
5.2276138069034515,182.9388301074545,1,1
5.232616308154077,186.03109417346636,1,1
5.237618809404702,186.85499531097508,1,1
5.242621310655328,183.86766625158398,1,1
5.247623811905953,192.92593070193567,1,1
5.252626313156578,194.87796270993832,1,1
5.257628814407203,196.1099580113445,1,1
5.262631315657829,189.14044553001057,1,1
5.267633816908454,193.13772206067821,1,1
5.272636318159079,197.1376125337176,1,1
5.277638819409705,203.64892823388132,1,1
5.28264132066033,202.16009740665854,1,1
5.287643821910955,197.42088254892533,1,1
5.292646323161581,190.94987382317973,1,1
5.297648824412206,199.01344311637678,1,1
5.302651325662831,208.00743373466895,1,1
5.307653826913457,209.16531832803204,1,1
5.312656328164082,204.69706216998884,1,1
5.317658829414707,195.9747134730718,1,1
5.3226613306653325,196.98380271344726,1,1
5.327663831915958,206.79032615571077,1,1
5.332666333166583,201.57310836185567,1,1
5.337668834417208,201.72904227252258,1,1
5.342671335667834,209.3102994384054,1,1
5.347673836918459,214.6710792473801,1,1
5.3526763381690845,208.17590355570113,1,1
5.35767883941971,208.1555139611672,1,1
5.362681340670335,205.3854623692201,1,1
5.36768384192096,219.93543800160077,1,1
5.372686343171585,216.4723933219154,1,1
5.377688844422211,212.42731475722994,1,1
5.3826913456728365,224.07713136296883,1,1
5.387693846923462,217.8539890977435,1,1
5.392696348174087,220.27004439507365,1,1
5.397698849424712,226.6229640408194,1,1
5.402701350675337,229.5996984086309,1,1
5.407703851925963,219.95885342986628,1,1
5.412706353176588,226.22218403863747,1,1
5.417708854427214,216.63096178625335,1,1
5.422711355677839,225.04343650655355,1,1
5.427713856928464,236.2279675188445,1,1
5.432716358179089,226.90204865037705,1,1
5.437718859429714,223.49828900685986,1,1
5.44272136068034,225.97222639779048,1,1
5.447723861930966,241.32832888918412,1,1
5.452726363181591,242.6231478376933,1,1
5.457728864432216,228.53551224744797,1,1
5.462731365682841,242.20076430640185,1,1
5.467733866933466,233.17006489404164,1,1
5.4727363681840915,233.12700524201136,1,1
5.4777388694347176,243.15055998515334,1,1
5.482741370685343,230.92764286754874,1,1
5.487743871935968,250.35301019014028,1,1
5.492746373186593,251.06035371234861,1,1
5.497748874437218,245.06077832276006,1,1
5.5027513756878434,244.12028447788708,1,1
5.5077538769384695,256.1576016723326,1,1
5.512756378189095,238.56289518948319,1,1
5.51775887943972,245.1608301957706,1,1
5.522761380690345,244.6212012927973,1,1
5.52776388194097,251.30751618171396,1,1
5.532766383191595,258.02876125371665,1,1
5.537768884442221,252.95814753283042,1,1
5.542771385692847,250.3441382132106,1,1
5.547773886943472,250.0514864336713,1,1
5.552776388194097,258.97594962096355,1,1
5.557778889444722,264.77858973269383,1,1
5.562781390695347,259.4849961392446,1,1
5.567783891945973,251.86100876543395,1,1
5.572786393196598,268.3819424042552,1,1
5.577788894447224,273.33246211600203,1,1
5.582791395697849,260.6426415264425,1,1
5.587793896948474,276.5520765044053,1,1
5.592796398199099,269.53065527260645,1,1
5.5977988994497245,267.89284941559214,1,1
5.60280140070035,261.5585279904336,1,1
5.607803901950975,278.7198814538342,1,1
5.612806403201601,265.54966521026154,1,1
5.617808904452226,270.96653150253576,1,1
5.622811405702851,266.26061137919385,1,1
5.6278139069534765,287.59350371094297,1,1
5.632816408204102,275.3344873471756,1,1
5.637818909454727,279.1933169396326,1,1
5.642821410705353,285.0214024412907,1,1
5.647823911955978,274.8524820478017,1,1
5.652826413206603,284.51487857566894,1,1
5.6578289144572285,282.0183445865387,1,1
5.662831415707854,296.9262128128961,1,1
5.667833916958479,281.36144636950314,1,1
5.672836418209104,290.98703819391574,1,1
5.67783891945973,294.72448041357393,1,1
5.682841420710355,300.67628876292105,1,1
5.68784392196098,289.96082700682484,1,1
5.692846423211606,288.6791187791396,1,1
5.697848924462231,293.16059090516035,1,1
5.702851425712856,288.12663010256585,1,1
5.707853926963481,310.1199275868578,1,1
5.712856428214107,308.457464429606,1,1
5.717858929464732,297.7383687465674,1,1
5.722861430715358,305.22834541111246,1,1
5.727863931965983,319.5542415460669,1,1
5.732866433216608,305.54017419143173,1,1
5.737868934467233,312.84183970191276,1,1
5.742871435717859,323.43054972204163,1,1
5.747873936968484,320.68153894786377,1,1
5.7528764382191095,316.92692261880427,1,1
5.757878939469735,328.1872359981459,1,1
5.76288144072036,318.0038702012859,1,1
5.767883941970985,316.50096446420895,1,1
5.77288644322161,320.084643685183,1,1
5.777888944472236,335.506104069906,1,1
5.7828914457228615,313.03353834700016,1,1
5.787893946973487,334.8455270905635,1,1
5.792896448224112,327.5508086895147,1,1
5.797898949474737,336.5895663516017,1,1
5.802901450725362,327.4206629046344,1,1
5.807903951975987,334.8030808803651,1,1
5.8129064532266135,325.9605848483717,1,1
5.817908954477239,344.17928013287695,1,1
5.822911455727864,330.50992802543544,1,1
5.827913956978489,338.36510465844,1,1
5.832916458229114,346.68471793765775,1,1
5.837918959479739,343.33003951964724,1,1
5.8429214607303654,355.8096788811144,1,1
5.847923961980991,350.3985566149859,1,1
5.852926463231616,343.92549018804476,1,1
5.857928964482241,336.0840126040444,1,1
5.862931465732866,337.89433029893877,1,1
5.867933966983491,361.92558756916173,1,1
5.8729364682341165,367.12780070585774,1,1
5.877938969484743,364.7678900684791,1,1
5.882941470735368,348.5555060780139,1,1
5.887943971985993,363.50862735527664,1,1
5.892946473236618,369.76617649152143,1,1
5.897948974487243,367.8307253836454,1,1
5.9029514757378685,377.0356274099511,1,1
5.907953976988494,359.2524034012488,1,1
5.91295647823912,371.66476735252246,1,1
5.917958979489745,361.0484598714092,1,1
5.92296148074037,379.14028001976664,1,1
5.927963981990995,378.4941009242699,1,1
5.9329664832416205,381.8986514630346,1,1
5.937968984492246,384.6061137745244,1,1
5.942971485742872,394.8942076116067,1,1
5.947973986993497,368.90132891406705,1,1
5.952976488244122,387.3396333181085,1,1
5.957978989494747,398.08275101704623,1,1
5.962981490745372,393.88520878979205,1,1
5.967983991995998,379.04509575567494,1,1
5.972986493246623,407.54216128964765,1,1
5.977988994497249,391.9174086162621,1,1
5.982991495747874,398.5269858055256,1,1
5.987993996998499,386.8013141842396,1,1
5.992996498249124,410.8553497043088,1,1
5.99799899949975,389.27687582148315,1,1
6.003001500750375,413.8099665592682,1,1
6.008004002001,406.0461335584602,1,1
6.013006503251626,415.0553487127643,1,1
6.018009004502251,404.64962516117413,1,1
6.023011505752876,413.7466393287402,1,1
6.0280140070035015,399.3859041459882,1,1
6.033016508254127,400.3812631261327,1,1
6.038019009504752,432.4063749729042,1,1
6.043021510755377,424.33480974596876,1,1
6.048024012006003,439.6264558336706,1,1
6.053026513256628,419.16328883070554,1,1
6.0580290145072535,435.8155150612825,1,1
6.063031515757879,438.7247206070433,1,1
6.068034017008504,427.24676794152094,1,1
6.073036518259129,432.71429752769797,1,1
6.078039019509755,426.551731375085,1,1
6.08304152076038,436.4182452736288,1,1
6.0880440220110055,451.1259076720106,1,1
6.093046523261631,435.2354313648543,1,1
6.098049024512256,449.70752952557024,1,1
6.103051525762881,446.96366795445596,1,1
6.108054027013506,449.6216490344016,1,1
6.113056528264132,469.0557867490373,1,1
6.118059029514757,455.5316385811435,1,1
6.123061530765383,466.3852472194478,1,1
6.128064032016008,476.290288199581,1,1
6.133066533266633,462.8577652283725,1,1
6.138069034517258,481.47536681513697,1,1
6.143071535767883,482.9646959548876,1,1
6.148074037018509,473.185372104935,1,1
6.153076538269135,480.9975319136437,1,1
6.15807903951976,466.6766834393088,1,1
6.163081540770385,473.05389823621215,1,1
6.16808404202101,472.8358380705853,1,1
6.173086543271635,461.8588201121791,1,1
6.178089044522261,480.3340146416181,1,1
6.1830915457728866,484.62153218789297,1,1
6.188094047023512,490.48800808371,1,1
6.193096548274137,475.48689282994343,1,1
6.198099049524762,476.1796865348859,1,1
6.203101550775387,507.33865481456064,1,1
6.2081040520260125,516.5160366399256,1,1
6.2131065532766385,507.22365985758006,1,1
6.218109054527264,492.06247729426894,1,1
6.223111555777889,507.1482103279727,1,1
6.228114057028514,525.4143390241899,1,1
6.233116558279139,498.257578450984,1,1
6.238119059529764,520.6149867960008,1,1
6.24312156078039,505.31592767827897,1,1
6.248124062031016,529.5255343350013,1,1
6.253126563281641,520.9130574100378,1,1
6.258129064532266,518.6523640897005,1,1
6.263131565782891,535.865755577902,1,1
6.268134067033516,533.0617478652222,1,1
6.273136568284142,538.0194156903866,1,1
6.278139069534768,549.8941602655559,1,1
6.283141570785393,519.0045912222556,1,1
6.288144072036018,525.6060371686859,1,1
6.293146573286643,532.5812980299265,1,1
6.298149074537268,561.5087780772502,1,1
6.3031515757878935,550.8669801633156,1,1
6.308154077038519,558.5334206409667,1,1
6.313156578289145,551.1221331007661,1,1
6.31815907953977,534.7223646040158,1,1
6.323161580790395,548.6419468978213,1,1
6.32816408204102,569.0323318198804,1,1
6.3331665832916455,549.6091409939739,1,1
6.338169084542271,546.0248397105579,1,1
6.343171585792896,548.9774492566228,1,1
6.348174087043522,565.4514001181178,1,1
6.353176588294147,584.1183674131594,1,1
6.358179089544772,598.0717404069295,1,1
6.3631815907953975,571.7751191226675,1,1
6.368184092046023,563.8390749495854,1,1
6.373186593296648,600.4097795943106,1,1
6.378189094547274,609.0339078263532,1,1
6.383191595797899,604.0231049049462,1,1
6.388194097048524,618.0047544883566,1,1
6.393196598299149,612.3204318926354,1,1
6.398199099549775,608.2535265029532,1,1
6.4032016008004,623.7621549576288,1,1
6.408204102051025,584.4703171525696,1,1
6.413206603301651,629.4364391690992,1,1
6.418209104552276,618.5690526486355,1,1
6.423211605802901,592.0734036275386,1,1
6.428214107053527,618.2828139860801,1,1
6.433216608304152,629.9945788786732,1,1
6.438219109554777,646.8101304959748,1,1
6.443221610805402,619.1458878553838,1,1
6.448224112056028,630.2030295102833,1,1
6.453226613306653,645.1018604248372,1,1
6.4582291145572785,637.5506894468389,1,1
6.463231615807904,652.67545898639,1,1
6.468234117058529,619.628545649957,1,1
6.473236618309154,669.179293906699,1,1
6.478239119559779,651.9705197870791,1,1
6.483241620810405,663.970725347314,1,1
6.4882441220610305,670.5049369061561,1,1
6.493246623311656,638.8118983861003,1,1
6.498249124562281,667.8972711318742,1,1
6.503251625812906,685.8993447219917,1,1
6.508254127063531,650.6141255610548,1,1
6.513256628314157,695.2915483923554,1,1
6.5182591295647825,656.020847141384,1,1
6.523261630815408,696.3762436688869,1,1
6.528264132066033,687.9521442126235,1,1
6.533266633316658,691.2343514422109,1,1
6.538269134567283,697.4343549929907,1,1
6.543271635817908,705.2088734184804,1,1
6.5482741370685345,724.5542050036597,1,1
6.55327663831916,688.8498326352997,1,1
6.558279139569785,684.7371146653561,1,1
6.56328164082041,730.3027300700757,1,1
6.568284142071035,695.6428488110884,1,1
6.57328664332166,711.1267227831771,1,1
6.5782891445722855,717.4672818140814,1,1
6.583291645822912,742.4134629722367,1,1
6.588294147073537,709.8865342052646,1,1
6.593296648324162,755.2150793199878,1,1
6.598299149574787,741.8855110939638,1,1
6.603301650825412,733.934673043147,1,1
6.6083041520760375,728.4207925090961,1,1
6.613306653326664,748.8344076171933,1,1
6.618309154577289,769.8683832468162,1,1
6.623311655827914,735.9141573109112,1,1
6.628314157078539,768.7250204922492,1,1
6.633316658329164,757.1579337245381,1,1
6.6383191595797895,758.660759183621,1,1
6.643321660830415,764.8888826961631,1,1
6.648324162081041,792.6229327067608,1,1
6.653326663331666,800.3493107437145,1,1
6.658329164582291,757.3784858493,1,1
6.663331665832916,780.5660639002351,1,1
6.668334167083541,802.3582567402493,1,1
6.673336668334167,814.1771400920989,1,1
6.678339169584792,774.558533430169,1,1
6.683341670835418,775.7165478042342,1,1
6.688344172086043,834.7505166011954,1,1
6.693346673336668,784.8453515846854,1,1
6.698349174587293,843.2889357056224,1,1
6.703351675837919,824.8807477383093,1,1
6.708354177088544,821.5578865027678,1,1
6.71335667833917,806.0511731843324,1,1
6.718359179589795,859.2550072461423,1,1
6.72336168084042,803.6100463365324,1,1
6.728364182091045,806.2494269879917,1,1
6.7333666833416705,852.0574091718926,1,1
6.738369184592296,837.9370970350078,1,1
6.743371685842921,814.6685585834334,1,1
6.748374187093547,845.703888631653,1,1
6.753376688344172,867.6156542361534,1,1
6.758379189594797,891.5255355003902,1,1
6.7633816908454225,833.8671990434108,1,1
6.768384192096048,884.1950650575948,1,1
6.773386693346673,873.9170994041882,1,1
6.778389194597298,854.8429978844878,1,1
6.783391695847924,863.0798645895356,1,1
6.788394197098549,892.8273504434843,1,1
6.7933966983491745,881.847022236013,1,1
6.7983991995998,900.8422171010142,1,1
6.803401700850425,890.2107843134733,1,1
6.80840420210105,887.3374647821043,1,1
6.813406703351676,919.0062575919982,1,1
6.818409204602301,930.3657583450001,1,1
6.8234117058529264,918.0618856298545,1,1
6.828414207103552,953.3113580856793,1,1
6.833416708354177,920.8526886743028,1,1
6.838419209604802,957.2690608245754,1,1
6.843421710855427,960.0758193449074,1,1
6.848424212106053,947.7449781816318,1,1
6.853426713356678,910.5979314926656,1,1
6.858429214607304,927.6594637736031,1,1
6.863431715857929,964.1461027666725,1,1
6.868434217108554,997.1723559593735,1,1
6.873436718359179,937.7941741891138,1,1
6.878439219609804,952.123001014815,1,1
6.88344172086043,966.518874202389,1,1
6.888444222111056,954.9272850771649,1,1
6.893446723361681,995.6986031242956,1,1
6.898449224612306,991.7925502261278,1,1
6.903451725862931,1019.0899185231344,1,1
6.908454227113556,1012.9637825900686,1,1
6.9134567283641815,998.2445014389871,1,1
6.9184592296148075,975.8748281223193,1,1
6.923461730865433,1012.8168351261372,1,1
6.928464232116058,1047.692232323267,1,1
6.933466733366683,1004.5138274615538,1,1
6.938469234617308,1000.3641805894057,1,1
6.943471735867933,1065.712712399723,1,1
6.9484742371185595,1013.0739549983098,1,1
6.953476738369185,1088.4198622745048,1,1
6.95847923961981,1042.6990384677597,1,1
6.963481740870435,1025.9902760636376,1,1
6.96848424212106,1058.4051953822961,1,1
6.973486743371685,1107.9700376780042,1,1
6.978489244622311,1077.7670980291202,1,1
6.983491745872937,1065.7112804331286,1,1
6.988494247123562,1073.8624069284347,1,1
6.993496748374187,1120.396695864195,1,1
6.998499249624812,1092.7375845421761,1,1
7.003501750875437,1121.2335151597588,1,1
7.0085042521260625,1146.802993226107,1,1
7.013506753376688,1136.5092878884595,1,1
7.018509254627314,1143.6270104774883,1,1
7.023511755877939,1125.0034978222493,1,1
7.028514257128564,1113.3033922762504,1,1
7.033516758379189,1113.1889253475288,1,1
7.0385192596298145,1142.6761478139363,1,1
7.04352176088044,1124.0940474108754,1,1
7.048524262131066,1117.5023191340083,1,1
7.053526763381691,1121.6412144549997,1,1
7.058529264632316,1177.7271349400476,1,1
7.063531765882941,1156.3685716273903,1,1
7.0685342671335665,1158.942050850634,1,1
7.073536768384192,1143.147875877382,1,1
7.078539269634817,1213.7032911651288,1,1
7.083541770885443,1184.2884785366605,1,1
7.088544272136068,1213.795449049443,1,1
7.093546773386693,1183.237430539954,1,1
7.098549274637318,1254.2711621939607,1,1
7.103551775887944,1218.1863222344587,1,1
7.108554277138569,1196.0769137267541,1,1
7.113556778389194,1194.2524014691749,1,1
7.11855927963982,1281.050868446217,1,1
7.123561780890445,1287.625103582535,1,1
7.12856428214107,1264.2422196034483,1,1
7.133566783391696,1280.2049776724293,1,1
7.138569284642321,1271.8864681032192,1,1
7.143571785892946,1242.4078707283736,1,1
7.148574287143572,1322.4680645339913,1,1
7.153576788394197,1299.3899119752223,1,1
7.158579289644822,1238.2633378795701,1,1
7.1635817908954476,1336.5683151225767,1,1
7.168584292146073,1319.8145098208447,1,1
7.173586793396698,1353.521982141776,1,1
7.178589294647323,1258.858577089951,1,1
7.183591795897949,1309.5591278972256,1,1
7.188594297148574,1317.4378758698388,1,1
7.1935967983991995,1350.2219416745486,1,1
7.198599299649825,1379.1917252092992,1,1
7.20360180090045,1373.0822452746713,1,1
7.208604302151075,1328.991171900065,1,1
7.2136068034017,1383.4265643836434,1,1
7.218609304652326,1327.0029114801575,1,1
7.2236118059029515,1396.6538510773182,1,1
7.228614307153577,1365.0476796481137,1,1
7.233616808404202,1358.5897440320778,1,1
7.238619309654827,1372.9430267249306,1,1
7.243621810905452,1423.4221298571445,1,1
7.248624312156078,1414.632252345244,1,1
7.2536268134067035,1430.141634082962,1,1
7.258629314657329,1473.2719392977274,1,1
7.263631815907954,1410.3759266189895,1,1
7.268634317158579,1411.605989230898,1,1
7.273636818409204,1430.057776233471,1,1
7.278639319659829,1395.7492477085955,1,1
7.283641820910455,1444.6084157783846,1,1
7.288644322161081,1507.8912398376367,1,1
7.293646823411706,1417.6864284159958,1,1
7.298649324662331,1530.1306713188942,1,1
7.303651825912956,1502.4368174272797,1,1
7.308654327163581,1470.0464222937812,1,1
7.3136568284142065,1498.677982043564,1,1
7.318659329664833,1474.6338246729617,1,1
7.323661830915458,1521.8098644036752,1,1
7.328664332166083,1469.2659935621045,1,1
7.333666833416708,1527.306278580528,1,1
7.338669334667333,1598.4665083901482,1,1
7.3436718359179585,1553.025280433606,1,1
7.348674337168584,1512.2363634095832,1,1
7.35367683841921,1506.5502484719264,1,1
7.358679339669835,1589.4168745726856,1,1
7.36368184092046,1521.4455199243528,1,1
7.368684342171085,1555.3424746397882,1,1
7.37368684342171,1556.6441834695652,1,1
7.378689344672336,1630.2439231214116,1,1
7.383691845922962,1631.1197476928983,1,1
7.388694347173587,1606.2392477373164,1,1
7.393696848424212,1657.9251737531213,1,1
7.398699349674837,1599.6663949766535,1,1
7.403701850925462,1682.4560785254473,1,1
7.408704352176088,1606.797353299503,1,1
7.413706853426713,1690.2309284318892,1,1
7.418709354677339,1692.9796647688306,1,1
7.423711855927964,1739.523072472818,1,1
7.428714357178589,1646.870662461548,1,1
7.433716858429214,1697.4117629172201,1,1
7.4387193596798395,1638.6226326822082,1,1
7.443721860930465,1768.4427497122504,1,1
7.44872436218109,1676.4115724593394,1,1
7.453726863431716,1785.1234411597936,1,1
7.458729364682341,1788.6579733034293,1,1
7.463731865932966,1726.1846152818118,1,1
7.4687343671835915,1751.9263260377902,1,1
7.473736868434217,1740.744402266185,1,1
7.478739369684842,1793.7360904793,1,1
7.483741870935468,1806.3000537711666,1,1
7.488744372186093,1798.8565860350427,1,1
7.493746873436718,1762.5500177363099,1,1
7.4987493746873435,1812.9356360281774,1,1
7.503751875937969,1862.3611908128971,1,1
7.508754377188594,1866.5599367487694,1,1
7.513756878439219,1806.0507241553507,1,1
7.518759379689845,1830.3894078390294,1,1
7.52376188094047,1902.0658068631249,1,1
7.5287643821910955,1903.1028034257258,1,1
7.533766883441721,1891.3634112285445,1,1
7.538769384692346,1899.5270702704922,1,1
7.543771885942971,1879.7092632112065,1,1
7.548774387193596,1940.9712265727953,1,1
7.553776888444222,1964.0552586287479,1,1
7.558779389694847,1866.7668493472931,1,1
7.563781890945473,1954.2923058050096,1,1
7.568784392196098,1968.1777694861908,1,1
7.573786893446723,2017.2153767309233,1,1
7.578789394697348,2021.3337267049255,1,1
7.583791895947974,1936.4128027044808,1,1
7.588794397198599,2001.066780101297,1,1
7.593796898449225,1964.9558815434789,1,1
7.59879939969985,2050.9161120253584,1,1
7.603801900950475,1929.1112975306955,1,1
7.6088044022011,2064.8603267857998,1,1
7.613806903451725,1975.9606468423494,1,1
7.618809404702351,2044.5299667894542,1,1
7.6238119059529765,1993.1957048407648,1,1
7.628814407203602,2097.344039639236,1,1
7.633816908454227,2035.419405760608,1,1
7.638819409704852,2040.4799150572253,1,1
7.643821910955477,2105.229082863386,1,1
7.648824412206102,2128.062444424672,1,1
7.6538269134567285,2042.7789974525472,1,1
7.658829414707354,2091.528576308255,1,1
7.663831915957979,2094.980358801513,1,1
7.668834417208604,2195.226278266772,1,1
7.673836918459229,2202.602152411749,1,1
7.678839419709854,2213.1283102737652,1,1
7.6838419209604805,2242.843856248188,1,1
7.688844422211106,2126.655665934261,1,1
7.693846923461731,2149.0580301962123,1,1
7.698849424712356,2160.1099113404825,1,1
7.703851925962981,2243.600249709751,1,1
7.708854427213606,2309.0357856038636,1,1
7.7138569284642315,2169.653130466821,1,1
7.718859429714858,2234.2690517399074,1,1
7.723861930965483,2277.571201021632,1,1
7.728864432216108,2279.3953954727226,1,1
7.733866933466733,2304.8113026439437,1,1
7.738869434717358,2378.0183988647314,1,1
7.7438719359679835,2253.539283392684,1,1
7.748874437218609,2382.3390202783717,1,1
7.753876938469235,2280.8691138293425,1,1
7.75887943971986,2381.7384838943144,1,1
7.763881940970485,2368.8816259536884,1,1
7.76888444222111,2457.7926106210534,1,1
7.7738869434717355,2429.3084380819455,1,1
7.778889444722361,2416.270037289498,1,1
7.783891945972986,2469.235275817684,1,1
7.788894447223612,2346.8737978672953,1,1
7.793896948474237,2492.2647251733392,1,1
7.798899449724862,2435.494341654526,1,1
7.8039019509754874,2373.526945756337,1,1
7.808904452226113,2468.897674429564,1,1
7.813906953476738,2411.122355764881,1,1
7.818909454727364,2434.4673858824694,1,1
7.823911955977989,2583.3939447750786,1,1
7.828914457228614,2420.2907677809785,1,1
7.833916958479239,2459.684379084247,1,1
7.838919459729865,2439.135676545721,1,1
7.84392196098049,2631.328363554407,1,1
7.848924462231115,2465.531546364869,1,1
7.853926963481741,2523.3982929997187,1,1
7.858929464732366,2682.29370002741,1,1
7.863931965982991,2613.122557818193,1,1
7.868934467233617,2697.4818999176523,1,1
7.873936968484242,2670.314948459029,1,1
7.878939469734867,2656.448366521453,1,1
7.883941970985492,2720.899987824091,1,1
7.888944472236118,2757.046598243047,1,1
7.893946973486743,2771.3655774568374,1,1
7.8989494747373685,2784.635252767893,1,1
7.903951975987994,2724.213985392004,1,1
7.908954477238619,2792.4397660176937,1,1
7.913956978489244,2668.678342061626,1,1
7.91895947973987,2830.6833412097194,1,1
7.923961980990495,2784.035794735686,1,1
7.9289644822411205,2839.316437426565,1,1
7.933966983491746,2699.4644273835283,1,1
7.938969484742371,2705.7279084495526,1,1
7.943971985992996,2753.462916041631,1,1
7.948974487243621,2914.6092013672715,1,1
7.953976988494247,2849.553071213241,1,1
7.9589794897448725,2773.712953906766,1,1
7.963981990995498,2806.7492751365903,1,1
7.968984492246123,2799.099638818228,1,1
7.973986993496748,2909.977985465391,1,1
7.978989494747373,2872.648066660071,1,1
7.983991995997998,2843.074842909458,1,1
7.988994497248624,3007.1015385287233,1,1
7.99399699849925,2967.7094757584705,1,1
7.998999499749875,3003.944511510294,1,1
8.0040020010005,3019.3713668327837,1,1
8.009004502251125,2890.915615383132,1,1
8.014007003501751,3079.820520785092,1,1
8.019009504752376,2971.0015129366493,1,1
8.024012006003002,3084.90437571521,1,1
8.029014507253626,3154.5721409876983,1,1
8.034017008504252,3093.962989475872,1,1
8.039019509754878,3081.6846528503766,1,1
8.044022011005502,3058.483450098924,1,1
8.049024512256128,3014.91727130519,1,1
8.054027013506753,3138.2545458081936,1,1
8.059029514757379,3234.3027552462663,1,1
8.064032016008003,3304.431335755461,1,1
8.069034517258629,3108.8030267077775,1,1
8.074037018509255,3137.335380695839,1,1
8.07903951975988,3159.9319894956566,1,1
8.084042021010506,3145.122910540554,1,1
8.08904452226113,3190.6792561581374,1,1
8.094047023511756,3231.7134128998528,1,1
8.09904952476238,3184.562997812286,1,1
8.104052026013006,3244.056370713975,1,1
8.109054527263632,3396.6476962225306,1,1
8.114057028514257,3355.543808865354,1,1
8.119059529764883,3382.519542295173,1,1
8.124062031015507,3314.6589572293574,1,1
8.129064532266133,3339.6693726708986,1,1
8.134067033516757,3484.3238587881356,1,1
8.139069534767383,3544.894617313104,1,1
8.14407203601801,3353.479941051512,1,1
8.149074537268634,3429.072314136849,1,1
8.15407703851926,3571.552046750115,1,1
8.159079539769884,3422.892746087266,1,1
8.16408204102051,3420.5655599368015,1,1
8.169084542271134,3587.6441481587963,1,1
8.17408704352176,3655.4628363801307,1,1
8.179089544772387,3627.7143800721415,1,1
8.18409204602301,3557.2900479151835,1,1
8.189094547273637,3731.129711413825,1,1
8.194097048524261,3579.0085110236555,1,1
8.199099549774887,3604.2865820453408,1,1
8.204102051025513,3534.613973837912,1,1
8.209104552276138,3581.2509447107172,1,1
8.214107053526764,3559.981404214284,1,1
8.219109554777388,3668.8329217142896,1,1
8.224112056028014,3686.1316067083653,1,1
8.229114557278638,3730.2867349827643,1,1
8.234117058529264,3702.0113417810517,1,1
8.23911955977989,3853.455267609951,1,1
8.244122061030515,3660.769131355267,1,1
8.24912456228114,3875.1656467709226,1,1
8.254127063531765,3717.702637920215,1,1
8.259129564782391,3990.7484793177505,1,1
8.264132066033016,3845.956206282253,1,1
8.269134567283642,3864.601945379598,1,1
8.274137068534268,3882.9524634790923,1,1
8.279139569784892,4089.4567411768476,1,1
8.284142071035518,3913.8881891220517,1,1
8.289144572286142,3841.527817132521,1,1
8.294147073536768,3964.408093948369,1,1
8.299149574787393,3867.332288396498,1,1
8.304152076038019,3896.96455421355,1,1
8.309154577288645,4113.350475710545,1,1
8.314157078539269,3999.5855903788683,1,1
8.319159579789895,3950.483709659752,1,1
8.32416208104052,4118.238972037504,1,1
8.329164582291146,4205.91281036993,1,1
8.33416708354177,4063.9965075064856,1,1
8.339169584792396,4325.321252006589,1,1
8.344172086043022,4212.671911888387,1,1
8.349174587293646,4091.835894661893,1,1
8.354177088544272,4223.650880040736,1,1
8.359179589794897,4312.000167862416,1,1
8.364182091045523,4144.508096134404,1,1
8.369184592296147,4346.622517771031,1,1
8.374187093546773,4443.8522812564515,1,1
8.379189594797399,4266.313554116116,1,1
8.384192096048023,4205.115465404186,1,1
8.38919459729865,4240.081215195785,1,1
8.394197098549274,4526.783156450385,1,1
8.3991995997999,4326.522547146305,1,1
8.404202101050526,4340.807058333221,1,1
8.40920460230115,4486.672349237102,1,1
8.414207103551776,4501.610324895568,1,1
8.4192096048024,4707.720725977933,1,1
8.424212106053027,4507.772852566111,1,1
8.429214607303651,4616.650007636234,1,1
8.434217108554277,4558.332299912697,1,1
8.439219609804903,4476.571899703777,1,1
8.444222111055527,4632.977067922723,1,1
8.449224612306153,4523.232200477961,1,1
8.454227113556778,4843.31758879217,1,1
8.459229614807404,4685.0761034217,1,1
8.464232116058028,4768.317013017108,1,1
8.469234617308654,4859.7856750073115,1,1
8.47423711855928,4855.978123943488,1,1
8.479239619809904,4956.399526454254,1,1
8.48424212106053,4781.932611901843,1,1
8.489244622311155,4885.623418447651,1,1
8.494247123561781,4748.9531604537315,1,1
8.499249624812405,4774.419643485438,1,1
8.504252126063031,4983.727456293812,1,1
8.509254627313657,5132.609033485921,1,1
8.514257128564282,5180.973046038936,1,1
8.519259629814908,4946.9098439081645,1,1
8.524262131065532,4888.127106046323,1,1
8.529264632316158,4909.281907148338,1,1
8.534267133566782,5079.363842464356,1,1
8.539269634817408,5243.7566027712855,1,1
8.544272136068034,5216.120856006083,1,1
8.549274637318659,5157.020452205008,1,1
8.554277138569285,5079.373886411764,1,1
8.55927963981991,5370.11352838768,1,1
8.564282141070535,5072.449920989314,1,1
8.56928464232116,5327.798800301591,1,1
8.574287143571786,5416.74708442377,1,1
8.579289644822412,5285.201900489815,1,1
8.584292146073036,5281.763108739307,1,1
8.589294647323662,5328.266979423168,1,1
8.594297148574286,5188.425527303453,1,1
8.599299649824912,5503.446869735752,1,1
8.604302151075537,5510.506226136322,1,1
8.609304652326163,5697.39129324808,1,1
8.614307153576789,5695.7083118407245,1,1
8.619309654827413,5672.050752479439,1,1
8.62431215607804,5584.278828019513,1,1
8.629314657328663,5778.2444788836,1,1
8.63431715857929,5518.889402828223,1,1
8.639319659829916,5517.06714604526,1,1
8.64432216108054,5828.729462332856,1,1
8.649324662331166,5735.787535413319,1,1
8.65432716358179,5961.695170791611,1,1
8.659329664832416,5625.871787019068,1,1
8.66433216608304,5668.674392286482,1,1
8.669334667333667,6006.497787571666,1,1
8.674337168584293,5933.569086619397,1,1
8.679339669834917,5978.971100251071,1,1
8.684342171085543,5743.821242278964,1,1
8.689344672336167,6005.810074804798,1,1
8.694347173586793,6155.602076023778,1,1
8.699349674837418,5989.072114459207,1,1
8.704352176088044,6216.830981352275,1,1
8.70935467733867,6171.712908333649,1,1
8.714357178589294,6271.965494338843,1,1
8.71935967983992,6082.131098389482,1,1
8.724362181090545,6250.2052067777695,1,1
8.72936468234117,5958.343349263349,1,1
8.734367183591795,6029.649306620249,1,1
8.739369684842421,6396.839727266878,1,1
8.744372186093047,6084.940926863099,1,1
8.749374687343671,6400.525469751127,1,1
8.754377188594297,6490.511484177466,1,1
8.759379689844922,6384.583367864564,1,1
8.764382191095548,6278.988346079085,1,1
8.769384692346172,6210.234288029306,1,1
8.774387193596798,6517.477308049351,1,1
8.779389694847424,6719.527650271704,1,1
8.784392196098048,6417.096664361195,1,1
8.789394697348675,6823.11421987866,1,1
8.794397198599299,6616.303915815637,1,1
8.799399699849925,6633.274639464028,1,1
8.80440220110055,6916.205223886895,1,1
8.809404702351175,6482.055485527987,1,1
8.814407203601801,6848.874207570461,1,1
8.819409704852426,6701.728804497825,1,1
8.824412206103052,6982.813225428938,1,1
8.829414707353676,7051.713525222418,1,1
8.834417208604302,6713.444506246342,1,1
8.839419709854928,6977.046905197515,1,1
8.844422211105552,6707.441264126229,1,1
8.849424712356178,6960.8817028218855,1,1
8.854427213606803,6815.076944834831,1,1
8.859429714857429,6788.1529551261965,1,1
8.864432216108053,6962.446907126576,1,1
8.86943471735868,6942.761038128693,1,1
8.874437218609305,7148.173626264274,1,1
8.87943971985993,7173.50295530634,1,1
8.884442221110556,7076.868704447152,1,1
8.88944472236118,7049.480818724778,1,1
8.894447223611806,7046.059045064331,1,1
8.89944972486243,7611.088419001221,1,1
8.904452226113056,7458.813917159058,1,1
8.909454727363682,7121.52959728701,1,1
8.914457228614307,7626.945288948251,1,1
8.919459729864933,7711.142829781095,1,1
8.924462231115557,7614.239750472539,1,1
8.929464732366183,7296.478591678688,1,1
8.934467233616807,7630.644262277058,1,1
8.939469734867433,7897.180860475869,1,1
8.94447223611806,7632.311427740423,1,1
8.949474737368684,7668.14178943609,1,1
8.95447723861931,7491.5138106912755,1,1
8.959479739869934,7648.840814156934,1,1
8.96448224112056,7679.015554932493,1,1
8.969484742371185,7828.019674575294,1,1
8.97448724362181,8146.237199972274,1,1
8.979489744872437,8079.778022165056,1,1
8.984492246123061,8094.729078359829,1,1
8.989494747373687,7901.883878997607,1,1
8.994497248624311,7980.680742045029,1,1
8.999499749874937,7844.533261181437,1,1
9.004502251125562,7836.387366725752,1,1
9.009504752376188,8219.70450392062,1,1
9.014507253626814,8286.652298437268,1,1
9.019509754877438,8304.821105308954,1,1
9.024512256128064,8428.615481082681,1,1
9.029514757378688,8283.389670106273,1,1
9.034517258629315,8661.373666752808,1,1
9.039519759879939,8479.19852213033,1,1
9.044522261130565,8286.38698445054,1,1
9.049524762381191,8348.756886299454,1,1
9.054527263631815,8360.566170474583,1,1
9.059529764882441,8598.119356290657,1,1
9.064532266133066,8822.86494909068,1,1
9.069534767383692,8378.442456146924,1,1
9.074537268634318,8790.223042884007,1,1
9.079539769884942,8769.799471625114,1,1
9.084542271135568,8665.4344244257,1,1
9.089544772386192,8523.417981065533,1,1
9.094547273636818,8669.332610670917,1,1
9.099549774887443,9223.544501166838,1,1
9.104552276138069,8826.520411291503,1,1
9.109554777388695,9058.382834914853,1,1
9.11455727863932,9433.933561434349,1,1
9.119559779889945,9011.623810493886,1,1
9.12456228114057,8840.863547355943,1,1
9.129564782391196,8912.827852832925,1,1
9.13456728364182,9095.97356719935,1,1
9.139569784892446,9155.657796739386,1,1
9.144572286143072,9589.84073135826,1,1
9.149574787393696,9380.171218761723,1,1
9.154577288644322,9089.03367681161,1,1
9.159579789894947,9362.033138292098,1,1
9.164582291145573,9528.66077397646,1,1
9.169584792396197,9575.537386288006,1,1
9.174587293646823,9693.574453511095,1,1
9.17958979489745,9595.46241726634,1,1
9.184592296148073,9896.35733861315,1,1
9.1895947973987,10053.89746997202,1,1
9.194597298649324,9799.81475661734,1,1
9.19959979989995,9545.837234876735,1,1
9.204602301150574,9885.435974429853,1,1
9.2096048024012,10275.634450220168,1,1
9.214607303651826,9885.52310758634,1,1
9.21960980490245,10216.968802730178,1,1
9.224612306153077,10065.05514341058,1,1
9.229614807403701,10474.456170267178,1,1
9.234617308654327,9986.760911096802,1,1
9.239619809904951,9992.719391390445,1,1
9.244622311155577,10577.88849137748,1,1
9.249624812406203,10622.64163736491,1,1
9.254627313656828,10079.448311678154,1,1
9.259629814907454,10760.36330052945,1,1
9.264632316158078,10196.537547714272,1,1
9.269634817408704,10393.930376978195,1,1
9.27463731865933,10425.648054783318,1,1
9.279639819909955,10313.26002614261,1,1
9.28464232116058,10941.322133950862,1,1
9.289644822411205,10644.276260460805,1,1
9.294647323661831,11238.628486545327,1,1
9.299649824912455,11209.87638874761,1,1
9.304652326163081,11089.032602211226,1,1
9.309654827413707,11209.75595123681,1,1
9.314657328664332,11042.410421672083,1,1
9.319659829914958,11382.665778079292,1,1
9.324662331165582,11008.994658177553,1,1
9.329664832416208,11220.261246232378,1,1
9.334667333666832,11656.80047750415,1,1
9.339669834917459,11376.713266958066,1,1
9.344672336168085,11125.67548894491,1,1
9.349674837418709,11772.891551664234,1,1
9.354677338669335,11947.70392921874,1,1
9.35967983991996,11438.758222374408,1,1
9.364682341170585,11918.536816498246,1,1
9.36968484242121,11430.182241815983,1,1
9.374687343671836,12070.85270666469,1,1
9.379689844922462,11379.521042521827,1,1
9.384692346173086,12130.905442269268,1,1
9.389694847423712,11838.864923794012,1,1
9.394697348674336,12106.699164312507,1,1
9.399699849924962,12520.270751186674,1,1
9.404702351175587,12166.99501696599,1,1
9.409704852426213,12290.463396810297,1,1
9.414707353676839,12692.183591429655,1,1
9.419709854927463,12598.20751224551,1,1
9.42471235617809,11965.397808742482,1,1
9.429714857428714,12364.36219546653,1,1
9.43471735867934,12077.398607050673,1,1
9.439719859929964,12341.53374635277,1,1
9.44472236118059,12648.950753125459,1,1
9.449724862431216,12255.72431573556,1,1
9.45472736368184,12644.471546223207,1,1
9.459729864932466,12593.559899055106,1,1
9.46473236618309,12888.046836868474,1,1
9.469734867433717,12576.727750076428,1,1
9.474737368684341,12793.268397601241,1,1
9.479739869934967,12915.356618016871,1,1
9.484742371185593,12861.92770295842,1,1
9.489744872436217,13732.727854968389,1,1
9.494747373686844,13144.25196224136,1,1
9.499749874937468,12830.704113823758,1,1
9.504752376188094,13224.569580924455,1,1
9.50975487743872,13247.476632804559,1,1
9.514757378689344,13360.082345363013,1,1
9.51975987993997,13641.832129710316,1,1
9.524762381190595,13518.262935891242,1,1
9.52976488244122,14177.659302863785,1,1
9.534767383691845,14038.360652159872,1,1
9.539769884942471,14089.736469191197,1,1
9.544772386193097,14211.795096109174,1,1
9.549774887443721,13827.483941768158,1,1
9.554777388694347,13582.668585599373,1,1
9.559779889944972,14315.62492487892,1,1
9.564782391195598,14199.463287301465,1,1
9.569784892446222,14075.161561379713,1,1
9.574787393696848,14372.611985862646,1,1
9.579789894947474,14731.714599378349,1,1
9.584792396198099,14904.8991363215,1,1
9.589794897448725,14034.667280306461,1,1
9.594797398699349,15111.729686525841,1,1
9.599799899949975,14723.867157067485,1,1
9.6048024012006,15044.91865140762,1,1
9.609804902451225,15190.197843146478,1,1
9.614807403701851,14791.828208772238,1,1
9.619809904952476,14567.918365268815,1,1
9.624812406203102,15608.278488865566,1,1
9.629814907453726,15342.368849107468,1,1
9.634817408704352,15343.132994544276,1,1
9.639819909954976,15363.515370251727,1,1
9.644822411205602,14910.127313016796,1,1
9.649824912456229,15466.338680008814,1,1
9.654827413706853,16194.148168768172,1,1
9.659829914957479,15990.112048492381,1,1
9.664832416208103,15857.918853767345,1,1
9.66983491745873,15699.632102230362,1,1
9.674837418709354,15548.603085641442,1,1
9.67983991995998,16395.83962916523,1,1
9.684842421210606,15431.148387727591,1,1
9.68984492246123,15764.024757832925,1,1
9.694847423711856,16752.33563760055,1,1
9.69984992496248,16921.68785734261,1,1
9.704852426213106,16362.106458738064,1,1
9.709854927463732,16186.88497322668,1,1
9.714857428714357,16834.102628364646,1,1
9.719859929964983,17188.074850579887,1,1
9.724862431215607,16889.948024615616,1,1
9.729864932466233,16832.04148624389,1,1
9.734867433716857,16343.141076148817,1,1
9.739869934967484,17056.976905347696,1,1
9.74487243621811,17709.32473845707,1,1
9.749874937468734,16501.612899720883,1,1
9.75487743871936,16704.138548230057,1,1
9.759879939969984,17143.18097922724,1,1
9.76488244122061,17932.103509500786,1,1
9.769884942471235,18123.06824668001,1,1
9.77488744372186,18002.56294625852,1,1
9.779889944972487,17558.22323716584,1,1
9.784892446223111,17060.853910909886,1,1
9.789894947473737,18545.71808360188,1,1
9.794897448724361,17506.315130483657,1,1
9.799899949974987,17871.468866146668,1,1
9.804902451225612,18570.219309874014,1,1
9.809904952476238,17999.64034656311,1,1
9.814907453726864,18209.753247329107,1,1
9.819909954977488,18420.94564556852,1,1
9.824912456228114,17763.426508638546,1,1
9.829914957478739,18928.321036170477,1,1
9.834917458729365,19010.30522549555,1,1
9.839919959979989,18191.61330013464,1,1
9.844922461230615,18849.00058695505,1,1
9.849924962481241,19607.024449281802,1,1
9.854927463731865,18663.719290116464,1,1
9.859929964982491,19426.27738715143,1,1
9.864932466233116,19890.306299546264,1,1
9.869934967483742,18945.016571992313,1,1
9.874937468734366,19701.604921369624,1,1
9.879939969984992,19458.377487633818,1,1
9.884942471235618,18962.236226333996,1,1
9.889944972486242,19075.256278216057,1,1
9.894947473736869,19547.416171695375,1,1
9.899949974987493,19492.362331059645,1,1
9.904952476238119,20013.95323782037,1,1
9.909954977488743,20145.044438385758,1,1
9.91495747873937,20249.310253095024,1,1
9.919959979989995,20408.47954870216,1,1
9.92496248124062,19971.185659596587,1,1
9.929964982491246,20186.917956591256,1,1
9.93496748374187,20968.08583352207,1,1
9.939969984992496,20914.9262232873,1,1
9.944972486243122,20417.296148621004,1,1
9.949974987493746,21634.142624240743,1,1
9.954977488744372,20365.43031830556,1,1
9.959979989994997,21954.404482044938,1,1
9.964982491245623,21861.63326400079,1,1
9.969984992496247,21289.07871318128,1,1
9.974987493746873,22267.50150209503,1,1
9.9799899949975,20749.06078540443,1,1
9.984992496248124,20862.724383643515,1,1
9.98999499749875,21304.34967449678,1,1
9.994997498749374,22094.358931966515,1,1
10.0,22856.32770014347,1,1
