x,Gaussian Value,mean,stddev
0.0,1.029621311332874,0,1
0.0050025012506253125,0.9869848774632646,0,1
0.010005002501250625,0.9735345311651511,0,1
0.015007503751875938,1.0004932096192312,0,1
0.02001000500250125,1.0256387730749965,0,1
0.02501250625312656,1.0182210524070012,0,1
0.030015007503751877,1.0339461946697772,0,1
0.03501750875437719,0.9773361348923132,0,1
0.0400200100050025,0.966696674630705,0,1
0.04502251125562781,1.0117684487137975,0,1
0.05002501250625312,1.0059863823674715,0,1
0.055027513756878435,0.9913055181807552,0,1
0.060030015007503754,0.9713489887904073,0,1
0.06503251625812906,0.9985518524556568,0,1
0.07003501750875438,0.975145527778567,0,1
0.07503751875937968,1.0307482570723596,0,1
0.080040020010005,1.0085319103323294,0,1
0.08504252126063032,0.9693892498675755,0,1
0.09004502251125562,0.9705868792660823,0,1
0.09504752376188094,1.0230969644808656,0,1
0.10005002501250625,0.9604147691682853,0,1
0.10505252626313157,0.9557352908698507,0,1
0.11005502751375687,1.032973407910111,0,1
0.11505752876438219,0.9676366601991354,0,1
0.12006003001500751,0.9715651649338551,0,1
0.12506253126563283,0.9839855755574166,0,1
0.13006503251625812,1.013307438326282,0,1
0.13506753376688344,1.0099963194585135,0,1
0.14007003501750875,0.9834860982885149,0,1
0.14507253626813407,0.9615368418697587,0,1
0.15007503751875936,0.974093081672248,0,1
0.15507753876938468,0.9493892419678728,0,1
0.16008004002001,1.015196189389111,0,1
0.16508254127063532,0.9517148443279985,0,1
0.17008504252126064,1.0195850804955524,0,1
0.17508754377188593,0.9497297726892311,0,1
0.18009004502251125,1.0212105786936605,0,1
0.18509254627313657,0.949998399097588,0,1
0.19009504752376188,0.9733903204505163,0,1
0.19509754877438718,0.9738799784839309,0,1
0.2001000500250125,0.9639588739389421,0,1
0.2051025512756378,1.0013383309307773,0,1
0.21010505252626313,0.9761562600300443,0,1
0.21510755377688845,0.993503067075617,0,1
0.22011005502751374,0.9880068635028499,0,1
0.22511255627813906,0.9842160052515199,0,1
0.23011505752876438,0.9804234183525883,0,1
0.2351175587793897,0.944278307592888,0,1
0.24012006003001501,0.9833913182807613,0,1
0.2451225612806403,0.9799456952422884,0,1
0.25012506253126565,0.9719202520405035,0,1
0.25512756378189094,0.9294813620187817,0,1
0.26013006503251623,0.9503462368476818,0,1
0.2651325662831416,0.9995346958680817,0,1
0.27013506753376687,0.9276005528685076,0,1
0.27513756878439216,0.9475141794475221,0,1
0.2801400700350175,0.9900245854075,0,1
0.2851425712856428,0.9424438510292965,0,1
0.29014507253626814,0.9651876920839535,0,1
0.29514757378689344,0.9567697803141348,0,1
0.3001500750375187,0.9575038587623486,0,1
0.3051525762881441,0.9740249530765785,0,1
0.31015507753876936,0.9661859975455765,0,1
0.3151575787893947,0.9588438815690764,0,1
0.32016008004002,0.92382920619526,0,1
0.3251625812906453,0.9851724978490957,0,1
0.33016508254127064,0.9818782188602357,0,1
0.33516758379189593,0.9562317364235421,0,1
0.3401700850425213,0.9627904535212201,0,1
0.34517258629314657,0.9581393526926543,0,1
0.35017508754377186,0.929778320734602,0,1
0.3551775887943972,0.9446704698584697,0,1
0.3601800900450225,0.9104494273018098,0,1
0.36518259129564784,0.9441820514386805,0,1
0.37018509254627313,0.9426093286145865,0,1
0.3751875937968984,0.9508992107474223,0,1
0.38019009504752377,0.9218116248416783,0,1
0.38519259629814906,0.9595979484308376,0,1
0.39019509754877435,0.9015825489110555,0,1
0.3951975987993997,0.9439901919579433,0,1
0.400200100050025,0.9228723234439319,0,1
0.40520260130065033,0.9080397294575953,0,1
0.4102051025512756,0.9234439032090422,0,1
0.4152076038019009,0.9037985942395151,0,1
0.42021010505252626,0.9405676891973138,0,1
0.42521260630315155,0.8920111682253369,0,1
0.4302151075537769,0.933126508811313,0,1
0.4352176088044022,0.9023158704252009,0,1
0.4402201100550275,0.8874561664709435,0,1
0.4452226113056528,0.9062907463623538,0,1
0.4502251125562781,0.8829901476149139,0,1
0.45522761380690346,0.9229903703015341,0,1
0.46023011505752875,0.9215187350688276,0,1
0.46523261630815405,0.9299243140070168,0,1
0.4702351175587794,0.8611077887971231,0,1
0.4752376188094047,0.9199686266689636,0,1
0.48024012006003003,0.8615270008893602,0,1
0.4852426213106553,0.8623246682153004,0,1
0.4902451225612806,0.8765715652728754,0,1
0.49524762381190596,0.8751970602265814,0,1
0.5002501250625313,0.9159153455846953,0,1
0.5052526263131566,0.8672907881525462,0,1
0.5102551275637819,0.8776432246989058,0,1
0.5152576288144072,0.9032772172016471,0,1
0.5202601300650325,0.8841504302998011,0,1
0.5252626313156579,0.8730949335755562,0,1
0.5302651325662832,0.8929956160550532,0,1
0.5352676338169085,0.8472986543818956,0,1
0.5402701350675337,0.8910702980378984,0,1
0.545272636318159,0.8514684133154836,0,1
0.5502751375687843,0.8930775308479556,0,1
0.5552776388194097,0.8766664440036862,0,1
0.560280140070035,0.8317221952411195,0,1
0.5652826413206603,0.8427020952009964,0,1
0.5702851425712856,0.8228013455094529,0,1
0.5752876438219109,0.8155863646004993,0,1
0.5802901450725363,0.8473323715052592,0,1
0.5852926463231616,0.8540011821620668,0,1
0.5902951475737869,0.8511523735828127,0,1
0.5952976488244122,0.8078077528517708,0,1
0.6003001500750375,0.8575934376386795,0,1
0.6053026513256629,0.8435002614141537,0,1
0.6103051525762881,0.8140580249847843,0,1
0.6153076538269134,0.8488649622971495,0,1
0.6203101550775387,0.8018237110711793,0,1
0.625312656328164,0.8274871274118012,0,1
0.6303151575787894,0.8330962983299668,0,1
0.6353176588294147,0.8086027533283279,0,1
0.64032016008004,0.8419579169251413,0,1
0.6453226613306653,0.8249651851025067,0,1
0.6503251625812906,0.8253638721247577,0,1
0.655327663831916,0.810147450599628,0,1
0.6603301650825413,0.7795186378533958,0,1
0.6653326663331666,0.7694974031714923,0,1
0.6703351675837919,0.7840380185038931,0,1
0.6753376688344171,0.8003387830029735,0,1
0.6803401700850426,0.7700738018935563,0,1
0.6853426713356678,0.7760118324881573,0,1
0.6903451725862931,0.7600792793626643,0,1
0.6953476738369184,0.7776806259152148,0,1
0.7003501750875437,0.7756385352634164,0,1
0.7053526763381691,0.7549011353308467,0,1
0.7103551775887944,0.7810588340914767,0,1
0.7153576788394197,0.7618522907974705,0,1
0.720360180090045,0.7999895107355208,0,1
0.7253626813406703,0.7805027112263713,0,1
0.7303651825912957,0.7959594974355214,0,1
0.735367683841921,0.7518915935278668,0,1
0.7403701850925463,0.7677903967942156,0,1
0.7453726863431716,0.7314538278935534,0,1
0.7503751875937968,0.7359904704026617,0,1
0.7553776888444221,0.7237311939084161,0,1
0.7603801900950475,0.7787959795376874,0,1
0.7653826913456728,0.752364579333977,0,1
0.7703851925962981,0.7512626955211263,0,1
0.7753876938469234,0.7674805796604769,0,1
0.7803901950975487,0.7307554551848193,0,1
0.7853926963481741,0.715678327869467,0,1
0.7903951975987994,0.7410942548567451,0,1
0.7953976988494247,0.7465408034523688,0,1
0.80040020010005,0.7002589510910999,0,1
0.8054027013506753,0.7398015015668685,0,1
0.8104052026013007,0.6946072471051251,0,1
0.815407703851926,0.6971044799043631,0,1
0.8204102051025512,0.7003948738985145,0,1
0.8254127063531765,0.7087342816274002,0,1
0.8304152076038018,0.6832674779885493,0,1
0.8354177088544272,0.7305987312502776,0,1
0.8404202101050525,0.6874890831644059,0,1
0.8454227113556778,0.692326281747106,0,1
0.8504252126063031,0.695354557090807,0,1
0.8554277138569284,0.6982930104674538,0,1
0.8604302151075538,0.6638600257500594,0,1
0.8654327163581791,0.6983796635663799,0,1
0.8704352176088044,0.6831610191199793,0,1
0.8754377188594297,0.6716415696299942,0,1
0.880440220110055,0.7036536826900763,0,1
0.8854427213606804,0.6899714005608298,0,1
0.8904452226113057,0.679685420662177,0,1
0.8954477238619309,0.6695677433998649,0,1
0.9004502251125562,0.6704563391816756,0,1
0.9054527263631815,0.68608655311131,0,1
0.9104552276138069,0.6674264031013405,0,1
0.9154577288644322,0.6529736411249865,0,1
0.9204602301150575,0.6614173367104733,0,1
0.9254627313656828,0.6403040725101745,0,1
0.9304652326163081,0.6233835406831366,0,1
0.9354677338669335,0.6346878917251153,0,1
0.9404702351175588,0.6640805549328809,0,1
0.9454727363681841,0.6211663207026069,0,1
0.9504752376188094,0.6410871526293223,0,1
0.9554777388694347,0.6396184461147837,0,1
0.9604802401200601,0.616502520445763,0,1
0.9654827413706853,0.6284284866825733,0,1
0.9704852426213106,0.6265792247088602,0,1
0.9754877438719359,0.6416468824529523,0,1
0.9804902451225612,0.6263871810552184,0,1
0.9854927463731865,0.6043965306921226,0,1
0.9904952476238119,0.6298208784220172,0,1
0.9954977488744372,0.6027878467788479,0,1
1.0005002501250626,0.6236500447380484,0,1
1.0055027513756878,0.5798838237464287,0,1
1.0105052526263132,0.5998571860247967,0,1
1.0155077538769384,0.5970055850482946,0,1
1.0205102551275638,0.5978707547286582,0,1
1.0255127563781892,0.5795674914510359,0,1
1.0305152576288144,0.5684596075502093,0,1
1.0355177588794398,0.5908162465258994,0,1
1.040520260130065,0.560390311464893,0,1
1.0455227613806903,0.5786646015864602,0,1
1.0505252626313157,0.5788926127020219,0,1
1.055527763881941,0.5876904230419183,0,1
1.0605302651325663,0.5710082144643795,0,1
1.0655327663831915,0.5663013041260189,0,1
1.070535267633817,0.5657121905415464,0,1
1.075537768884442,0.5756147787613483,0,1
1.0805402701350675,0.5511025729942326,0,1
1.0855427713856929,0.5378026449745841,0,1
1.090545272636318,0.5483501528278523,0,1
1.0955477738869435,0.5653625896225725,0,1
1.1005502751375686,0.5539472597733329,0,1
1.105552776388194,0.5393358445751035,0,1
1.1105552776388194,0.5460906426095944,0,1
1.1155577788894446,0.5560015256328195,0,1
1.12056028014007,0.5533595277338622,0,1
1.1255627813906952,0.5188301242134649,0,1
1.1305652826413206,0.5232164067606453,0,1
1.135567783891946,0.5063877845512144,0,1
1.1405702851425712,0.5235766299055923,0,1
1.1455727863931966,0.5092531823554048,0,1
1.1505752876438218,0.4978738213099701,0,1
1.1555777888944472,0.5190983082972321,0,1
1.1605802901450726,0.5173566267718787,0,1
1.1655827913956978,0.5210157292268427,0,1
1.1705852926463232,0.5056994251710389,0,1
1.1755877938969483,0.5147569861325749,0,1
1.1805902951475737,0.5177561677472092,0,1
1.1855927963981991,0.48626492671196825,0,1
1.1905952976488243,0.484591561408017,0,1
1.1955977988994497,0.4826181226154756,0,1
1.200600300150075,0.47982315616833027,0,1
1.2056028014007003,0.47164085023794017,0,1
1.2106053026513257,0.4918128397686584,0,1
1.215607803901951,0.4585915539753929,0,1
1.2206103051525763,0.4726516943888853,0,1
1.2256128064032015,0.4799282387389996,0,1
1.2306153076538269,0.46560227981768076,0,1
1.2356178089044523,0.4519870296360543,0,1
1.2406203101550775,0.46499913056344405,0,1
1.2456228114057029,0.4441249340532714,0,1
1.250625312656328,0.45351700184037214,0,1
1.2556278139069534,0.44011015986571683,0,1
1.2606303151575788,0.45698334102139443,0,1
1.265632816408204,0.4646554040964881,0,1
1.2706353176588294,0.45530532112902394,0,1
1.2756378189094546,0.4469227923912876,0,1
1.28064032016008,0.4562056221225856,0,1
1.2856428214107054,0.43123983241625385,0,1
1.2906453226613306,0.4178481732882295,0,1
1.295647823911956,0.4462627670018794,0,1
1.3006503251625812,0.4292036877649858,0,1
1.3056528264132066,0.41094128671218627,0,1
1.310655327663832,0.4097319681337159,0,1
1.3156578289144572,0.42488056524890505,0,1
1.3206603301650826,0.41906016623373643,0,1
1.3256628314157077,0.40043108762685936,0,1
1.3306653326663331,0.3993219302759058,0,1
1.3356678339169585,0.4077225334946383,0,1
1.3406703351675837,0.3940895390023833,0,1
1.3456728364182091,0.41213745041290695,0,1
1.3506753376688343,0.4071918594481367,0,1
1.3556778389194597,0.406212095656838,0,1
1.360680340170085,0.4089156543480002,0,1
1.3656828414207103,0.39108976591981687,0,1
1.3706853426713357,0.3913527372904809,0,1
1.3756878439219609,0.39108377851765486,0,1
1.3806903451725863,0.388407561740746,0,1
1.3856928464232117,0.391596020157574,0,1
1.3906953476738368,0.3780832850426579,0,1
1.3956978489244622,0.3682710392689188,0,1
1.4007003501750874,0.38809019608673784,0,1
1.4057028514257128,0.3700632855743015,0,1
1.4107053526763382,0.3827385326675066,0,1
1.4157078539269634,0.3631127897556149,0,1
1.4207103551775888,0.3521765857395232,0,1
1.425712856428214,0.3551535452471201,0,1
1.4307153576788394,0.3511727803051847,0,1
1.4357178589294648,0.34390538887471017,0,1
1.44072036018009,0.36010021867974884,0,1
1.4457228614307154,0.3413685639384642,0,1
1.4507253626813406,0.35127420948148974,0,1
1.455727863931966,0.35133433506667777,0,1
1.4607303651825914,0.33607480356000113,0,1
1.4657328664332165,0.33668311806434165,0,1
1.470735367683842,0.3261135091758543,0,1
1.4757378689344671,0.3342857859519969,0,1
1.4807403701850925,0.33006423812990865,0,1
1.485742871435718,0.32837000101864944,0,1
1.490745372686343,0.3361107973699396,0,1
1.4957478739369685,0.3233902299922271,0,1
1.5007503751875937,0.31211332551951454,0,1
1.505752876438219,0.32476540166469003,0,1
1.5107553776888443,0.3118905101927018,0,1
1.5157578789394697,0.3222012545042872,0,1
1.520760380190095,0.3212738430696904,0,1
1.5257628814407203,0.3070405805560376,0,1
1.5307653826913457,0.31985694482454613,0,1
1.5357678839419708,0.30050751665247855,0,1
1.5407703851925962,0.2988301417177901,0,1
1.5457728864432216,0.3115543073951226,0,1
1.5507753876938468,0.3123508667302043,0,1
1.5557778889444722,0.28919064125433425,0,1
1.5607803901950974,0.28826769039530725,0,1
1.5657828914457228,0.2823715436871721,0,1
1.5707853926963482,0.2812402003350548,0,1
1.5757878939469734,0.28823879544400766,0,1
1.5807903951975988,0.2787738710471772,0,1
1.585792896448224,0.29402493381760253,0,1
1.5907953976988494,0.27480389998724775,0,1
1.5957978989494748,0.27061738821056736,0,1
1.6008004002001,0.27312117619543047,0,1
1.6058029014507254,0.27347496648799813,0,1
1.6108054027013505,0.26299792075436296,0,1
1.615807903951976,0.2813960113895677,0,1
1.6208104052026013,0.272126601877408,0,1
1.6258129064532265,0.277221583252611,0,1
1.630815407703852,0.2553647674797731,0,1
1.635817908954477,0.27076275540039213,0,1
1.6408204102051025,0.25176274934690435,0,1
1.645822911455728,0.26693417098166283,0,1
1.650825412706353,0.2476171539734571,0,1
1.6558279139569785,0.25279667343992174,0,1
1.6608304152076037,0.24311746442351445,0,1
1.665832916458229,0.25379187112785706,0,1
1.6708354177088545,0.24480109509754275,0,1
1.6758379189594796,0.25055312810897035,0,1
1.680840420210105,0.24845914508103356,0,1
1.6858429214607302,0.23655741648428438,0,1
1.6908454227113556,0.2401804320828724,0,1
1.695847923961981,0.2308099828060451,0,1
1.7008504252126062,0.22926910383045027,0,1
1.7058529264632316,0.22776836260005906,0,1
1.7108554277138568,0.23649045372656147,0,1
1.7158579289644822,0.22911775666605552,0,1
1.7208604302151076,0.21992277089830958,0,1
1.7258629314657328,0.22310902158457038,0,1
1.7308654327163582,0.2199210763942252,0,1
1.7358679339669834,0.2284153618433874,0,1
1.7408704352176088,0.2284434361134081,0,1
1.7458729364682342,0.2181998261500044,0,1
1.7508754377188593,0.22455857720173508,0,1
1.7558779389694847,0.20733574028110488,0,1
1.76088044022011,0.2051010205477937,0,1
1.7658829414707353,0.2032313360881505,0,1
1.7708854427213607,0.2006076981980767,0,1
1.775887943971986,0.2085229119028555,0,1
1.7808904452226113,0.20206641889892588,0,1
1.7858929464732365,0.2007098692041087,0,1
1.7908954477238619,0.1948820706229498,0,1
1.7958979489744873,0.19851263902885943,0,1
1.8009004502251125,0.19065068954383452,0,1
1.8059029514757379,0.20247028994090546,0,1
1.810905452726363,0.19776069314704725,0,1
1.8159079539769885,0.19935778949274335,0,1
1.8209104552276139,0.19480377732556192,0,1
1.825912956478239,0.1873773581866158,0,1
1.8309154577288644,0.1829825140325129,0,1
1.8359179589794896,0.18922676430055485,0,1
1.840920460230115,0.18805647504108133,0,1
1.8459229614807404,0.18312753261279718,0,1
1.8509254627313656,0.17648788772670726,0,1
1.855927963981991,0.17970237908725922,0,1
1.8609304652326162,0.18339699296512812,0,1
1.8659329664832416,0.17434641063620313,0,1
1.870935467733867,0.17952604379906545,0,1
1.8759379689844922,0.17719156505669145,0,1
1.8809404702351176,0.16573210684544348,0,1
1.8859429714857427,0.16301488213332238,0,1
1.8909454727363681,0.16569289453523936,0,1
1.8959479739869936,0.16970636786857982,0,1
1.9009504752376187,0.16144149142560527,0,1
1.9059529764882441,0.16834427950538913,0,1
1.9109554777388693,0.15498843628048345,0,1
1.9159579789894947,0.1581773927469396,0,1
1.9209604802401201,0.15322077528599462,0,1
1.9259629814907453,0.15601196188359717,0,1
1.9309654827413707,0.15495891293855824,0,1
1.9359679839919959,0.15064389580049184,0,1
1.9409704852426213,0.1545029293347287,0,1
1.9459729864932465,0.15622365834525448,0,1
1.9509754877438719,0.1475856165027956,0,1
1.9559779889944973,0.1506668680957444,0,1
1.9609804902451224,0.1475032510451969,0,1
1.9659829914957478,0.14677808805026687,0,1
1.970985492746373,0.1451436039748085,0,1
1.9759879939969984,0.14712700350824948,0,1
1.9809904952476238,0.14021497517404624,0,1
1.985992996498249,0.1372446699933302,0,1
1.9909954977488744,0.13472683257774315,0,1
1.9959979989994996,0.13667115467860425,0,1
2.001000500250125,0.13401890549802098,0,1
2.0060030015007504,0.13286596972558493,0,1
2.0110055027513756,0.13324580264598576,0,1
2.0160080040020008,0.12741902229137517,0,1
2.0210105052526264,0.13418879921370316,0,1
2.0260130065032516,0.13243350322094777,0,1
2.0310155077538767,0.12311780163370831,0,1
2.0360180090045024,0.12147982683822604,0,1
2.0410205102551275,0.12851626382677223,0,1
2.0460230115057527,0.12370052881752336,0,1
2.0510255127563783,0.11756488129804447,0,1
2.0560280140070035,0.11739156698881704,0,1
2.0610305152576287,0.12410748902098616,0,1
2.066033016508254,0.11592878270663724,0,1
2.0710355177588795,0.11613061018022619,0,1
2.0760380190095047,0.11971616629997173,0,1
2.08104052026013,0.11510402090775529,0,1
2.0860430215107555,0.11261850765205307,0,1
2.0910455227613807,0.11651502380306367,0,1
2.096048024012006,0.10822469114066655,0,1
2.1010505252626315,0.10905347870862943,0,1
2.1060530265132567,0.11275969438728906,0,1
2.111055527763882,0.10962750591333699,0,1
2.116058029014507,0.1052282913408951,0,1
2.1210605302651326,0.10739169135122367,0,1
2.126063031515758,0.10585005433425104,0,1
2.131065532766383,0.10597407380961961,0,1
2.1360680340170086,0.10380393964356457,0,1
2.141070535267634,0.10346930222981829,0,1
2.146073036518259,0.1029533285449941,0,1
2.151075537768884,0.1026807789561156,0,1
2.15607803901951,0.09884179784107477,0,1
2.161080540270135,0.0943959907581166,0,1
2.16608304152076,0.09452470837097539,0,1
2.1710855427713858,0.0947986141190208,0,1
2.176088044022011,0.09597185981460062,0,1
2.181090545272636,0.09420668824373954,0,1
2.1860930465232618,0.09003440294606073,0,1
2.191095547773887,0.09201261974767952,0,1
2.196098049024512,0.08795638363884066,0,1
2.2011005502751373,0.0878900770954579,0,1
2.206103051525763,0.0854212151845936,0,1
2.211105552776388,0.08423004382705626,0,1
2.2161080540270133,0.08307760070553655,0,1
2.221110555277639,0.0868270693158752,0,1
2.226113056528264,0.08524578001504826,0,1
2.2311155577788893,0.08214034532804387,0,1
2.236118059029515,0.08427903124608609,0,1
2.24112056028014,0.07796011359810964,0,1
2.2461230615307652,0.08180016039890903,0,1
2.2511255627813904,0.08252761059494639,0,1
2.256128064032016,0.08028053480301169,0,1
2.2611305652826412,0.07726506284820096,0,1
2.2661330665332664,0.07555538710897981,0,1
2.271135567783892,0.07801940759236127,0,1
2.276138069034517,0.07631835895691855,0,1
2.2811405702851424,0.07460329310461661,0,1
2.286143071535768,0.0716410145480716,0,1
2.291145572786393,0.06987193298893804,0,1
2.2961480740370184,0.07186812967848832,0,1
2.3011505752876436,0.07177823340645975,0,1
2.306153076538269,0.06771835728867678,0,1
2.3111555777888944,0.06935363061404518,0,1
2.3161580790395195,0.06735213793254088,0,1
2.321160580290145,0.06940396209677628,0,1
2.3261630815407703,0.06927271806432905,0,1
2.3311655827913955,0.0686043946099106,0,1
2.336168084042021,0.06484078859039731,0,1
2.3411705852926463,0.06580263580577066,0,1
2.3461730865432715,0.06603793566542672,0,1
2.3511755877938967,0.06410212562403922,0,1
2.3561780890445223,0.062148026808524486,0,1
2.3611805902951475,0.06230285992984815,0,1
2.3661830915457727,0.061408517350562825,0,1
2.3711855927963983,0.06233829987820191,0,1
2.3761880940470235,0.06114816579292066,0,1
2.3811905952976486,0.05998288573699808,0,1
2.3861930965482743,0.0561261080647093,0,1
2.3911955977988995,0.055451171174060315,0,1
2.3961980990495246,0.05530426609902569,0,1
2.40120060030015,0.05627983299361043,0,1
2.4062031015507754,0.05673582309110392,0,1
2.4112056028014006,0.054343750592121584,0,1
2.416208104052026,0.051995008006078126,0,1
2.4212106053026514,0.052856015744817755,0,1
2.4262131065532766,0.05086735689774229,0,1
2.431215607803902,0.053886778968958306,0,1
2.4362181090545274,0.05176643128656377,0,1
2.4412206103051526,0.05094675547974779,0,1
2.4462231115557778,0.049722568055498906,0,1
2.451225612806403,0.050851731553754734,0,1
2.4562281140570286,0.047516386484829344,0,1
2.4612306153076537,0.048980447723915535,0,1
2.466233116558279,0.04823014962074511,0,1
2.4712356178089045,0.04819248796725699,0,1
2.4762381190595297,0.048281329985821894,0,1
2.481240620310155,0.045140776162642636,0,1
2.4862431215607805,0.04504811220354606,0,1
2.4912456228114057,0.04545087297674758,0,1
2.496248124062031,0.04291234522669074,0,1
2.501250625312656,0.04367183664004892,0,1
2.5062531265632817,0.04194080069466839,0,1
2.511255627813907,0.04231945615538872,0,1
2.516258129064532,0.04229163334295734,0,1
2.5212606303151577,0.04279567046416364,0,1
2.526263131565783,0.04045412097118965,0,1
2.531265632816408,0.040773585506356715,0,1
2.5362681340670337,0.039431677680950246,0,1
2.541270635317659,0.038999649574887586,0,1
2.546273136568284,0.04022377810957159,0,1
2.551275637818909,0.03918025773251556,0,1
2.556278139069535,0.036892425496658277,0,1
2.56128064032016,0.03852026711955831,0,1
2.566283141570785,0.03677407237534141,0,1
2.571285642821411,0.03609931648949871,0,1
2.576288144072036,0.03732638623881954,0,1
2.581290645322661,0.03511922093048196,0,1
2.5862931465732864,0.03595108889839768,0,1
2.591295647823912,0.03352260781262854,0,1
2.596298149074537,0.03399135007786423,0,1
2.6013006503251623,0.03309830285367902,0,1
2.606303151575788,0.033260349252601386,0,1
2.611305652826413,0.03287634928428834,0,1
2.6163081540770383,0.033083650595376324,0,1
2.621310655327664,0.03166972780219296,0,1
2.626313156578289,0.03234768195699871,0,1
2.6313156578289143,0.031875935350816786,0,1
2.6363181590795395,0.0321657765507837,0,1
2.641320660330165,0.031601563964026226,0,1
2.6463231615807903,0.030755528230948025,0,1
2.6513256628314155,0.03041793717153422,0,1
2.656328164082041,0.02966135210954663,0,1
2.6613306653326663,0.02987776586540143,0,1
2.6663331665832914,0.02958095049878701,0,1
2.671335667833917,0.02713061423021256,0,1
2.6763381690845423,0.027661117059953822,0,1
2.6813406703351674,0.028515275697744768,0,1
2.6863431715857926,0.02682569613972341,0,1
2.6913456728364182,0.02696532515901304,0,1
2.6963481740870434,0.025755998151576743,0,1
2.7013506753376686,0.025046045692466844,0,1
2.706353176588294,0.026544982450935686,0,1
2.7113556778389194,0.02533399527317714,0,1
2.7163581790895446,0.024616282982978275,0,1
2.72136068034017,0.025494279871894506,0,1
2.7263631815907954,0.025178873742200944,0,1
2.7313656828414206,0.02438879774411654,0,1
2.7363681840920457,0.02454305106065293,0,1
2.7413706853426714,0.023024742005667915,0,1
2.7463731865932965,0.023718578446184056,0,1
2.7513756878439217,0.023332106650122177,0,1
2.7563781890945473,0.021984185145771974,0,1
2.7613806903451725,0.022350797026203666,0,1
2.7663831915957977,0.022231429304706042,0,1
2.7713856928464233,0.02087720277833641,0,1
2.7763881940970485,0.021975500893657962,0,1
2.7813906953476737,0.021185129977231605,0,1
2.786393196598299,0.021416195658922,0,1
2.7913956978489245,0.020431206747253024,0,1
2.7963981990995497,0.020182720342662292,0,1
2.801400700350175,0.019504954095837822,0,1
2.8064032016008005,0.02004972115635306,0,1
2.8114057028514257,0.01880384132730832,0,1
2.816408204102051,0.019522259366379413,0,1
2.8214107053526765,0.018824704961646285,0,1
2.8264132066033016,0.01835983332743203,0,1
2.831415707853927,0.018873731779727298,0,1
2.836418209104552,0.01786650411678576,0,1
2.8414207103551776,0.01754205213777723,0,1
2.846423211605803,0.017686082157939327,0,1
2.851425712856428,0.016567528493051348,0,1
2.8564282141070536,0.017558581520974666,0,1
2.861430715357679,0.016661488483883234,0,1
2.866433216608304,0.016418850408816178,0,1
2.8714357178589296,0.015802569652804292,0,1
2.8764382191095548,0.015811919969904616,0,1
2.88144072036018,0.015896002651394903,0,1
2.886443221610805,0.015607439402563317,0,1
2.8914457228614308,0.015224090758592775,0,1
2.896448224112056,0.014559699992119162,0,1
2.901450725362681,0.01519518889354598,0,1
2.9064532266133067,0.015026059088291762,0,1
2.911455727863932,0.01436200243846234,0,1
2.916458229114557,0.014241376277128731,0,1
2.9214607303651827,0.014130739380813188,0,1
2.926463231615808,0.014096478924030783,0,1
2.931465732866433,0.013072909980567787,0,1
2.9364682341170583,0.013145013491016442,0,1
2.941470735367684,0.013104250284129532,0,1
2.946473236618309,0.012615720918207077,0,1
2.9514757378689342,0.012481974094286986,0,1
2.95647823911956,0.012238461862540215,0,1
2.961480740370185,0.012511631065890275,0,1
2.9664832416208102,0.012237108556892704,0,1
2.971485742871436,0.011632630361468072,0,1
2.976488244122061,0.012300504078269726,0,1
2.981490745372686,0.011399780564005525,0,1
2.9864932466233114,0.011685151696981385,0,1
2.991495747873937,0.011429837252046363,0,1
2.996498249124562,0.011479096308516292,0,1
3.0015007503751874,0.011217674913379482,0,1
3.006503251625813,0.010915214191069954,0,1
3.011505752876438,0.011105061928980592,0,1
3.0165082541270634,0.010393877996901791,0,1
3.0215107553776885,0.010495440944264045,0,1
3.026513256628314,0.010284247650506725,0,1
3.0315157578789393,0.009933362112344534,0,1
3.0365182591295645,0.009683254696135717,0,1
3.04152076038019,0.010172413340239684,0,1
3.0465232616308153,0.009567118157071614,0,1
3.0515257628814405,0.009798527779490807,0,1
3.056528264132066,0.00948843776518631,0,1
3.0615307653826913,0.009259504720851856,0,1
3.0665332666333165,0.00912164357808606,0,1
3.0715357678839417,0.009020934212203112,0,1
3.0765382691345673,0.008762644983893904,0,1
3.0815407703851925,0.00886306223885668,0,1
3.0865432716358177,0.008197867468837751,0,1
3.0915457728864433,0.008568859259329565,0,1
3.0965482741370685,0.008431153947098091,0,1
3.1015507753876936,0.008256315357656639,0,1
3.1065532766383193,0.008236640852835559,0,1
3.1115557778889444,0.007682049769948906,0,1
3.1165582791395696,0.007506248749771782,0,1
3.121560780390195,0.007490157555860021,0,1
3.1265632816408204,0.007594421715071992,0,1
3.1315657828914456,0.007164497814975233,0,1
3.136568284142071,0.007467461140923187,0,1
3.1415707853926964,0.00728169591361453,0,1
3.1465732866433216,0.007044894318058632,0,1
3.1515757878939468,0.0067686486065896235,0,1
3.1565782891445724,0.006791277384499656,0,1
3.1615807903951976,0.0068401205198938345,0,1
3.1665832916458228,0.0068912851113804114,0,1
3.171585792896448,0.00634903979154216,0,1
3.1765882941470736,0.006515968363635919,0,1
3.1815907953976987,0.006415710040273815,0,1
3.186593296648324,0.0064028535361067285,0,1
3.1915957978989495,0.005941736190133805,0,1
3.1965982991495747,0.005971906503056345,0,1
3.2016008004002,0.005915634939524158,0,1
3.2066033016508255,0.005990529869575315,0,1
3.2116058029014507,0.005590785963482216,0,1
3.216608304152076,0.005765349516984216,0,1
3.221610805402701,0.005359267206819934,0,1
3.2266133066533267,0.0056840816710497614,0,1
3.231615807903952,0.005581286959262334,0,1
3.236618309154577,0.00524176503103659,0,1
3.2416208104052027,0.0052327303631970155,0,1
3.246623311655828,0.005080853908747585,0,1
3.251625812906453,0.005203157979980517,0,1
3.2566283141570787,0.005020223758372509,0,1
3.261630815407704,0.004883996238661759,0,1
3.266633316658329,0.004730579259857413,0,1
3.271635817908954,0.004897390690934985,0,1
3.27663831915958,0.004798631723804535,0,1
3.281640820410205,0.00444468051626945,0,1
3.28664332166083,0.004420280449143375,0,1
3.291645822911456,0.004353367791943132,0,1
3.296648324162081,0.004247963045018823,0,1
3.301650825412706,0.004205310888586735,0,1
3.306653326663332,0.004303497801352683,0,1
3.311655827913957,0.004283688091259392,0,1
3.316658329164582,0.004111704398724412,0,1
3.3216608304152073,0.0040339880718722465,0,1
3.326663331665833,0.003943255929618327,0,1
3.331665832916458,0.003746047464329364,0,1
3.3366683341670833,0.0038496959637933093,0,1
3.341670835417709,0.003829013412460484,0,1
3.346673336668334,0.003741289937564221,0,1
3.3516758379189593,0.0035279185738038735,0,1
3.356678339169585,0.0036899181767468753,0,1
3.36168084042021,0.003555070136518808,0,1
3.3666833416708353,0.0033190853738706994,0,1
3.3716858429214605,0.003348551253104287,0,1
3.376688344172086,0.0033181219849645225,0,1
3.3816908454227113,0.0031874652674109107,0,1
3.3866933466733364,0.003287130623823322,0,1
3.391695847923962,0.0030709104923964435,0,1
3.3966983491745872,0.0032040378482119445,0,1
3.4017008504252124,0.003052508370782628,0,1
3.406703351675838,0.0030141405183752084,0,1
3.4117058529264632,0.003030128582565992,0,1
3.4167083541770884,0.0028221726370372,0,1
3.4217108554277136,0.002795867134450364,0,1
3.426713356678339,0.0028542847171441747,0,1
3.4317158579289644,0.0028799261675533385,0,1
3.4367183591795896,0.002689925141515699,0,1
3.441720860430215,0.002589364099547149,0,1
3.4467233616808404,0.002617454387113192,0,1
3.4517258629314655,0.002599481441298277,0,1
3.4567283641820907,0.002444602709291915,0,1
3.4617308654327164,0.0025172264808140795,0,1
3.4667333666833415,0.002530290327460865,0,1
3.4717358679339667,0.0023357846339015264,0,1
3.4767383691845923,0.0023868998059807106,0,1
3.4817408704352175,0.002278879112545378,0,1
3.4867433716858427,0.002330592630035436,0,1
3.4917458729364683,0.0021811757891793916,0,1
3.4967483741870935,0.0022185557655589262,0,1
3.5017508754377187,0.002125111239569429,0,1
3.506753376688344,0.0020985459411824673,0,1
3.5117558779389695,0.002108820808774953,0,1
3.5167583791895947,0.0020325903990457356,0,1
3.52176088044022,0.0020669457358184146,0,1
3.5267633816908455,0.0019624781985486295,0,1
3.5317658829414706,0.0019209062330803885,0,1
3.536768384192096,0.0019255966950628908,0,1
3.5417708854427215,0.0018889256184473117,0,1
3.5467733866933466,0.00191366772919921,0,1
3.551775887943972,0.0018306140992786393,0,1
3.556778389194597,0.001824217247248706,0,1
3.5617808904452226,0.0018286398544928434,0,1
3.566783391695848,0.0016839226403403506,0,1
3.571785892946473,0.0017234188319383008,0,1
3.5767883941970986,0.001728214637769308,0,1
3.5817908954477238,0.001697960818312013,0,1
3.586793396698349,0.0016348403726175545,0,1
3.5917958979489746,0.0015685092058941668,0,1
3.5967983991995998,0.0015937912739194102,0,1
3.601800900450225,0.0015062720205066293,0,1
3.60680340170085,0.0015528046353391561,0,1
3.6118059029514757,0.0014768783820036592,0,1
3.616808404202101,0.001401780722415017,0,1
3.621810905452726,0.001457497589302202,0,1
3.6268134067033517,0.0013812120447921122,0,1
3.631815907953977,0.0013838308682550269,0,1
3.636818409204602,0.0013565303489139365,0,1
3.6418209104552277,0.0013595514192363553,0,1
3.646823411705853,0.0013094692912608312,0,1
3.651825912956478,0.0013111877585722475,0,1
3.6568284142071033,0.0012214622020047426,0,1
3.661830915457729,0.0012115003503575283,0,1
3.666833416708354,0.0012269267634015479,0,1
3.6718359179589792,0.0012268896907388705,0,1
3.676838419209605,0.0011444746319330536,0,1
3.68184092046023,0.0011580304472209478,0,1
3.686843421710855,0.0011363263648492728,0,1
3.691845922961481,0.0010676516540757592,0,1
3.696848424212106,0.0011171190101371064,0,1
3.701850925462731,0.0010490536274456858,0,1
3.7068534267133564,0.001057961875173486,0,1
3.711855927963982,0.001047236721840298,0,1
3.716858429214607,0.0009830840204935294,0,1
3.7218609304652324,0.0009482112848800529,0,1
3.726863431715858,0.0009445049049745064,0,1
3.731865932966483,0.0009211147864783778,0,1
3.7368684342171083,0.000931615425976795,0,1
3.741870935467734,0.0009271914550734826,0,1
3.746873436718359,0.0009248685690765212,0,1
3.7518759379689843,0.0008974266673184975,0,1
3.7568784392196095,0.0008837024254120798,0,1
3.761880940470235,0.0008585311330010138,0,1
3.7668834417208603,0.0008068057250522736,0,1
3.7718859429714855,0.000824251853452303,0,1
3.776888444222111,0.0007844947645418987,0,1
3.7818909454727363,0.0007842938635535655,0,1
3.7868934467233615,0.000795636747973584,0,1
3.791895947973987,0.0007393755438528454,0,1
3.7968984492246123,0.0007313130455510327,0,1
3.8019009504752375,0.0007323370190309389,0,1
3.8069034517258626,0.0007411689493338056,0,1
3.8119059529764883,0.0006920749203548194,0,1
3.8169084542271134,0.0006857389629628595,0,1
3.8219109554777386,0.0006980354558425721,0,1
3.8269134567283642,0.0006706392767291532,0,1
3.8319159579789894,0.0006335379049015266,0,1
3.8369184592296146,0.0006202124966881891,0,1
3.8419209604802402,0.0006354833497370386,0,1
3.8469234617308654,0.000607883266861292,0,1
3.8519259629814906,0.0005781554708639322,0,1
3.8569284642321158,0.0005879992415275633,0,1
3.8619309654827414,0.0005963427995473982,0,1
3.8669334667333666,0.0005856958047599601,0,1
3.8719359679839918,0.0005401887904306478,0,1
3.8769384692346174,0.0005233022795714126,0,1
3.8819409704852426,0.0005528674370794525,0,1
3.8869434717358677,0.0005097241344966455,0,1
3.891945972986493,0.0005000498296820983,0,1
3.8969484742371185,0.0005229650605864491,0,1
3.9019509754877437,0.0004888146123149317,0,1
3.906953476738369,0.0004972045826374172,0,1
3.9119559779889945,0.0004802547947247538,0,1
3.9169584792396197,0.0004662769994106898,0,1
3.921960980490245,0.0004640272562515116,0,1
3.9269634817408705,0.000459812190990481,0,1
3.9319659829914957,0.00043360109504856693,0,1
3.936968484242121,0.0004338891430624838,0,1
3.941970985492746,0.0004357870453011044,0,1
3.9469734867433717,0.0004027644458730699,0,1
3.951975987993997,0.0004025640479486992,0,1
3.956978489244622,0.0003893114444481211,0,1
3.9619809904952477,0.00039382757253247295,0,1
3.966983491745873,0.0003756826629745532,0,1
3.971985992996498,0.0003614312105678214,0,1
3.9769884942471236,0.0003631029545230169,0,1
3.981990995497749,0.000349985152373669,0,1
3.986993496748374,0.0003529869084383036,0,1
3.991995997998999,0.00034167973797802917,0,1
3.996998499249625,0.00032913615440931606,0,1
4.00200100050025,0.00034315013964251204,0,1
4.007003501750876,0.00032964472551445486,0,1
4.012006003001501,0.0003113058177142493,0,1
4.017008504252126,0.00032438722369377567,0,1
4.022011005502751,0.0003093676028907789,0,1
4.027013506753376,0.00030373969861602264,0,1
4.0320160080040015,0.00030136562857069403,0,1
4.037018509254628,0.00027923296629063103,0,1
4.042021010505253,0.0002860985701866682,0,1
4.047023511755878,0.0002745881543016931,0,1
4.052026013006503,0.000276322449314699,0,1
4.057028514257128,0.0002639359409270868,0,1
4.0620310155077535,0.0002697037914818765,0,1
4.067033516758379,0.00025760553980466006,0,1
4.072036018009005,0.00025377924721988945,0,1
4.07703851925963,0.0002520053185011046,0,1
4.082041020510255,0.0002414685910862636,0,1
4.08704352176088,0.00023228696922700522,0,1
4.092046023011505,0.0002224182141184702,0,1
4.097048524262131,0.00023471274840125106,0,1
4.102051025512757,0.000229664242465619,0,1
4.107053526763382,0.00021907936227595772,0,1
4.112056028014007,0.00022064142874818747,0,1
4.117058529264632,0.00020571842899579798,0,1
4.122061030515257,0.00019910540313918288,0,1
4.127063531765883,0.00020406135295170146,0,1
4.132066033016508,0.00018857998832301953,0,1
4.137068534267134,0.0001907844567294896,0,1
4.142071035517759,0.00018542995670003064,0,1
4.147073536768384,0.00018579199497498048,0,1
4.152076038019009,0.00017877910996079584,0,1
4.1570785392696346,0.00017862073175636294,0,1
4.16208104052026,0.00017944290105722277,0,1
4.167083541770885,0.00016299736572139245,0,1
4.172086043021511,0.0001618501596924567,0,1
4.177088544272136,0.00015682534281963247,0,1
4.182091045522761,0.00015442621928995717,0,1
4.1870935467733865,0.00015777950754000675,0,1
4.192096048024012,0.00015287052728793805,0,1
4.197098549274637,0.00015221218795131192,0,1
4.202101050525263,0.0001441442990571925,0,1
4.207103551775888,0.0001379926238563866,0,1
4.212106053026513,0.00014406756063615588,0,1
4.2171085542771385,0.00013818955921332377,0,1
4.222111055527764,0.00013826279018364643,0,1
4.227113556778389,0.0001349877030991143,0,1
4.232116058029014,0.00013058927015844408,0,1
4.23711855927964,0.00012595315233526337,0,1
4.242121060530265,0.00012586468357258463,0,1
4.2471235617808905,0.0001215829183565609,0,1
4.252126063031516,0.00012083440369688644,0,1
4.257128564282141,0.00011903380452067917,0,1
4.262131065532766,0.00011011910100554882,0,1
4.267133566783391,0.00010718276864246535,0,1
4.272136068034017,0.00011293070588564793,0,1
4.277138569284642,0.00011041100724095569,0,1
4.282141070535268,0.0001067065698582552,0,1
4.287143571785893,0.00010236568994199455,0,1
4.292146073036518,0.00010388201244477726,0,1
4.297148574287143,9.634720387651293e-05,0,1
4.302151075537768,9.373069843344397e-05,0,1
4.307153576788394,9.407456991864026e-05,0,1
4.31215607803902,9.431312987520574e-05,0,1
4.317158579289645,8.707765516482885e-05,0,1
4.32216108054027,8.463600461786136e-05,0,1
4.327163581790895,8.72394373429789e-05,0,1
4.33216608304152,8.116017631445899e-05,0,1
4.337168584292146,8.392243975551124e-05,0,1
4.3421710855427715,8.188788874832989e-05,0,1
4.347173586793397,7.847442618167214e-05,0,1
4.352176088044022,7.411602036892678e-05,0,1
4.357178589294647,7.674504314370288e-05,0,1
4.362181090545272,7.389886881435628e-05,0,1
4.367183591795897,7.030644396458648e-05,0,1
4.3721860930465235,6.974539193580033e-05,0,1
4.377188594297149,6.71239389800104e-05,0,1
4.382191095547774,6.885724133499524e-05,0,1
4.387193596798399,6.522703583689128e-05,0,1
4.392196098049024,6.526063310067676e-05,0,1
4.397198599299649,6.095228970035027e-05,0,1
4.402201100550275,6.018894089424625e-05,0,1
4.407203601800901,6.125048199727617e-05,0,1
4.412206103051526,6.142306312499519e-05,0,1
4.417208604302151,5.9641238743556724e-05,0,1
4.422211105552776,5.68149796884542e-05,0,1
4.427213606803401,5.5825797648114966e-05,0,1
4.4322161080540265,5.516110068809914e-05,0,1
4.437218609304653,5.281215610362572e-05,0,1
4.442221110555278,5.1460426543156175e-05,0,1
4.447223611805903,5.1673394640234416e-05,0,1
4.452226113056528,5.143733766654201e-05,0,1
4.457228614307153,5.035049556183792e-05,0,1
4.4622311155577785,4.7651043017656164e-05,0,1
4.467233616808404,4.476582744447397e-05,0,1
4.47223611805903,4.627765543373357e-05,0,1
4.477238619309655,4.371646699242409e-05,0,1
4.48224112056028,4.397060215993005e-05,0,1
4.487243621810905,4.341892280194867e-05,0,1
4.4922461230615305,4.1244861718894645e-05,0,1
4.497248624312156,4.1946223222890355e-05,0,1
4.502251125562781,3.976208606348894e-05,0,1
4.507253626813407,3.8338650372915656e-05,0,1
4.512256128064032,3.906003030768956e-05,0,1
4.517258629314657,3.82040833568911e-05,0,1
4.5222611305652824,3.537727952086671e-05,0,1
4.527263631815908,3.565090327010165e-05,0,1
4.532266133066533,3.3715825169668284e-05,0,1
4.537268634317159,3.337192064298702e-05,0,1
4.542271135567784,3.2227072294252434e-05,0,1
4.547273636818409,3.1686223543365664e-05,0,1
4.552276138069034,3.2067470627198037e-05,0,1
4.55727863931966,2.9828244883665605e-05,0,1
4.562281140570285,3.080072212671195e-05,0,1
4.56728364182091,2.8506621326781113e-05,0,1
4.572286143071536,2.864674945958263e-05,0,1
4.577288644322161,2.7848174278893083e-05,0,1
4.582291145572786,2.80635031108797e-05,0,1
4.587293646823412,2.647436537697415e-05,0,1
4.592296148074037,2.5568638470294514e-05,0,1
4.597298649324662,2.648532847003652e-05,0,1
4.602301150575287,2.5403271283612965e-05,0,1
4.607303651825913,2.394488111816948e-05,0,1
4.612306153076538,2.4300502048381625e-05,0,1
4.6173086543271635,2.4262004736511153e-05,0,1
4.622311155577789,2.2196008358271736e-05,0,1
4.627313656828414,2.1709380231861298e-05,0,1
4.632316158079039,2.152390153238179e-05,0,1
4.637318659329665,2.082929037186304e-05,0,1
4.64232116058029,2.1591314478461606e-05,0,1
4.6473236618309155,1.999638577177453e-05,0,1
4.652326163081541,2.00170776598186e-05,0,1
4.657328664332166,1.9933381316070703e-05,0,1
4.662331165582791,1.950895708590168e-05,0,1
4.667333666833416,1.9206650389071127e-05,0,1
4.672336168084042,1.7855767929795648e-05,0,1
4.6773386693346675,1.7282331756474717e-05,0,1
4.682341170585293,1.680783671890208e-05,0,1
4.687343671835918,1.7431968140347706e-05,0,1
4.692346173086543,1.6087186423095162e-05,0,1
4.697348674337168,1.660042808743878e-05,0,1
4.702351175587793,1.6065094134600007e-05,0,1
4.707353676838419,1.545240136907628e-05,0,1
4.712356178089045,1.4819840938410954e-05,0,1
4.71735867933967,1.513509228181378e-05,0,1
4.722361180590295,1.4285978808933005e-05,0,1
4.72736368184092,1.4233797691451251e-05,0,1
4.732366183091545,1.4229535120109356e-05,0,1
4.7373686843421705,1.3766334713761182e-05,0,1
4.742371185592797,1.3577284812958883e-05,0,1
4.747373686843422,1.3085484467933634e-05,0,1
4.752376188094047,1.2121609378218467e-05,0,1
4.757378689344672,1.2574174649477421e-05,0,1
4.762381190595297,1.1868151731289522e-05,0,1
4.7673836918459225,1.1316785121428026e-05,0,1
4.7723861930965485,1.1352888919288132e-05,0,1
4.777388694347174,1.1385406779216309e-05,0,1
4.782391195597799,1.112514048823219e-05,0,1
4.787393696848424,1.0174905324344858e-05,0,1
4.792396198099049,9.895525320992316e-06,0,1
4.7973986993496744,9.682963052272621e-06,0,1
4.8024012006003,9.84777989755365e-06,0,1
4.807403701850926,9.451050456019132e-06,0,1
4.812406203101551,9.650598445506255e-06,0,1
4.817408704352176,9.359012479794572e-06,0,1
4.822411205602801,9.015010251352817e-06,0,1
4.827413706853426,8.574371604185538e-06,0,1
4.832416208104052,8.310534342502093e-06,0,1
4.837418709354677,8.406232237682847e-06,0,1
4.842421210605303,8.092669505037301e-06,0,1
4.847423711855928,8.120481853810555e-06,0,1
4.852426213106553,7.720912041890096e-06,0,1
4.857428714357178,7.3261845488963384e-06,0,1
4.862431215607804,7.1559920829660805e-06,0,1
4.867433716858429,6.885599018191206e-06,0,1
4.872436218109055,6.8357127256200314e-06,0,1
4.87743871935968,6.933390986635185e-06,0,1
4.882441220610305,6.458207559034241e-06,0,1
4.88744372186093,6.309237569571165e-06,0,1
4.8924462231115555,6.447670576036649e-06,0,1
4.897448724362181,6.10557996386404e-06,0,1
4.902451225612806,6.1892744174885635e-06,0,1
4.907453726863432,6.018279596699123e-06,0,1
4.912456228114057,5.899916856975184e-06,0,1
4.917458729364682,5.562921594170283e-06,0,1
4.9224612306153075,5.427791629752378e-06,0,1
4.927463731865933,5.328049661704322e-06,0,1
4.932466233116558,5.146842466957704e-06,0,1
4.937468734367183,5.0331387460448155e-06,0,1
4.942471235617809,4.946572848173104e-06,0,1
4.947473736868434,5.0142755769632805e-06,0,1
4.9524762381190595,4.670380445622004e-06,0,1
4.957478739369685,4.521685879838207e-06,0,1
4.96248124062031,4.530881906892851e-06,0,1
4.967483741870935,4.306972444565904e-06,0,1
4.972486243121561,4.158092902107746e-06,0,1
4.977488744372186,4.247077375131145e-06,0,1
4.982491245622811,4.224270951656817e-06,0,1
4.987493746873437,3.915727303838182e-06,0,1
4.992496248124062,3.882608347163737e-06,0,1
4.997498749374687,3.7866466430850487e-06,0,1
5.002501250625312,3.539431289044409e-06,0,1
5.007503751875938,3.6818510714550057e-06,0,1
5.012506253126563,3.4584020854381494e-06,0,1
5.017508754377189,3.5300747181796623e-06,0,1
5.022511255627814,3.418445036019509e-06,0,1
5.027513756878439,3.2286736599837326e-06,0,1
5.032516258129064,3.140900236077542e-06,0,1
5.037518759379689,2.991668007481191e-06,0,1
5.042521260630315,3.094905160842578e-06,0,1
5.0475237618809405,3.0111380694325494e-06,0,1
5.052526263131566,2.9205333851563078e-06,0,1
5.057528764382191,2.864335252879194e-06,0,1
5.062531265632816,2.798793500556129e-06,0,1
5.067533766883441,2.6500393139408976e-06,0,1
5.072536268134067,2.6245962379394163e-06,0,1
5.0775387693846925,2.477975114972489e-06,0,1
5.082541270635318,2.4318136999865655e-06,0,1
5.087543771885943,2.3041932442525797e-06,0,1
5.092546273136568,2.4294308918419765e-06,0,1
5.097548774387193,2.260833114908721e-06,0,1
5.102551275637818,2.308164805316192e-06,0,1
5.1075537768884445,2.2499870988617413e-06,0,1
5.11255627813907,2.120211293075411e-06,0,1
5.117558779389695,2.0865759151711943e-06,0,1
5.12256128064032,2.050395191355067e-06,0,1
5.127563781890945,1.9656315794968633e-06,0,1
5.13256628314157,1.8319562392231874e-06,0,1
5.1375687843921956,1.8895347620235187e-06,0,1
5.142571285642822,1.7664480631740074e-06,0,1
5.147573786893447,1.8181332310457925e-06,0,1
5.152576288144072,1.6920389618155337e-06,0,1
5.157578789394697,1.6992995372251453e-06,0,1
5.162581290645322,1.6736202359948063e-06,0,1
5.1675837918959475,1.5442776478103455e-06,0,1
5.172586293146573,1.5471167096631746e-06,0,1
5.177588794397199,1.5640127104868169e-06,0,1
5.182591295647824,1.4971752514911467e-06,0,1
5.187593796898449,1.4764021106648084e-06,0,1
5.192596298149074,1.3896393903801689e-06,0,1
5.1975987993996995,1.399668541240757e-06,0,1
5.202601300650325,1.3073198143404395e-06,0,1
5.207603801900951,1.316623843669693e-06,0,1
5.212606303151576,1.2260466935805194e-06,0,1
5.217608804402201,1.2433471060167177e-06,0,1
5.222611305652826,1.1700238443263966e-06,0,1
5.2276138069034515,1.1626230855288087e-06,0,1
5.232616308154077,1.0971004121790914e-06,0,1
5.237618809404702,1.0903281129882059e-06,0,1
5.242621310655328,1.075841612068169e-06,0,1
5.247623811905953,1.0273237073254343e-06,0,1
5.252626313156578,1.0312750901764715e-06,0,1
5.257628814407203,9.85327632816288e-07,0,1
5.262631315657829,1.0034270789954617e-06,0,1
5.267633816908454,9.681494435888518e-07,0,1
5.272636318159079,9.421683429856847e-07,0,1
5.277638819409705,9.029704029062515e-07,0,1
5.28264132066033,8.982559614514469e-07,0,1
5.287643821910955,8.577740185660075e-07,0,1
5.292646323161581,8.170960488972872e-07,0,1
5.297648824412206,8.302964951297628e-07,0,1
5.302651325662831,7.557430451935779e-07,0,1
5.307653826913457,7.589724330437272e-07,0,1
5.312656328164082,7.572140992484247e-07,0,1
5.317658829414707,7.145047617039715e-07,0,1
5.3226613306653325,6.886174992302584e-07,0,1
5.327663831915958,6.64660406063438e-07,0,1
5.332666333166583,6.61007441302111e-07,0,1
5.337668834417208,6.33344035287233e-07,0,1
5.342671335667834,6.407491793217218e-07,0,1
5.347673836918459,6.201257569848251e-07,0,1
5.3526763381690845,6.162689197563117e-07,0,1
5.35767883941971,5.999163351031114e-07,0,1
5.362681340670335,5.76417928177897e-07,0,1
5.36768384192096,5.442891402795918e-07,0,1
5.372686343171585,5.209170063339111e-07,0,1
5.377688844422211,5.453993589516767e-07,0,1
5.3826913456728365,5.00000756168268e-07,0,1
5.387693846923462,4.880727896842127e-07,0,1
5.392696348174087,4.922455403174266e-07,0,1
5.397698849424712,4.819077365968022e-07,0,1
5.402701350675337,4.5348057394749314e-07,0,1
5.407703851925963,4.4150844708129406e-07,0,1
5.412706353176588,4.323130638304952e-07,0,1
5.417708854427214,4.215966198535915e-07,0,1
5.422711355677839,4.044283171523425e-07,0,1
5.427713856928464,3.8717847931940627e-07,0,1
5.432716358179089,3.760756931717275e-07,0,1
5.437718859429714,3.8931751700175705e-07,0,1
5.44272136068034,3.696286584938504e-07,0,1
5.447723861930966,3.4538088146823913e-07,0,1
5.452726363181591,3.5168471536643565e-07,0,1
5.457728864432216,3.407057542720364e-07,0,1
5.462731365682841,3.195754795253783e-07,0,1
5.467733866933466,3.3253053329364684e-07,0,1
5.4727363681840915,3.052140935093672e-07,0,1
5.4777388694347176,2.9430280591239005e-07,0,1
5.482741370685343,3.0462326807347956e-07,0,1
5.487743871935968,2.911015722242545e-07,0,1
5.492746373186593,2.7266973651535233e-07,0,1
5.497748874437218,2.7552674465780317e-07,0,1
5.5027513756878434,2.574507514763316e-07,0,1
5.5077538769384695,2.6772106138442956e-07,0,1
5.512756378189095,2.531093027558462e-07,0,1
5.51775887943972,2.427772113860524e-07,0,1
5.522761380690345,2.411819518505242e-07,0,1
5.52776388194097,2.2336660537073456e-07,0,1
5.532766383191595,2.1904375293759976e-07,0,1
5.537768884442221,2.1686053463198952e-07,0,1
5.542771385692847,2.1245497859107434e-07,0,1
5.547773886943472,2.1503120208526504e-07,0,1
5.552776388194097,2.0826088220235054e-07,0,1
5.557778889444722,1.9301543728646676e-07,0,1
5.562781390695347,1.9266051517947447e-07,0,1
5.567783891945973,1.836385403228265e-07,0,1
5.572786393196598,1.854504707697835e-07,0,1
5.577788894447224,1.7165769037713322e-07,0,1
5.582791395697849,1.7309953613793338e-07,0,1
5.587793896948474,1.6425594378582692e-07,0,1
5.592796398199099,1.642109186391366e-07,0,1
5.5977988994497245,1.5780157627495772e-07,0,1
5.60280140070035,1.5601179708459065e-07,0,1
5.607803901950975,1.4350520030165212e-07,0,1
5.612806403201601,1.4912069030403468e-07,0,1
5.617808904452226,1.4206288639592726e-07,0,1
5.622811405702851,1.3386087832913685e-07,0,1
5.6278139069534765,1.3401053990677512e-07,0,1
5.632816408204102,1.254011423948677e-07,0,1
5.637818909454727,1.2793899789609784e-07,0,1
5.642821410705353,1.2530414107731225e-07,0,1
5.647823911955978,1.1854674059852749e-07,0,1
5.652826413206603,1.1624158623355473e-07,0,1
5.6578289144572285,1.0866117003185817e-07,0,1
5.662831415707854,1.0637708217179383e-07,0,1
5.667833916958479,1.091861763875898e-07,0,1
5.672836418209104,1.0288811852057449e-07,0,1
5.67783891945973,9.817758098417773e-08,0,1
5.682841420710355,9.951028482906318e-08,0,1
5.68784392196098,9.542195272409184e-08,0,1
5.692846423211606,9.222217563486613e-08,0,1
5.697848924462231,8.611272870562154e-08,0,1
5.702851425712856,8.407803577974093e-08,0,1
5.707853926963481,8.713281635342464e-08,0,1
5.712856428214107,8.111258363225658e-08,0,1
5.717858929464732,8.061381512300504e-08,0,1
5.722861430715358,7.627965796440897e-08,0,1
5.727863931965983,7.534831814894797e-08,0,1
5.732866433216608,7.471944136152495e-08,0,1
5.737868934467233,6.978730060924881e-08,0,1
5.742871435717859,6.915148164319698e-08,0,1
5.747873936968484,6.888437310270805e-08,0,1
5.7528764382191095,6.619204414354534e-08,0,1
5.757878939469735,6.089068426198875e-08,0,1
5.76288144072036,6.256906760053007e-08,0,1
5.767883941970985,5.84790290094613e-08,0,1
5.77288644322161,5.607683709243025e-08,0,1
5.777888944472236,5.696579611762164e-08,0,1
5.7828914457228615,5.266828015427624e-08,0,1
5.787893946973487,5.251864723522777e-08,0,1
5.792896448224112,5.12388546035509e-08,0,1
5.797898949474737,5.2078944443259476e-08,0,1
5.802901450725362,4.915195806808217e-08,0,1
5.807903951975987,4.862448137303582e-08,0,1
5.8129064532266135,4.696278148223125e-08,0,1
5.817908954477239,4.4424777102745256e-08,0,1
5.822911455727864,4.4830069395420454e-08,0,1
5.827913956978489,4.275429172622239e-08,0,1
5.832916458229114,4.075847889792937e-08,0,1
5.837918959479739,3.9285582619664486e-08,0,1
5.8429214607303654,3.909440315899487e-08,0,1
5.847923961980991,3.797121137380405e-08,0,1
5.852926463231616,3.7812156880081134e-08,0,1
5.857928964482241,3.487466825818186e-08,0,1
5.862931465732866,3.5544964651192074e-08,0,1
5.867933966983491,3.2886240248890776e-08,0,1
5.8729364682341165,3.2414790239489396e-08,0,1
5.877938969484743,3.198337291791969e-08,0,1
5.882941470735368,3.1703749778238936e-08,0,1
5.887943971985993,2.949517365507617e-08,0,1
5.892946473236618,2.8496497546597295e-08,0,1
5.897948974487243,2.7280867348133366e-08,0,1
5.9029514757378685,2.792932881331691e-08,0,1
5.907953976988494,2.6717885868316302e-08,0,1
5.91295647823912,2.542864552090731e-08,0,1
5.917958979489745,2.5808860280719826e-08,0,1
5.92296148074037,2.4192606923942497e-08,0,1
5.927963981990995,2.3871453117535117e-08,0,1
5.9329664832416205,2.271877780313159e-08,0,1
5.937968984492246,2.2220636964976926e-08,0,1
5.942971485742872,2.1283423090679842e-08,0,1
5.947973986993497,2.1275758585974717e-08,0,1
5.952976488244122,2.004440490445405e-08,0,1
5.957978989494747,2.0183973653845576e-08,0,1
5.962981490745372,1.9067678576499712e-08,0,1
5.967983991995998,1.8779250246112506e-08,0,1
5.972986493246623,1.8011800461188395e-08,0,1
5.977988994497249,1.7895103141137317e-08,0,1
5.982991495747874,1.6832804902305433e-08,0,1
5.987993996998499,1.6683954095509984e-08,0,1
5.992996498249124,1.5861874969503154e-08,0,1
5.99799899949975,1.5457433968812154e-08,0,1
6.003001500750375,1.4851549442302038e-08,0,1
6.008004002001,1.4037192713889104e-08,0,1
6.013006503251626,1.3637925437502632e-08,0,1
6.018009004502251,1.368254881940219e-08,0,1
6.023011505752876,1.2744826165027762e-08,0,1
6.0280140070035015,1.2650318507538805e-08,0,1
6.033016508254127,1.2852384859145267e-08,0,1
6.038019009504752,1.2223304356812292e-08,0,1
6.043021510755377,1.2184575030911933e-08,0,1
6.048024012006003,1.1742116025113638e-08,0,1
6.053026513256628,1.107328390767365e-08,0,1
6.0580290145072535,1.063033776130236e-08,0,1
6.063031515757879,1.001405178789323e-08,0,1
6.068034017008504,9.86957569409953e-09,0,1
6.073036518259129,9.67629203980162e-09,0,1
6.078039019509755,9.242963056815157e-09,0,1
6.08304152076038,9.331049739871312e-09,0,1
6.0880440220110055,8.962369908164425e-09,0,1
6.093046523261631,8.780130210617766e-09,0,1
6.098049024512256,8.73462011710672e-09,0,1
6.103051525762881,8.298888151260524e-09,0,1
6.108054027013506,7.896511675074207e-09,0,1
6.113056528264132,7.423869992355061e-09,0,1
6.118059029514757,7.593049265037089e-09,0,1
6.123061530765383,7.2111330225555976e-09,0,1
6.128064032016008,7.102097792867617e-09,0,1
6.133066533266633,6.6951116894771324e-09,0,1
6.138069034517258,6.591285971666283e-09,0,1
6.143071535767883,6.3113106730416685e-09,0,1
6.148074037018509,5.960471838573067e-09,0,1
6.153076538269135,5.836218450883195e-09,0,1
6.15807903951976,6.001030776652403e-09,0,1
6.163081540770385,5.464960313025974e-09,0,1
6.16808404202101,5.430446806330111e-09,0,1
6.173086543271635,5.176405124405372e-09,0,1
6.178089044522261,5.032732446349119e-09,0,1
6.1830915457728866,5.095294157529663e-09,0,1
6.188094047023512,4.966243318089933e-09,0,1
6.193096548274137,4.55724838301214e-09,0,1
6.198099049524762,4.688829714378068e-09,0,1
6.203101550775387,4.321268263334777e-09,0,1
6.2081040520260125,4.338243341048176e-09,0,1
6.2131065532766385,4.213612433686796e-09,0,1
6.218109054527264,3.875580807943212e-09,0,1
6.223111555777889,3.93380658195241e-09,0,1
6.228114057028514,3.772502630535792e-09,0,1
6.233116558279139,3.696488404957453e-09,0,1
6.238119059529764,3.6136386535226143e-09,0,1
6.24312156078039,3.4657405131471803e-09,0,1
6.248124062031016,3.457144425657825e-09,0,1
6.253126563281641,3.2743571328831782e-09,0,1
6.258129064532266,3.2471628521630743e-09,0,1
6.263131565782891,3.049625199542758e-09,0,1
6.268134067033516,2.9229265026075956e-09,0,1
6.273136568284142,2.8292574499862666e-09,0,1
6.278139069534768,2.836757477523943e-09,0,1
6.283141570785393,2.6305234034988784e-09,0,1
6.288144072036018,2.6525929416619937e-09,0,1
6.293146573286643,2.5147122454063987e-09,0,1
6.298149074537268,2.4209389833740103e-09,0,1
6.3031515757878935,2.3544674961100455e-09,0,1
6.308154077038519,2.1990754647846144e-09,0,1
6.313156578289145,2.2236799506452674e-09,0,1
6.31815907953977,2.0725103643706076e-09,0,1
6.323161580790395,1.9983239794969825e-09,0,1
6.32816408204102,1.9518240936350512e-09,0,1
6.3331665832916455,1.9622933385530314e-09,0,1
6.338169084542271,1.8990606147592944e-09,0,1
6.343171585792896,1.897404728027184e-09,0,1
6.348174087043522,1.8307416268183296e-09,0,1
6.353176588294147,1.7860141495448176e-09,0,1
6.358179089544772,1.691347567587919e-09,0,1
6.3631815907953975,1.6274137468255135e-09,0,1
6.368184092046023,1.6153383515323134e-09,0,1
6.373186593296648,1.4750978152757461e-09,0,1
6.378189094547274,1.4516829838545878e-09,0,1
6.383191595797899,1.4521407665333562e-09,0,1
6.388194097048524,1.3329672779466355e-09,0,1
6.393196598299149,1.3131847694144262e-09,0,1
6.398199099549775,1.3207904769656546e-09,0,1
6.4032016008004,1.2076317451937604e-09,0,1
6.408204102051025,1.217146117721273e-09,0,1
6.413206603301651,1.1824214570619643e-09,0,1
6.418209104552276,1.1293533643808516e-09,0,1
6.423211605802901,1.0613458282866177e-09,0,1
6.428214107053527,1.088187702521438e-09,0,1
6.433216608304152,1.0193739941889538e-09,0,1
6.438219109554777,1.0048268470306643e-09,0,1
6.443221610805402,1.0010315173414963e-09,0,1
6.448224112056028,9.154657779555855e-10,0,1
6.453226613306653,9.006822624062431e-10,0,1
6.4582291145572785,8.975326374738368e-10,0,1
6.463231615807904,8.164718902311429e-10,0,1
6.468234117058529,7.907407485967838e-10,0,1
6.473236618309154,8.191943634925619e-10,0,1
6.478239119559779,7.586839640696142e-10,0,1
6.483241620810405,7.554392840319566e-10,0,1
6.4882441220610305,7.426918485626688e-10,0,1
6.493246623311656,6.973114339446881e-10,0,1
6.498249124562281,6.807285248625135e-10,0,1
6.503251625812906,6.503093749061602e-10,0,1
6.508254127063531,6.233390434331319e-10,0,1
6.513256628314157,6.348660934516709e-10,0,1
6.5182591295647825,5.990518312019573e-10,0,1
6.523261630815408,5.875550549886803e-10,0,1
6.528264132066033,5.441829387848618e-10,0,1
6.533266633316658,5.199060436542078e-10,0,1
6.538269134567283,5.116536832199487e-10,0,1
6.543271635817908,5.21465384728613e-10,0,1
6.5482741370685345,4.928040313100714e-10,0,1
6.55327663831916,4.562912124665244e-10,0,1
6.558279139569785,4.752240901922816e-10,0,1
6.56328164082041,4.326956684811623e-10,0,1
6.568284142071035,4.2299384694061604e-10,0,1
6.57328664332166,4.256703788950908e-10,0,1
6.5782891445722855,3.909597138089346e-10,0,1
6.583291645822912,3.8524724215833425e-10,0,1
6.588294147073537,3.886459286782594e-10,0,1
6.593296648324162,3.748979923182219e-10,0,1
6.598299149574787,3.518442549298872e-10,0,1
6.603301650825412,3.432406741713391e-10,0,1
6.6083041520760375,3.410149914448817e-10,0,1
6.613306653326664,3.1708149181549086e-10,0,1
6.618309154577289,3.1092189414042235e-10,0,1
6.623311655827914,2.979647677410046e-10,0,1
6.628314157078539,2.9931745230102665e-10,0,1
6.633316658329164,2.8764705611528467e-10,0,1
6.6383191595797895,2.590609302032195e-10,0,1
6.643321660830415,2.6311707000790246e-10,0,1
6.648324162081041,2.423977118386614e-10,0,1
6.653326663331666,2.485890686623403e-10,0,1
6.658329164582291,2.2966842454714817e-10,0,1
6.663331665832916,2.2945560218581564e-10,0,1
6.668334167083541,2.2452855588762298e-10,0,1
6.673336668334167,2.183401584362226e-10,0,1
6.678339169584792,2.0396579445933488e-10,0,1
6.683341670835418,1.9285368677346803e-10,0,1
6.688344172086043,1.9671017944375897e-10,0,1
6.693346673336668,1.8019846449726862e-10,0,1
6.698349174587293,1.8220018267640558e-10,0,1
6.703351675837919,1.7619516498867682e-10,0,1
6.708354177088544,1.6896126748831288e-10,0,1
6.71335667833917,1.6335661184910253e-10,0,1
6.718359179589795,1.5583208344793478e-10,0,1
6.72336168084042,1.5276611099852474e-10,0,1
6.728364182091045,1.5019044354871262e-10,0,1
6.7333666833416705,1.390409365344307e-10,0,1
6.738369184592296,1.3557656440915622e-10,0,1
6.743371685842921,1.3504999147333292e-10,0,1
6.748374187093547,1.3175288485112728e-10,0,1
6.753376688344172,1.226152352425966e-10,0,1
6.758379189594797,1.245077080615704e-10,0,1
6.7633816908454225,1.1940777048599882e-10,0,1
6.768384192096048,1.1455084662644417e-10,0,1
6.773386693346673,1.1232069591215995e-10,0,1
6.778389194597298,1.0951595267067786e-10,0,1
6.783391695847924,1.0182876527259467e-10,0,1
6.788394197098549,9.778987377759826e-11,0,1
6.7933966983491745,9.393259731295674e-11,0,1
6.7983991995998,9.521366657257058e-11,0,1
6.803401700850425,8.917304094654087e-11,0,1
6.80840420210105,8.64426649278545e-11,0,1
6.813406703351676,8.197069131387603e-11,0,1
6.818409204602301,7.87856193213234e-11,0,1
6.8234117058529264,7.995496914512215e-11,0,1
6.828414207103552,7.579158854455743e-11,0,1
6.833416708354177,7.307847922586694e-11,0,1
6.838419209604802,6.99721848512442e-11,0,1
6.843421710855427,6.941037227995327e-11,0,1
6.848424212106053,6.460397604572668e-11,0,1
6.853426713356678,6.3038365472812e-11,0,1
6.858429214607304,6.085528366155899e-11,0,1
6.863431715857929,5.9220742770494e-11,0,1
6.868434217108554,5.504746105248966e-11,0,1
6.873436718359179,5.383773373929836e-11,0,1
6.878439219609804,5.465577427176584e-11,0,1
6.88344172086043,5.228277754581908e-11,0,1
6.888444222111056,4.9697166715354724e-11,0,1
6.893446723361681,4.8810192146138656e-11,0,1
6.898449224612306,4.6525134219306953e-11,0,1
6.903451725862931,4.4512121584658766e-11,0,1
6.908454227113556,4.2823825933014286e-11,0,1
6.9134567283641815,4.295011922901477e-11,0,1
6.9184592296148075,3.8851378400185206e-11,0,1
6.923461730865433,3.778974399494895e-11,0,1
6.928464232116058,3.731989173871424e-11,0,1
6.933466733366683,3.775402746706197e-11,0,1
6.938469234617308,3.566849911823994e-11,0,1
6.943471735867933,3.4957996276567173e-11,0,1
6.9484742371185595,3.288155687227574e-11,0,1
6.953476738369185,3.2457656102049344e-11,0,1
6.95847923961981,3.0226263836271356e-11,0,1
6.963481740870435,2.984454351420325e-11,0,1
6.96848424212106,2.7708435924758365e-11,0,1
6.973486743371685,2.6963195043757333e-11,0,1
6.978489244622311,2.6250336655931614e-11,0,1
6.983491745872937,2.5557787682106816e-11,0,1
6.988494247123562,2.5615704625085535e-11,0,1
6.993496748374187,2.4780040779477505e-11,0,1
6.998499249624812,2.3718374723364455e-11,0,1
7.003501750875437,2.2812709039310036e-11,0,1
7.0085042521260625,2.0927144699228284e-11,0,1
7.013506753376688,2.131468322153412e-11,0,1
7.018509254627314,1.9474703153682082e-11,0,1
7.023511755877939,1.9134633493440127e-11,0,1
7.028514257128564,1.809368016795569e-11,0,1
7.033516758379189,1.8520655347450884e-11,0,1
7.0385192596298145,1.7148412506948002e-11,0,1
7.04352176088044,1.6865116375541827e-11,0,1
7.048524262131066,1.595388110041708e-11,0,1
7.053526763381691,1.584277852196933e-11,0,1
7.058529264632316,1.5443765053705266e-11,0,1
7.063531765882941,1.5020037980837204e-11,0,1
7.0685342671335665,1.4179749599716717e-11,0,1
7.073536768384192,1.3240624575258997e-11,0,1
7.078539269634817,1.3501583434683945e-11,0,1
7.083541770885443,1.2561773069824769e-11,0,1
7.088544272136068,1.1895181987848618e-11,0,1
7.093546773386693,1.170246170427502e-11,0,1
7.098549274637318,1.1289127303164133e-11,0,1
7.103551775887944,1.0783056954314409e-11,0,1
7.108554277138569,1.0865955148475908e-11,0,1
7.113556778389194,1.049669083589899e-11,0,1
7.11855927963982,1.0020836566904242e-11,0,1
7.123561780890445,9.516522310297317e-12,0,1
7.12856428214107,9.028062454815698e-12,0,1
7.133566783391696,9.074530705046749e-12,0,1
7.138569284642321,8.597973339679752e-12,0,1
7.143571785892946,8.227642696960413e-12,0,1
7.148574287143572,8.110782201989257e-12,0,1
7.153576788394197,7.663598015165648e-12,0,1
7.158579289644822,7.421917995584879e-12,0,1
7.1635817908954476,7.183378938217114e-12,0,1
7.168584292146073,6.763310593614654e-12,0,1
7.173586793396698,6.749331224601874e-12,0,1
7.178589294647323,6.2506253152780284e-12,0,1
7.183591795897949,5.988694023713102e-12,0,1
7.188594297148574,6.145671850095653e-12,0,1
7.1935967983991995,5.8277326353121074e-12,0,1
7.198599299649825,5.546199153645375e-12,0,1
7.20360180090045,5.510139314974266e-12,0,1
7.208604302151075,5.343499939271504e-12,0,1
7.2136068034017,4.960094556173271e-12,0,1
7.218609304652326,4.850112819690405e-12,0,1
7.2236118059029515,4.776744809700714e-12,0,1
7.228614307153577,4.6776279229941445e-12,0,1
7.233616808404202,4.2288719801025495e-12,0,1
7.238619309654827,4.149016336071855e-12,0,1
7.243621810905452,3.901995331183825e-12,0,1
7.248624312156078,3.978920295996935e-12,0,1
7.2536268134067035,3.869268102574053e-12,0,1
7.258629314657329,3.752352999164861e-12,0,1
7.263631815907954,3.5394889842955885e-12,0,1
7.268634317158579,3.411790568086627e-12,0,1
7.273636818409204,3.3222278703737602e-12,0,1
7.278639319659829,3.069566227617598e-12,0,1
7.283641820910455,2.960630368544078e-12,0,1
7.288644322161081,2.9482884397163602e-12,0,1
7.293646823411706,2.7975070814845703e-12,0,1
7.298649324662331,2.6188709656413346e-12,0,1
7.303651825912956,2.639037955472504e-12,0,1
7.308654327163581,2.530832098834573e-12,0,1
7.3136568284142065,2.352359161415361e-12,0,1
7.318659329664833,2.423457215433882e-12,0,1
7.323661830915458,2.29169831949339e-12,0,1
7.328664332166083,2.1853748422908677e-12,0,1
7.333666833416708,2.1582199818339126e-12,0,1
7.338669334667333,2.0971374266541365e-12,0,1
7.3436718359179585,1.8791024082799048e-12,0,1
7.348674337168584,1.8443760707579076e-12,0,1
7.35367683841921,1.8507171424958045e-12,0,1
7.358679339669835,1.6796266745515214e-12,0,1
7.36368184092046,1.633109605707086e-12,0,1
7.368684342171085,1.6809699531960575e-12,0,1
7.37368684342171,1.5372822551671537e-12,0,1
7.378689344672336,1.5269023161351436e-12,0,1
7.383691845922962,1.4632557506275374e-12,0,1
7.388694347173587,1.4450693922274013e-12,0,1
7.393696848424212,1.346157898637407e-12,0,1
7.398699349674837,1.3050895051297854e-12,0,1
7.403701850925462,1.2571564170968194e-12,0,1
7.408704352176088,1.1985083155460917e-12,0,1
7.413706853426713,1.1824208330134035e-12,0,1
7.418709354677339,1.1016534748092166e-12,0,1
7.423711855927964,1.0612065317581269e-12,0,1
7.428714357178589,1.0206186989228208e-12,0,1
7.433716858429214,1.010220593332141e-12,0,1
7.4387193596798395,9.336394338827896e-13,0,1
7.443721860930465,9.085947337415591e-13,0,1
7.44872436218109,8.933384222658323e-13,0,1
7.453726863431716,8.600731411690731e-13,0,1
7.458729364682341,8.377635583823423e-13,0,1
7.463731865932966,7.691444832546719e-13,0,1
7.4687343671835915,7.547981319189103e-13,0,1
7.473736868434217,7.314187223467749e-13,0,1
7.478739369684842,7.021908207984305e-13,0,1
7.483741870935468,7.085241207373002e-13,0,1
7.488744372186093,6.895836161150317e-13,0,1
7.493746873436718,6.566319064317861e-13,0,1
7.4987493746873435,6.197303616466021e-13,0,1
7.503751875937969,5.715550578006111e-13,0,1
7.508754377188594,5.640698579006118e-13,0,1
7.513756878439219,5.559299608656882e-13,0,1
7.518759379689845,5.429479373953131e-13,0,1
7.52376188094047,4.950325958744349e-13,0,1
7.5287643821910955,5.061913369574309e-13,0,1
7.533766883441721,4.586575188513336e-13,0,1
7.538769384692346,4.6495675570525e-13,0,1
7.543771885942971,4.388233962605947e-13,0,1
7.548774387193596,4.2854154852137093e-13,0,1
7.553776888444222,4.1630154411464835e-13,0,1
7.558779389694847,4.0673492338672103e-13,0,1
7.563781890945473,3.841561131914163e-13,0,1
7.568784392196098,3.703451003600439e-13,0,1
7.573786893446723,3.446572121838366e-13,0,1
7.578789394697348,3.2818518559095983e-13,0,1
7.583791895947974,3.161929101746043e-13,0,1
7.588794397198599,3.181902624509937e-13,0,1
7.593796898449225,3.124744944747965e-13,0,1
7.59879939969985,2.9414862848657095e-13,0,1
7.603801900950475,2.7329762497748063e-13,0,1
7.6088044022011,2.6732690403192116e-13,0,1
7.613806903451725,2.646972369604363e-13,0,1
7.618809404702351,2.3866999260153674e-13,0,1
7.6238119059529765,2.401933323598587e-13,0,1
7.628814407203602,2.3502162964738116e-13,0,1
7.633816908454227,2.1617587253800198e-13,0,1
7.638819409704852,2.0898719523616936e-13,0,1
7.643821910955477,2.0933377771420533e-13,0,1
7.648824412206102,1.9703254049356704e-13,0,1
7.6538269134567285,1.8804013453543442e-13,0,1
7.658829414707354,1.8986779785669448e-13,0,1
7.663831915957979,1.8114714454062291e-13,0,1
7.668834417208604,1.6437918861615865e-13,0,1
7.673836918459229,1.652786828814439e-13,0,1
7.678839419709854,1.5460746110160665e-13,0,1
7.6838419209604805,1.5632030745935215e-13,0,1
7.688844422211106,1.49009460571918e-13,0,1
7.693846923461731,1.4281656388825348e-13,0,1
7.698849424712356,1.3350147565586464e-13,0,1
7.703851925962981,1.3075693686124442e-13,0,1
7.708854427213606,1.2818584793112005e-13,0,1
7.7138569284642315,1.1666570414982451e-13,0,1
7.718859429714858,1.1836746483588684e-13,0,1
7.723861930965483,1.1384646670859153e-13,0,1
7.728864432216108,1.0741251810336099e-13,0,1
7.733866933466733,1.02668362254902e-13,0,1
7.738869434717358,9.746102442980159e-14,0,1
7.7438719359679835,9.542408003439634e-14,0,1
7.748874437218609,9.332567737664032e-14,0,1
7.753876938469235,8.901591434401164e-14,0,1
7.75887943971986,8.713418024647187e-14,0,1
7.763881940970485,7.988920516567503e-14,0,1
7.76888444222111,7.62690848016088e-14,0,1
7.7738869434717355,7.303365794149536e-14,0,1
7.778889444722361,7.133090469034553e-14,0,1
7.783891945972986,7.2293246411078e-14,0,1
7.788894447223612,6.599063150352986e-14,0,1
7.793896948474237,6.690528068650377e-14,0,1
7.798899449724862,6.147999324028842e-14,0,1
7.8039019509754874,5.74404178986655e-14,0,1
7.808904452226113,5.758636578331422e-14,0,1
7.813906953476738,5.3872317306830915e-14,0,1
7.818909454727364,5.1421768585348884e-14,0,1
7.823911955977989,5.180525864636816e-14,0,1
7.828914457228614,4.89601493341132e-14,0,1
7.833916958479239,4.829278538193291e-14,0,1
7.838919459729865,4.580283596841017e-14,0,1
7.84392196098049,4.298443312714514e-14,0,1
7.848924462231115,4.089417660899143e-14,0,1
7.853926963481741,4.186136114250768e-14,0,1
7.858929464732366,3.9716125386313115e-14,0,1
7.863931965982991,3.6254739895369335e-14,0,1
7.868934467233617,3.677431161378206e-14,0,1
7.873936968484242,3.575594207430118e-14,0,1
7.878939469734867,3.303571029018803e-14,0,1
7.883941970985492,3.283180683704631e-14,0,1
7.888944472236118,3.0183452736124444e-14,0,1
7.893946973486743,3.010374457121306e-14,0,1
7.8989494747373685,2.8916003060503673e-14,0,1
7.903951975987994,2.63416634235238e-14,0,1
7.908954477238619,2.7128852457664702e-14,0,1
7.913956978489244,2.452785901031244e-14,0,1
7.91895947973987,2.4456316607295772e-14,0,1
7.923961980990495,2.3813216297378312e-14,0,1
7.9289644822411205,2.1531359757183926e-14,0,1
7.933966983491746,2.2065553247295818e-14,0,1
7.938969484742371,2.1115663001015546e-14,0,1
7.943971985992996,2.0160260362192538e-14,0,1
7.948974487243621,1.8560252539833257e-14,0,1
7.953976988494247,1.7906749705193148e-14,0,1
7.9589794897448725,1.7443741334942036e-14,0,1
7.963981990995498,1.708223781989096e-14,0,1
7.968984492246123,1.6334169917222277e-14,0,1
7.973986993496748,1.6023119555373764e-14,0,1
7.978989494747373,1.5458831930638297e-14,0,1
7.983991995997998,1.3868110728014424e-14,0,1
7.988994497248624,1.3727113357106688e-14,0,1
7.99399699849925,1.2948831155152454e-14,0,1
7.998999499749875,1.2440905093017964e-14,0,1
8.0040020010005,1.2447688750431281e-14,0,1
8.009004502251125,1.1805105764615865e-14,0,1
8.014007003501751,1.1387923606501802e-14,0,1
8.019009504752376,1.0827140608128115e-14,0,1
8.024012006003002,1.0846324061185368e-14,0,1
8.029014507253626,9.645214512993753e-15,0,1
8.034017008504252,9.991533799111553e-15,0,1
8.039019509754878,9.533528896266746e-15,0,1
8.044022011005502,9.04539253178751e-15,0,1
8.049024512256128,8.865873178742905e-15,0,1
8.054027013506753,8.2449946130498e-15,0,1
8.059029514757379,7.816282626200635e-15,0,1
8.064032016008003,7.314404358302854e-15,0,1
8.069034517258629,7.509757949259378e-15,0,1
8.074037018509255,6.9782518184492776e-15,0,1
8.07903951975988,6.795375556356886e-15,0,1
8.084042021010506,6.483658947025018e-15,0,1
8.08904452226113,6.323476220678614e-15,0,1
8.094047023511756,5.854804143772791e-15,0,1
8.09904952476238,5.482508822219415e-15,0,1
8.104052026013006,5.623819932094464e-15,0,1
8.109054527263632,5.402730517074917e-15,0,1
8.114057028514257,4.967840034516536e-15,0,1
8.119059529764883,4.792719624933636e-15,0,1
8.124062031015507,4.804075170564642e-15,0,1
8.129064532266133,4.559198190880021e-15,0,1
8.134067033516757,4.367788001571863e-15,0,1
8.139069534767383,3.976947090647924e-15,0,1
8.14407203601801,3.956363954011424e-15,0,1
8.149074537268634,3.729261042630539e-15,0,1
8.15407703851926,3.7859174623825345e-15,0,1
8.159079539769884,3.400214313053993e-15,0,1
8.16408204102051,3.4705442656043347e-15,0,1
8.169084542271134,3.123125206313988e-15,0,1
8.17408704352176,3.1721586422105446e-15,0,1
8.179089544772387,3.0502587634647306e-15,0,1
8.18409204602301,2.8216985929147325e-15,0,1
8.189094547273637,2.7522153667881686e-15,0,1
8.194097048524261,2.627883127137065e-15,0,1
8.199099549774887,2.4806331250966497e-15,0,1
8.204102051025513,2.440476582215962e-15,0,1
8.209104552276138,2.2617920927963818e-15,0,1
8.214107053526764,2.2805853510802956e-15,0,1
8.219109554777388,2.1751855108245235e-15,0,1
8.224112056028014,2.052673158185027e-15,0,1
8.229114557278638,1.9584003877491207e-15,0,1
8.234117058529264,1.9516074445968067e-15,0,1
8.23911955977989,1.7456309966318483e-15,0,1
8.244122061030515,1.801626209012663e-15,0,1
8.24912456228114,1.610032269382407e-15,0,1
8.254127063531765,1.5417404573998628e-15,0,1
8.259129564782391,1.5514264484630279e-15,0,1
8.264132066033016,1.456335708029878e-15,0,1
8.269134567283642,1.3877403484676096e-15,0,1
8.274137068534268,1.4112809805824755e-15,0,1
8.279139569784892,1.3375998348372922e-15,0,1
8.284142071035518,1.2063298794525418e-15,0,1
8.289144572286142,1.193506176542157e-15,0,1
8.294147073536768,1.110585955029729e-15,0,1
8.299149574787393,1.0820048933369555e-15,0,1
8.304152076038019,1.0629001466557535e-15,0,1
8.309154577288645,1.0225127869426124e-15,0,1
8.314157078539269,9.678578521430392e-16,0,1
8.319159579789895,9.497250210942416e-16,0,1
8.32416208104052,9.267336197766953e-16,0,1
8.329164582291146,8.732874670086043e-16,0,1
8.33416708354177,8.096951693034029e-16,0,1
8.339169584792396,7.802803571595518e-16,0,1
8.344172086043022,7.852840464374034e-16,0,1
8.349174587293646,7.041756190927293e-16,0,1
8.354177088544272,7.257148992626e-16,0,1
8.359179589794897,6.582443509723023e-16,0,1
8.364182091045523,6.23489873154624e-16,0,1
8.369184592296147,6.298742521466929e-16,0,1
8.374187093546773,5.940440718576483e-16,0,1
8.379189594797399,5.46727070202551e-16,0,1
8.384192096048023,5.4786164103273705e-16,0,1
8.38919459729865,5.200828637315759e-16,0,1
8.394197098549274,4.860632289246984e-16,0,1
8.3991995997999,4.808179135998508e-16,0,1
8.404202101050526,4.615435606181567e-16,0,1
8.40920460230115,4.356761121127854e-16,0,1
8.414207103551776,4.087534050528682e-16,0,1
8.4192096048024,4.0717567149153864e-16,0,1
8.424212106053027,4.007604060180373e-16,0,1
8.429214607303651,3.670621431937135e-16,0,1
8.434217108554277,3.4726003492931874e-16,0,1
8.439219609804903,3.3626948952962505e-16,0,1
8.444222111055527,3.3919874431804385e-16,0,1
8.449224612306153,3.2438854323434287e-16,0,1
8.454227113556778,3.013189691949508e-16,0,1
8.459229614807404,2.8718171985009454e-16,0,1
8.464232116058028,2.864209731910777e-16,0,1
8.469234617308654,2.7166331113876377e-16,0,1
8.47423711855928,2.5018938952080066e-16,0,1
8.479239619809904,2.442490538892859e-16,0,1
8.48424212106053,2.248748443389204e-16,0,1
8.489244622311155,2.1957756153762143e-16,0,1
8.494247123561781,2.1310820181918196e-16,0,1
8.499249624812405,2.059296051933728e-16,0,1
8.504252126063031,1.917305427170731e-16,0,1
8.509254627313657,1.9153349230095222e-16,0,1
8.514257128564282,1.8161053146935028e-16,0,1
8.519259629814908,1.7530097521734277e-16,0,1
8.524262131065532,1.715870118137158e-16,0,1
8.529264632316158,1.5621842795106296e-16,0,1
8.534267133566782,1.5196587242254938e-16,0,1
8.539269634817408,1.5192791294083174e-16,0,1
8.544272136068034,1.401811300035881e-16,0,1
8.549274637318659,1.3345526150657035e-16,0,1
8.554277138569285,1.2964080607179127e-16,0,1
8.55927963981991,1.2240488491163376e-16,0,1
8.564282141070535,1.20205978307513e-16,0,1
8.56928464232116,1.0914727724945597e-16,0,1
8.574287143571786,1.1289565261311806e-16,0,1
8.579289644822412,1.0127072603092659e-16,0,1
8.584292146073036,9.712551184554405e-17,0,1
8.589294647323662,9.626823284968532e-17,0,1
8.594297148574286,9.113694874642691e-17,0,1
8.599299649824912,8.42673899279042e-17,0,1
8.604302151075537,8.40398412628174e-17,0,1
8.609304652326163,8.208408826942952e-17,0,1
8.614307153576789,7.909605660611065e-17,0,1
8.619309654827413,7.11435956780461e-17,0,1
8.62431215607804,7.125355656004376e-17,0,1
8.629314657328663,6.603774269078837e-17,0,1
8.63431715857929,6.415296629365427e-17,0,1
8.639319659829916,6.386755352316854e-17,0,1
8.64432216108054,5.876938670273567e-17,0,1
8.649324662331166,5.825586184548152e-17,0,1
8.65432716358179,5.320875208446216e-17,0,1
8.659329664832416,5.284990501006637e-17,0,1
8.66433216608304,4.9012565895732225e-17,0,1
8.669334667333667,4.7554629158644206e-17,0,1
8.674337168584293,4.5362190200652724e-17,0,1
8.679339669834917,4.3684928696350145e-17,0,1
8.684342171085543,4.247929835257865e-17,0,1
8.689344672336167,3.8891084948707485e-17,0,1
8.694347173586793,3.7072680239859465e-17,0,1
8.699349674837418,3.7471706281508494e-17,0,1
8.704352176088044,3.6702175159891844e-17,0,1
8.70935467733867,3.274548482353161e-17,0,1
8.714357178589294,3.2255036366291353e-17,0,1
8.71935967983992,3.014064646579941e-17,0,1
8.724362181090545,3.0161876400054115e-17,0,1
8.72936468234117,2.7484849985013264e-17,0,1
8.734367183591795,2.6365634512647835e-17,0,1
8.739369684842421,2.603931128870466e-17,0,1
8.744372186093047,2.478103255069057e-17,0,1
8.749374687343671,2.3268046588960078e-17,0,1
8.754377188594297,2.2623485246078796e-17,0,1
8.759379689844922,2.255856910982881e-17,0,1
8.764382191095548,2.1533154532901383e-17,0,1
8.769384692346172,2.0000671264939892e-17,0,1
8.774387193596798,1.9312338616561418e-17,0,1
8.779389694847424,1.7585527564698348e-17,0,1
8.784392196098048,1.7062490862868235e-17,0,1
8.789394697348675,1.6742983792183124e-17,0,1
8.794397198599299,1.6642996784174793e-17,0,1
8.799399699849925,1.5172904575431125e-17,0,1
8.80440220110055,1.423442808454377e-17,0,1
8.809404702351175,1.459463549912367e-17,0,1
8.814407203601801,1.3691434917565848e-17,0,1
8.819409704852426,1.2861046991023803e-17,0,1
8.824412206103052,1.1880174472568066e-17,0,1
8.829414707353676,1.1663426348195844e-17,0,1
8.834417208604302,1.1252984764912501e-17,0,1
8.839419709854928,1.0640399276872251e-17,0,1
8.844422211105552,1.011417762216836e-17,0,1
8.849424712356178,9.774138404355408e-18,0,1
8.854427213606803,9.756691425736092e-18,0,1
8.859429714857429,9.064610453839566e-18,0,1
8.864432216108053,8.43867517401065e-18,0,1
8.86943471735868,8.156500923523454e-18,0,1
8.874437218609305,8.181083557205912e-18,0,1
8.87943971985993,7.443943934972015e-18,0,1
8.884442221110556,7.15644000820414e-18,0,1
8.88944472236118,7.138116305207652e-18,0,1
8.894447223611806,6.40227431946517e-18,0,1
8.89944972486243,6.0968758151472984e-18,0,1
8.904452226113056,5.878075512578867e-18,0,1
8.909454727363682,5.9420704323041694e-18,0,1
8.914457228614307,5.421936341128284e-18,0,1
8.919459729864933,5.186273413832616e-18,0,1
8.924462231115557,5.121109204643993e-18,0,1
8.929464732366183,4.924488364541858e-18,0,1
8.934467233616807,4.5455688200759796e-18,0,1
8.939469734867433,4.269881170675483e-18,0,1
8.94447223611806,4.3324887266892646e-18,0,1
8.949474737368684,4.1269634849443814e-18,0,1
8.95447723861931,3.883038934797848e-18,0,1
8.959479739869934,3.570207330793336e-18,0,1
8.96448224112056,3.4114658482989444e-18,0,1
8.969484742371185,3.2590841615364565e-18,0,1
8.97448724362181,3.171043589668807e-18,0,1
8.979489744872437,3.046930465066177e-18,0,1
8.984492246123061,2.9543822347601954e-18,0,1
8.989494747373687,2.746910248680437e-18,0,1
8.994497248624311,2.6237604700633005e-18,0,1
8.999499749874937,2.627154517909226e-18,0,1
9.004502251125562,2.471591070855499e-18,0,1
9.009504752376188,2.4561364979460503e-18,0,1
9.014507253626814,2.273966014972048e-18,0,1
9.019509754877438,2.190682834886987e-18,0,1
9.024512256128064,2.1342305003192525e-18,0,1
9.029514757378688,2.0511913739431187e-18,0,1
9.034517258629315,1.875329562727791e-18,0,1
9.039519759879939,1.865074130497843e-18,0,1
9.044522261130565,1.7039554064959977e-18,0,1
9.049524762381191,1.5954293362437813e-18,0,1
9.054527263631815,1.5559843216013199e-18,0,1
9.059529764882441,1.4919031410980736e-18,0,1
9.064532266133066,1.4453543456511524e-18,0,1
9.069534767383692,1.4226196129938976e-18,0,1
9.074537268634318,1.3657316486124925e-18,0,1
9.079539769884942,1.2246701635057588e-18,0,1
9.084542271135568,1.2184121530884257e-18,0,1
9.089544772386192,1.1632186346965408e-18,0,1
9.094547273636818,1.0695637329581356e-18,0,1
9.099549774887443,1.0879116304349028e-18,0,1
9.104552276138069,1.0270223793390944e-18,0,1
9.109554777388695,9.687084590330053e-19,0,1
9.11455727863932,8.793309335508807e-19,0,1
9.119559779889945,8.515622693195844e-19,0,1
9.12456228114057,8.59116684538853e-19,0,1
9.129564782391196,8.019990523488217e-19,0,1
9.13456728364182,7.49733203238679e-19,0,1
9.139569784892446,7.079368201396126e-19,0,1
9.144572286143072,7.010629106114188e-19,0,1
9.149574787393696,6.533178328743724e-19,0,1
9.154577288644322,6.301430728413736e-19,0,1
9.159579789894947,6.156723833337251e-19,0,1
9.164582291145573,5.642058651011182e-19,0,1
9.169584792396197,5.351062510762694e-19,0,1
9.174587293646823,5.077645224301242e-19,0,1
9.17958979489745,5.031412421288549e-19,0,1
9.184592296148073,4.859383200097516e-19,0,1
9.1895947973987,4.688597600543835e-19,0,1
9.194597298649324,4.486802946245628e-19,0,1
9.19959979989995,4.2839549199241114e-19,0,1
9.204602301150574,3.957587651033021e-19,0,1
9.2096048024012,3.758024774590475e-19,0,1
9.214607303651826,3.6305690029934665e-19,0,1
9.21960980490245,3.4239631552764755e-19,0,1
9.224612306153077,3.1952117552968314e-19,0,1
9.229614807403701,3.1165999709282394e-19,0,1
9.234617308654327,3.0495869718576107e-19,0,1
9.239619809904951,2.894203531374719e-19,0,1
9.244622311155577,2.858887116332311e-19,0,1
9.249624812406203,2.5727310943708074e-19,0,1
9.254627313656828,2.6102622027300615e-19,0,1
9.259629814907454,2.4841404775066764e-19,0,1
9.264632316158078,2.3061790575858455e-19,0,1
9.269634817408704,2.2720936063653916e-19,0,1
9.27463731865933,2.086628673235712e-19,0,1
9.279639819909955,2.0564273333544474e-19,0,1
9.28464232116058,1.8587338875145557e-19,0,1
9.289644822411205,1.752984777541676e-19,0,1
9.294647323661831,1.7505009301195778e-19,0,1
9.299649824912455,1.6828861706706867e-19,0,1
9.304652326163081,1.5975292091234713e-19,0,1
9.309654827413707,1.5047039564335892e-19,0,1
9.314657328664332,1.4911571009512317e-19,0,1
9.319659829914958,1.332306245058226e-19,0,1
9.324662331165582,1.3062282405744277e-19,0,1
9.329664832416208,1.2802313004528391e-19,0,1
9.334667333666832,1.17429489691152e-19,0,1
9.339669834917459,1.128978597013251e-19,0,1
9.344672336168085,1.091336294872204e-19,0,1
9.349674837418709,1.0740717742202433e-19,0,1
9.354677338669335,9.962375147532216e-20,0,1
9.35967983991996,9.8441315055793e-20,0,1
9.364682341170585,9.31573076512046e-20,0,1
9.36968484242121,8.589159661327913e-20,0,1
9.374687343671836,8.174316319392992e-20,0,1
9.379689844922462,7.9854776833192e-20,0,1
9.384692346173086,7.54813829469158e-20,0,1
9.389694847423712,6.89299213365302e-20,0,1
9.394697348674336,6.68506090086159e-20,0,1
9.399699849924962,6.487953554566435e-20,0,1
9.404702351175587,6.45334962969174e-20,0,1
9.409704852426213,5.785407294968163e-20,0,1
9.414707353676839,5.625416299878647e-20,0,1
9.419709854927463,5.612744867279228e-20,0,1
9.42471235617809,4.9710502645993655e-20,0,1
9.429714857428714,4.8405356678324244e-20,0,1
9.43471735867934,4.733213540738175e-20,0,1
9.439719859929964,4.645836698256711e-20,0,1
9.44472236118059,4.310758574605708e-20,0,1
9.449724862431216,4.029279682974985e-20,0,1
9.45472736368184,3.810331864986978e-20,0,1
9.459729864932466,3.621164207698676e-20,0,1
9.46473236618309,3.549217615674915e-20,0,1
9.469734867433717,3.3163023512554727e-20,0,1
9.474737368684341,3.1838455960210145e-20,0,1
9.479739869934967,3.0554341209190055e-20,0,1
9.484742371185593,2.911530713531118e-20,0,1
9.489744872436217,2.696398909159536e-20,0,1
9.494747373686844,2.6096242447919768e-20,0,1
9.499749874937468,2.45729850138603e-20,0,1
9.504752376188094,2.3638425314402007e-20,0,1
9.50975487743872,2.2280493663787967e-20,0,1
9.514757378689344,2.1944201354448232e-20,0,1
9.51975987993997,2.1575141144021856e-20,0,1
9.524762381190595,1.965228987510538e-20,0,1
9.52976488244122,1.912252298834657e-20,0,1
9.534767383691845,1.8787064884752093e-20,0,1
9.539769884942471,1.7821578517350926e-20,0,1
9.544772386193097,1.631857046527845e-20,0,1
9.549774887443721,1.6163320876053692e-20,0,1
9.554777388694347,1.4647670154162893e-20,0,1
9.559779889944972,1.4471467739503692e-20,0,1
9.564782391195598,1.3442299362351684e-20,0,1
9.569784892446222,1.3103403106572319e-20,0,1
9.574787393696848,1.2193971002036647e-20,0,1
9.579789894947474,1.1418748531960938e-20,0,1
9.584792396198099,1.1374658524429171e-20,0,1
9.589794897448725,1.0910150617500477e-20,0,1
9.594797398699349,9.962864903838863e-21,0,1
9.599799899949975,9.602976153963523e-21,0,1
9.6048024012006,9.009563952263815e-21,0,1
9.609804902451225,8.643695839817048e-21,0,1
9.614807403701851,8.132395347677752e-21,0,1
9.619809904952476,8.243494032041775e-21,0,1
9.624812406203102,7.511542947119031e-21,0,1
9.629814907453726,7.087037543358788e-21,0,1
9.634817408704352,6.684646251812344e-21,0,1
9.639819909954976,6.512394694065349e-21,0,1
9.644822411205602,6.487246944115943e-21,0,1
9.649824912456229,5.991446071240615e-21,0,1
9.654827413706853,5.5248419047904095e-21,0,1
9.659829914957479,5.521811762782287e-21,0,1
9.664832416208103,5.044167841274317e-21,0,1
9.66983491745873,5.144949164009168e-21,0,1
9.674837418709354,4.772787467587945e-21,0,1
9.67983991995998,4.404618042967899e-21,0,1
9.684842421210606,4.439565255151687e-21,0,1
9.68984492246123,4.2409841513093585e-21,0,1
9.694847423711856,4.015748863514588e-21,0,1
9.69984992496248,3.726822565509117e-21,0,1
9.704852426213106,3.517672296349097e-21,0,1
9.709854927463732,3.2640152088068102e-21,0,1
9.714857428714357,3.238239138808524e-21,0,1
9.719859929964983,3.0071862008441647e-21,0,1
9.724862431215607,2.999256847162616e-21,0,1
9.729864932466233,2.7281237903397015e-21,0,1
9.734867433716857,2.6286172426628316e-21,0,1
9.739869934967484,2.5250841634915482e-21,0,1
9.74487243621811,2.438453842130284e-21,0,1
9.749874937468734,2.229895968098772e-21,0,1
9.75487743871936,2.162476588446806e-21,0,1
9.759879939969984,2.1349220207532605e-21,0,1
9.76488244122061,1.962960830270707e-21,0,1
9.769884942471235,1.94808829048925e-21,0,1
9.77488744372186,1.8019618018360436e-21,0,1
9.779889944972487,1.713643289973072e-21,0,1
9.784892446223111,1.5952688440951674e-21,0,1
9.789894947473737,1.5548568899672316e-21,0,1
9.794897448724361,1.4795336047642781e-21,0,1
9.799899949974987,1.3706090439876373e-21,0,1
9.804902451225612,1.2814666319216037e-21,0,1
9.809904952476238,1.2477606881737465e-21,0,1
9.814907453726864,1.1913027585716702e-21,0,1
9.819909954977488,1.1757410055141456e-21,0,1
9.824912456228114,1.0826243381422167e-21,0,1
9.829914957478739,1.0703809637183879e-21,0,1
9.834917458729365,9.59193620634636e-22,0,1
9.839919959979989,9.568684619435917e-22,0,1
9.844922461230615,9.105850868660764e-22,0,1
9.849924962481241,8.820855521507133e-22,0,1
9.854927463731865,7.928375087256368e-22,0,1
9.859929964982491,7.86225160099208e-22,0,1
9.864932466233116,7.301634619707609e-22,0,1
9.869934967483742,6.921492274746971e-22,0,1
9.874937468734366,6.722339871188045e-22,0,1
9.879939969984992,6.614593977621598e-22,0,1
9.884942471235618,6.169137935895723e-22,0,1
9.889944972486242,5.916423682573499e-22,0,1
9.894947473736869,5.566630235650995e-22,0,1
9.899949974987493,5.292723603311675e-22,0,1
9.904952476238119,4.782827407295075e-22,0,1
9.909954977488743,4.783929951899521e-22,0,1
9.91495747873937,4.629354650287516e-22,0,1
9.919959979989995,4.3978703875796505e-22,0,1
9.92496248124062,4.140017488691566e-22,0,1
9.929964982491246,3.8675445884961653e-22,0,1
9.93496748374187,3.7474118655654e-22,0,1
9.939969984992496,3.374524700588056e-22,0,1
9.944972486243122,3.2207035204477825e-22,0,1
9.949974987493746,3.1295177794463813e-22,0,1
9.954977488744372,2.9815942513401957e-22,0,1
9.959979989994997,2.962718895302949e-22,0,1
9.964982491245623,2.6815256203709643e-22,0,1
9.969984992496247,2.6278772851018943e-22,0,1
9.974987493746873,2.445437583015425e-22,0,1
9.9799899949975,2.3631378468725887e-22,0,1
9.984992496248124,2.173179840671975e-22,0,1
9.98999499749875,2.154428249581601e-22,0,1
9.994997498749374,2.06651442488894e-22,0,1
10.0,1.9176753824328903e-22,0,1
