x,Noisy Sine Value,amplitude,frequency,phase,noise_level
0.0,-0.04652917729999517,1,1,0,0.1
0.0050025012506253125,-0.11375354209289526,1,1,0,0.1
0.010005002501250625,0.023776363194244206,1,1,0,0.1
0.015007503751875938,0.02971102502432477,1,1,0,0.1
0.02001000500250125,-0.050354831006095994,1,1,0,0.1
0.02501250625312656,0.13669054490485497,1,1,0,0.1
0.030015007503751877,0.014499393268141649,1,1,0,0.1
0.03501750875437719,0.12327581971686191,1,1,0,0.1
0.0400200100050025,-0.05828833185983521,1,1,0,0.1
0.04502251125562781,0.19437899244708123,1,1,0,0.1
0.05002501250625312,0.2763721109678632,1,1,0,0.1
0.055027513756878435,-0.05147225842630483,1,1,0,0.1
0.060030015007503754,0.11255794155201147,1,1,0,0.1
0.06503251625812906,0.10540931106884258,1,1,0,0.1
0.07003501750875438,0.0938815897834102,1,1,0,0.1
0.07503751875937968,0.05280573408871207,1,1,0,0.1
0.080040020010005,0.04172640040608248,1,1,0,0.1
0.08504252126063032,0.15340759905315215,1,1,0,0.1
0.09004502251125562,0.10936868134545787,1,1,0,0.1
0.09504752376188094,0.12075880092704043,1,1,0,0.1
0.10005002501250625,0.11830644845516934,1,1,0,0.1
0.10505252626313157,-0.030082379055200156,1,1,0,0.1
0.11005502751375687,0.05456737309518431,1,1,0,0.1
0.11505752876438219,0.2647800010575434,1,1,0,0.1
0.12006003001500751,0.028514013042080375,1,1,0,0.1
0.12506253126563283,0.29165939340065195,1,1,0,0.1
0.13006503251625812,0.23522434940115308,1,1,0,0.1
0.13506753376688344,0.19169213841414168,1,1,0,0.1
0.14007003501750875,-0.059908334646924744,1,1,0,0.1
0.14507253626813407,0.19443965477392192,1,1,0,0.1
0.15007503751875936,0.1370685428129397,1,1,0,0.1
0.15507753876938468,0.11228797752364546,1,1,0,0.1
0.16008004002001,0.3136741936438714,1,1,0,0.1
0.16508254127063532,0.29058467028591717,1,1,0,0.1
0.17008504252126064,0.33224081038425496,1,1,0,0.1
0.17508754377188593,0.14243096409092187,1,1,0,0.1
0.18009004502251125,0.3883179109564743,1,1,0,0.1
0.18509254627313657,0.16030294285340171,1,1,0,0.1
0.19009504752376188,0.06074701736489045,1,1,0,0.1
0.19509754877438718,0.2905145571571257,1,1,0,0.1
0.2001000500250125,0.2015684939535991,1,1,0,0.1
0.2051025512756378,0.17876753016855454,1,1,0,0.1
0.21010505252626313,0.19115441931775956,1,1,0,0.1
0.21510755377688845,0.18717617635059997,1,1,0,0.1
0.22011005502751374,0.3411392916999749,1,1,0,0.1
0.22511255627813906,0.27375697775030783,1,1,0,0.1
0.23011505752876438,0.2912448213159031,1,1,0,0.1
0.2351175587793897,0.17760278464172588,1,1,0,0.1
0.24012006003001501,0.24964150671712354,1,1,0,0.1
0.2451225612806403,0.276830884977021,1,1,0,0.1
0.25012506253126565,0.3198738291035814,1,1,0,0.1
0.25512756378189094,0.23425098566628633,1,1,0,0.1
0.26013006503251623,0.3445281221016215,1,1,0,0.1
0.2651325662831416,0.286985767084501,1,1,0,0.1
0.27013506753376687,0.212725932641506,1,1,0,0.1
0.27513756878439216,0.17672397085065822,1,1,0,0.1
0.2801400700350175,0.06421193684203941,1,1,0,0.1
0.2851425712856428,0.3537829677817438,1,1,0,0.1
0.29014507253626814,0.4640004976775311,1,1,0,0.1
0.29514757378689344,0.23022400382102495,1,1,0,0.1
0.3001500750375187,0.059307538197972146,1,1,0,0.1
0.3051525762881441,0.33899846645071596,1,1,0,0.1
0.31015507753876936,0.3272629584780812,1,1,0,0.1
0.3151575787893947,0.46583200546531217,1,1,0,0.1
0.32016008004002,0.3263959895875282,1,1,0,0.1
0.3251625812906453,0.28353030783335076,1,1,0,0.1
0.33016508254127064,0.30414917397140295,1,1,0,0.1
0.33516758379189593,0.32443206741025454,1,1,0,0.1
0.3401700850425213,0.3550727599341727,1,1,0,0.1
0.34517258629314657,0.366831239916817,1,1,0,0.1
0.35017508754377186,0.430032272325014,1,1,0,0.1
0.3551775887943972,0.290584689551784,1,1,0,0.1
0.3601800900450225,0.19208863516137764,1,1,0,0.1
0.36518259129564784,0.4082460728319969,1,1,0,0.1
0.37018509254627313,0.45055524461063207,1,1,0,0.1
0.3751875937968984,0.37173477876906663,1,1,0,0.1
0.38019009504752377,0.3163078172627726,1,1,0,0.1
0.38519259629814906,0.44276179951204786,1,1,0,0.1
0.39019509754877435,0.36522347154606566,1,1,0,0.1
0.3951975987993997,0.6122258270505063,1,1,0,0.1
0.400200100050025,0.4077480706117901,1,1,0,0.1
0.40520260130065033,0.5549071670287385,1,1,0,0.1
0.4102051025512756,0.5278639970542075,1,1,0,0.1
0.4152076038019009,0.42628776941708246,1,1,0,0.1
0.42021010505252626,0.4276195926063436,1,1,0,0.1
0.42521260630315155,0.4118616842450357,1,1,0,0.1
0.4302151075537769,0.4859781332609703,1,1,0,0.1
0.4352176088044022,0.5413180696380785,1,1,0,0.1
0.4402201100550275,0.5668994726443737,1,1,0,0.1
0.4452226113056528,0.40687753122787235,1,1,0,0.1
0.4502251125562781,0.40851704560514907,1,1,0,0.1
0.45522761380690346,0.6536410638858122,1,1,0,0.1
0.46023011505752875,0.4046670121363492,1,1,0,0.1
0.46523261630815405,0.4831563034111986,1,1,0,0.1
0.4702351175587794,0.4721373764203013,1,1,0,0.1
0.4752376188094047,0.5302435155455236,1,1,0,0.1
0.48024012006003003,0.3769057381443533,1,1,0,0.1
0.4852426213106553,0.4085692983809261,1,1,0,0.1
0.4902451225612806,0.42894308905421885,1,1,0,0.1
0.49524762381190596,0.4793231886771778,1,1,0,0.1
0.5002501250625313,0.4612002195555682,1,1,0,0.1
0.5052526263131566,0.5925806924814958,1,1,0,0.1
0.5102551275637819,0.5696555291647306,1,1,0,0.1
0.5152576288144072,0.6010821295774958,1,1,0,0.1
0.5202601300650325,0.4228208304224011,1,1,0,0.1
0.5252626313156579,0.4499750146547436,1,1,0,0.1
0.5302651325662832,0.5406584418385283,1,1,0,0.1
0.5352676338169085,0.43857413647475896,1,1,0,0.1
0.5402701350675337,0.568789575162615,1,1,0,0.1
0.545272636318159,0.5278988937831616,1,1,0,0.1
0.5502751375687843,0.4834041019412829,1,1,0,0.1
0.5552776388194097,0.4813882203440862,1,1,0,0.1
0.560280140070035,0.5091242478944463,1,1,0,0.1
0.5652826413206603,0.6598458676777356,1,1,0,0.1
0.5702851425712856,0.5607103804335954,1,1,0,0.1
0.5752876438219109,0.66397725831436,1,1,0,0.1
0.5802901450725363,0.8738094193329239,1,1,0,0.1
0.5852926463231616,0.4722615891021369,1,1,0,0.1
0.5902951475737869,0.6642457755951111,1,1,0,0.1
0.5952976488244122,0.5589637826348405,1,1,0,0.1
0.6003001500750375,0.4600073719862887,1,1,0,0.1
0.6053026513256629,0.5991437134519482,1,1,0,0.1
0.6103051525762881,0.6189523983562082,1,1,0,0.1
0.6153076538269134,0.5315245600259342,1,1,0,0.1
0.6203101550775387,0.4292182535181869,1,1,0,0.1
0.625312656328164,0.5599686255424691,1,1,0,0.1
0.6303151575787894,0.5471622756093919,1,1,0,0.1
0.6353176588294147,0.5220937286980122,1,1,0,0.1
0.64032016008004,0.5436480012496717,1,1,0,0.1
0.6453226613306653,0.6450667829644419,1,1,0,0.1
0.6503251625812906,0.6740239840197683,1,1,0,0.1
0.655327663831916,0.5790378705059251,1,1,0,0.1
0.6603301650825413,0.531649760787482,1,1,0,0.1
0.6653326663331666,0.5490677987028971,1,1,0,0.1
0.6703351675837919,0.5934273683425828,1,1,0,0.1
0.6753376688344171,0.3907723970387001,1,1,0,0.1
0.6803401700850426,0.5039171403140946,1,1,0,0.1
0.6853426713356678,0.5369422527860863,1,1,0,0.1
0.6903451725862931,0.6832735376547966,1,1,0,0.1
0.6953476738369184,0.6869556641788006,1,1,0,0.1
0.7003501750875437,0.5524305175535932,1,1,0,0.1
0.7053526763381691,0.6064830204227307,1,1,0,0.1
0.7103551775887944,0.7125229719230026,1,1,0,0.1
0.7153576788394197,0.4669583555710693,1,1,0,0.1
0.720360180090045,0.6093673359746455,1,1,0,0.1
0.7253626813406703,0.5683025603753319,1,1,0,0.1
0.7303651825912957,0.6551727539823108,1,1,0,0.1
0.735367683841921,0.6689584904712144,1,1,0,0.1
0.7403701850925463,0.7843537741692661,1,1,0,0.1
0.7453726863431716,0.5894847721635768,1,1,0,0.1
0.7503751875937968,0.6992622833311416,1,1,0,0.1
0.7553776888444221,0.6485102202662586,1,1,0,0.1
0.7603801900950475,0.5963047333962225,1,1,0,0.1
0.7653826913456728,0.7329005226873312,1,1,0,0.1
0.7703851925962981,0.7155873867056329,1,1,0,0.1
0.7753876938469234,0.6712932709081424,1,1,0,0.1
0.7803901950975487,0.5196222635660892,1,1,0,0.1
0.7853926963481741,0.7753528421846007,1,1,0,0.1
0.7903951975987994,0.7078482462218486,1,1,0,0.1
0.7953976988494247,0.5678024902021384,1,1,0,0.1
0.80040020010005,0.7702741383755323,1,1,0,0.1
0.8054027013506753,0.736839022662149,1,1,0,0.1
0.8104052026013007,0.4182480812915428,1,1,0,0.1
0.815407703851926,0.904752647538218,1,1,0,0.1
0.8204102051025512,0.7201224536663313,1,1,0,0.1
0.8254127063531765,0.7326599065502457,1,1,0,0.1
0.8304152076038018,0.8482742029287306,1,1,0,0.1
0.8354177088544272,0.8250241155855865,1,1,0,0.1
0.8404202101050525,0.585074863676645,1,1,0,0.1
0.8454227113556778,0.7167633077573263,1,1,0,0.1
0.8504252126063031,0.7239340094579619,1,1,0,0.1
0.8554277138569284,0.6080519658339704,1,1,0,0.1
0.8604302151075538,0.8774187758399379,1,1,0,0.1
0.8654327163581791,0.8771454740050927,1,1,0,0.1
0.8704352176088044,0.7912385034296707,1,1,0,0.1
0.8754377188594297,0.6985572256528583,1,1,0,0.1
0.880440220110055,0.7174678255499676,1,1,0,0.1
0.8854427213606804,0.8785933214877953,1,1,0,0.1
0.8904452226113057,0.8011534120400062,1,1,0,0.1
0.8954477238619309,0.7040198391898662,1,1,0,0.1
0.9004502251125562,0.7392795278202153,1,1,0,0.1
0.9054527263631815,0.9272269636386903,1,1,0,0.1
0.9104552276138069,0.7798398265174588,1,1,0,0.1
0.9154577288644322,0.7665927061814812,1,1,0,0.1
0.9204602301150575,0.9453343975807206,1,1,0,0.1
0.9254627313656828,1.0601310671465274,1,1,0,0.1
0.9304652326163081,0.930839874048956,1,1,0,0.1
0.9354677338669335,0.7766320363213673,1,1,0,0.1
0.9404702351175588,0.5587621255595308,1,1,0,0.1
0.9454727363681841,0.7775099911106512,1,1,0,0.1
0.9504752376188094,0.9316362047464656,1,1,0,0.1
0.9554777388694347,0.8582112910797295,1,1,0,0.1
0.9604802401200601,0.7225391776754434,1,1,0,0.1
0.9654827413706853,0.7924503049348307,1,1,0,0.1
0.9704852426213106,0.8607920251903024,1,1,0,0.1
0.9754877438719359,0.8862834522156852,1,1,0,0.1
0.9804902451225612,0.7550022961416984,1,1,0,0.1
0.9854927463731865,0.7906959250898695,1,1,0,0.1
0.9904952476238119,0.9848827984083627,1,1,0,0.1
0.9954977488744372,0.8677662122835612,1,1,0,0.1
1.0005002501250626,0.8911331459756658,1,1,0,0.1
1.0055027513756878,0.8206850287079805,1,1,0,0.1
1.0105052526263132,0.818639251762311,1,1,0,0.1
1.0155077538769384,0.8240626851532475,1,1,0,0.1
1.0205102551275638,0.8939628400571358,1,1,0,0.1
1.0255127563781892,1.0656803625569395,1,1,0,0.1
1.0305152576288144,0.8333488733982221,1,1,0,0.1
1.0355177588794398,0.8197057290845304,1,1,0,0.1
1.040520260130065,0.7241418053953762,1,1,0,0.1
1.0455227613806903,0.9662647313211443,1,1,0,0.1
1.0505252626313157,0.849251475209914,1,1,0,0.1
1.055527763881941,0.8689283244035461,1,1,0,0.1
1.0605302651325663,0.8853947698054524,1,1,0,0.1
1.0655327663831915,0.8697328071336092,1,1,0,0.1
1.070535267633817,0.8472339812730162,1,1,0,0.1
1.075537768884442,0.9460725627937383,1,1,0,0.1
1.0805402701350675,0.7953416007694784,1,1,0,0.1
1.0855427713856929,0.6915586560702836,1,1,0,0.1
1.090545272636318,0.836757411847341,1,1,0,0.1
1.0955477738869435,0.750269431997691,1,1,0,0.1
1.1005502751375686,0.958746990691733,1,1,0,0.1
1.105552776388194,0.8998968278000579,1,1,0,0.1
1.1105552776388194,1.0301755906209762,1,1,0,0.1
1.1155577788894446,1.0108470871927522,1,1,0,0.1
1.12056028014007,1.1080160057504114,1,1,0,0.1
1.1255627813906952,0.9192162413219598,1,1,0,0.1
1.1305652826413206,0.9147283885765576,1,1,0,0.1
1.135567783891946,0.8839131784102933,1,1,0,0.1
1.1405702851425712,0.9626047627914198,1,1,0,0.1
1.1455727863931966,0.7562920844116108,1,1,0,0.1
1.1505752876438218,0.9265081310740858,1,1,0,0.1
1.1555777888944472,0.9037200555843314,1,1,0,0.1
1.1605802901450726,0.9901027384920342,1,1,0,0.1
1.1655827913956978,0.8033899120125878,1,1,0,0.1
1.1705852926463232,1.1002778877091601,1,1,0,0.1
1.1755877938969483,1.0878256402000568,1,1,0,0.1
1.1805902951475737,1.1183559811408599,1,1,0,0.1
1.1855927963981991,0.9747240471782329,1,1,0,0.1
1.1905952976488243,1.064049876368688,1,1,0,0.1
1.1955977988994497,0.9895025372065758,1,1,0,0.1
1.200600300150075,1.0242378896678184,1,1,0,0.1
1.2056028014007003,0.7225736248911449,1,1,0,0.1
1.2106053026513257,0.8406892850276926,1,1,0,0.1
1.215607803901951,0.902284697660778,1,1,0,0.1
1.2206103051525763,1.0331428032481131,1,1,0,0.1
1.2256128064032015,0.9095223402446676,1,1,0,0.1
1.2306153076538269,1.063792723720147,1,1,0,0.1
1.2356178089044523,0.9295125938910409,1,1,0,0.1
1.2406203101550775,1.014300977168379,1,1,0,0.1
1.2456228114057029,0.798452805663661,1,1,0,0.1
1.250625312656328,1.0490274008362044,1,1,0,0.1
1.2556278139069534,0.9495753006965759,1,1,0,0.1
1.2606303151575788,0.9762213678119971,1,1,0,0.1
1.265632816408204,1.1048265678114115,1,1,0,0.1
1.2706353176588294,1.1223352366867,1,1,0,0.1
1.2756378189094546,0.8905403810198249,1,1,0,0.1
1.28064032016008,1.148394934019878,1,1,0,0.1
1.2856428214107054,0.8840478166326553,1,1,0,0.1
1.2906453226613306,1.0945075907365809,1,1,0,0.1
1.295647823911956,1.0001825985998487,1,1,0,0.1
1.3006503251625812,1.2003196455889205,1,1,0,0.1
1.3056528264132066,1.092254599026395,1,1,0,0.1
1.310655327663832,0.9532527550204128,1,1,0,0.1
1.3156578289144572,0.9907654443434776,1,1,0,0.1
1.3206603301650826,1.0875422921261404,1,1,0,0.1
1.3256628314157077,0.800730768576506,1,1,0,0.1
1.3306653326663331,1.005638979123737,1,1,0,0.1
1.3356678339169585,1.1835810009525058,1,1,0,0.1
1.3406703351675837,0.7967711369347684,1,1,0,0.1
1.3456728364182091,1.0468737582357392,1,1,0,0.1
1.3506753376688343,1.0221159426322777,1,1,0,0.1
1.3556778389194597,0.9902128874558307,1,1,0,0.1
1.360680340170085,0.9781037315440317,1,1,0,0.1
1.3656828414207103,1.0493447612715368,1,1,0,0.1
1.3706853426713357,1.020397348366984,1,1,0,0.1
1.3756878439219609,1.0560304290631009,1,1,0,0.1
1.3806903451725863,1.1264918882525665,1,1,0,0.1
1.3856928464232117,1.1645256141087637,1,1,0,0.1
1.3906953476738368,0.8899026047872379,1,1,0,0.1
1.3956978489244622,1.0086473047163464,1,1,0,0.1
1.4007003501750874,0.9120066327567836,1,1,0,0.1
1.4057028514257128,0.9861467613083195,1,1,0,0.1
1.4107053526763382,1.0207669067056342,1,1,0,0.1
1.4157078539269634,0.9400452887653128,1,1,0,0.1
1.4207103551775888,1.1581753220401858,1,1,0,0.1
1.425712856428214,1.016626748137909,1,1,0,0.1
1.4307153576788394,0.8967570123932956,1,1,0,0.1
1.4357178589294648,1.0257598764939628,1,1,0,0.1
1.44072036018009,1.0007046302702736,1,1,0,0.1
1.4457228614307154,1.0675191824448504,1,1,0,0.1
1.4507253626813406,1.1262690713986188,1,1,0,0.1
1.455727863931966,1.082101679841299,1,1,0,0.1
1.4607303651825914,0.8367966339738397,1,1,0,0.1
1.4657328664332165,0.9193565220567428,1,1,0,0.1
1.470735367683842,1.0612802016451433,1,1,0,0.1
1.4757378689344671,1.1051337175423486,1,1,0,0.1
1.4807403701850925,0.7751135268238873,1,1,0,0.1
1.485742871435718,0.986014178384757,1,1,0,0.1
1.490745372686343,1.0297820790308472,1,1,0,0.1
1.4957478739369685,0.9006484799473555,1,1,0,0.1
1.5007503751875937,1.1227195411875757,1,1,0,0.1
1.505752876438219,0.9528934154282122,1,1,0,0.1
1.5107553776888443,0.9655037868449339,1,1,0,0.1
1.5157578789394697,1.1900762336328348,1,1,0,0.1
1.520760380190095,1.2239672186302573,1,1,0,0.1
1.5257628814407203,0.7595851198737145,1,1,0,0.1
1.5307653826913457,1.020063628499164,1,1,0,0.1
1.5357678839419708,0.9422337110632781,1,1,0,0.1
1.5407703851925962,0.9041417095923756,1,1,0,0.1
1.5457728864432216,1.0313575461877116,1,1,0,0.1
1.5507753876938468,1.077029513524432,1,1,0,0.1
1.5557778889444722,1.1648742761690236,1,1,0,0.1
1.5607803901950974,0.9991177017188785,1,1,0,0.1
1.5657828914457228,1.0825155393972403,1,1,0,0.1
1.5707853926963482,1.1865932691511114,1,1,0,0.1
1.5757878939469734,0.9976679754125761,1,1,0,0.1
1.5807903951975988,1.032866731213855,1,1,0,0.1
1.585792896448224,1.1366764731117638,1,1,0,0.1
1.5907953976988494,0.9358875438229484,1,1,0,0.1
1.5957978989494748,1.001628693329117,1,1,0,0.1
1.6008004002001,0.9346053567982018,1,1,0,0.1
1.6058029014507254,1.1333085415004418,1,1,0,0.1
1.6108054027013505,1.0032250453431766,1,1,0,0.1
1.615807903951976,1.112111598596544,1,1,0,0.1
1.6208104052026013,0.9945677199235925,1,1,0,0.1
1.6258129064532265,0.9154518024137576,1,1,0,0.1
1.630815407703852,0.934296669046093,1,1,0,0.1
1.635817908954477,0.9830990961100295,1,1,0,0.1
1.6408204102051025,1.10581861976109,1,1,0,0.1
1.645822911455728,1.1949930672593048,1,1,0,0.1
1.650825412706353,0.8753949396903976,1,1,0,0.1
1.6558279139569785,1.0340803165886423,1,1,0,0.1
1.6608304152076037,0.7888270166408808,1,1,0,0.1
1.665832916458229,1.0277024366875454,1,1,0,0.1
1.6708354177088545,1.0904379949820702,1,1,0,0.1
1.6758379189594796,1.033102279334761,1,1,0,0.1
1.680840420210105,0.8126129535728521,1,1,0,0.1
1.6858429214607302,0.8316795564914855,1,1,0,0.1
1.6908454227113556,1.020545228967025,1,1,0,0.1
1.695847923961981,0.7195526962021414,1,1,0,0.1
1.7008504252126062,1.1115317761596057,1,1,0,0.1
1.7058529264632316,0.9168093339037496,1,1,0,0.1
1.7108554277138568,0.8863020834108111,1,1,0,0.1
1.7158579289644822,0.9810717233164971,1,1,0,0.1
1.7208604302151076,1.0464013811759199,1,1,0,0.1
1.7258629314657328,1.233625229394811,1,1,0,0.1
1.7308654327163582,1.0472656759067016,1,1,0,0.1
1.7358679339669834,1.0410295185154408,1,1,0,0.1
1.7408704352176088,1.0049711107157409,1,1,0,0.1
1.7458729364682342,0.9555764378443816,1,1,0,0.1
1.7508754377188593,1.1516436132877506,1,1,0,0.1
1.7558779389694847,0.8235653399120324,1,1,0,0.1
1.76088044022011,1.0101665663840322,1,1,0,0.1
1.7658829414707353,1.0505195157287972,1,1,0,0.1
1.7708854427213607,0.9388119485388132,1,1,0,0.1
1.775887943971986,1.0918824087456658,1,1,0,0.1
1.7808904452226113,1.2127968823013653,1,1,0,0.1
1.7858929464732365,1.1530571647278642,1,1,0,0.1
1.7908954477238619,1.0209340443796306,1,1,0,0.1
1.7958979489744873,1.117662115188795,1,1,0,0.1
1.8009004502251125,1.1963456340139538,1,1,0,0.1
1.8059029514757379,1.226865874316023,1,1,0,0.1
1.810905452726363,0.8233330628848803,1,1,0,0.1
1.8159079539769885,1.0379302057291813,1,1,0,0.1
1.8209104552276139,0.9327634113687541,1,1,0,0.1
1.825912956478239,1.0535269236941154,1,1,0,0.1
1.8309154577288644,0.9359898246249941,1,1,0,0.1
1.8359179589794896,0.8811279727693255,1,1,0,0.1
1.840920460230115,0.9504966833405181,1,1,0,0.1
1.8459229614807404,0.8846194925273672,1,1,0,0.1
1.8509254627313656,1.1130807416024115,1,1,0,0.1
1.855927963981991,1.1946900785942536,1,1,0,0.1
1.8609304652326162,0.8787520703033747,1,1,0,0.1
1.8659329664832416,0.9496415774144521,1,1,0,0.1
1.870935467733867,1.0380079544937737,1,1,0,0.1
1.8759379689844922,0.9066074784233206,1,1,0,0.1
1.8809404702351176,0.8712459271648382,1,1,0,0.1
1.8859429714857427,1.1429325957075267,1,1,0,0.1
1.8909454727363681,0.8353368178388383,1,1,0,0.1
1.8959479739869936,0.9053470603266832,1,1,0,0.1
1.9009504752376187,1.1405131779882607,1,1,0,0.1
1.9059529764882441,1.0143260538154848,1,1,0,0.1
1.9109554777388693,0.84675377812922,1,1,0,0.1
1.9159579789894947,0.8514910474639541,1,1,0,0.1
1.9209604802401201,0.9047891805102302,1,1,0,0.1
1.9259629814907453,1.0289351421044475,1,1,0,0.1
1.9309654827413707,1.051098569951479,1,1,0,0.1
1.9359679839919959,0.8868480831459883,1,1,0,0.1
1.9409704852426213,0.976944259348942,1,1,0,0.1
1.9459729864932465,1.010309687808123,1,1,0,0.1
1.9509754877438719,0.7254329733082836,1,1,0,0.1
1.9559779889944973,1.0040027449848257,1,1,0,0.1
1.9609804902451224,0.9038695359569012,1,1,0,0.1
1.9659829914957478,1.0226084356608132,1,1,0,0.1
1.970985492746373,0.9197553941880512,1,1,0,0.1
1.9759879939969984,1.1019140051719494,1,1,0,0.1
1.9809904952476238,0.9555198664310405,1,1,0,0.1
1.985992996498249,0.9946849141194204,1,1,0,0.1
1.9909954977488744,1.0441298539877801,1,1,0,0.1
1.9959979989994996,0.8580348674445922,1,1,0,0.1
2.001000500250125,0.8548760762858614,1,1,0,0.1
2.0060030015007504,0.9883592811518559,1,1,0,0.1
2.0110055027513756,0.9652978440084847,1,1,0,0.1
2.0160080040020008,0.9052040140353448,1,1,0,0.1
2.0210105052526264,0.848268185047506,1,1,0,0.1
2.0260130065032516,0.9299066766371904,1,1,0,0.1
2.0310155077538767,0.8720154391639601,1,1,0,0.1
2.0360180090045024,0.9124089276893801,1,1,0,0.1
2.0410205102551275,0.9125584710671251,1,1,0,0.1
2.0460230115057527,0.8061613108593866,1,1,0,0.1
2.0510255127563783,0.8872596527872049,1,1,0,0.1
2.0560280140070035,0.8544561332774685,1,1,0,0.1
2.0610305152576287,0.8771227842158299,1,1,0,0.1
2.066033016508254,0.9538656154971633,1,1,0,0.1
2.0710355177588795,0.8751546329107138,1,1,0,0.1
2.0760380190095047,0.788678978298656,1,1,0,0.1
2.08104052026013,0.9657763114902251,1,1,0,0.1
2.0860430215107555,0.61376555148303,1,1,0,0.1
2.0910455227613807,0.8683447237016237,1,1,0,0.1
2.096048024012006,0.6876703499134468,1,1,0,0.1
2.1010505252626315,0.6471137205648163,1,1,0,0.1
2.1060530265132567,0.956983087226387,1,1,0,0.1
2.111055527763882,1.0794583359927896,1,1,0,0.1
2.116058029014507,0.8084783697404363,1,1,0,0.1
2.1210605302651326,0.8029411087928133,1,1,0,0.1
2.126063031515758,0.7676330003565254,1,1,0,0.1
2.131065532766383,0.882742540618626,1,1,0,0.1
2.1360680340170086,0.7762787422649103,1,1,0,0.1
2.141070535267634,0.7978583589745186,1,1,0,0.1
2.146073036518259,0.837948712619718,1,1,0,0.1
2.151075537768884,0.7007336405062047,1,1,0,0.1
2.15607803901951,0.8042644981042641,1,1,0,0.1
2.161080540270135,0.9312663103733669,1,1,0,0.1
2.16608304152076,0.7345850599715673,1,1,0,0.1
2.1710855427713858,0.9052270550855681,1,1,0,0.1
2.176088044022011,0.7956254958191197,1,1,0,0.1
2.181090545272636,0.7620738406073453,1,1,0,0.1
2.1860930465232618,0.9230790260530698,1,1,0,0.1
2.191095547773887,0.8966751112681892,1,1,0,0.1
2.196098049024512,0.7708636113379151,1,1,0,0.1
2.2011005502751373,0.8325433222510077,1,1,0,0.1
2.206103051525763,0.7478788234794136,1,1,0,0.1
2.211105552776388,0.8429508591892886,1,1,0,0.1
2.2161080540270133,0.7498678214755423,1,1,0,0.1
2.221110555277639,0.6857399201049513,1,1,0,0.1
2.226113056528264,0.9054806338573094,1,1,0,0.1
2.2311155577788893,0.7098519853979924,1,1,0,0.1
2.236118059029515,0.9410598575540396,1,1,0,0.1
2.24112056028014,0.8371554706249953,1,1,0,0.1
2.2461230615307652,0.7274153187319569,1,1,0,0.1
2.2511255627813904,0.7047839954755515,1,1,0,0.1
2.256128064032016,0.6813527497693213,1,1,0,0.1
2.2611305652826412,0.6624102592978408,1,1,0,0.1
2.2661330665332664,0.8986701314403777,1,1,0,0.1
2.271135567783892,0.7711073642213705,1,1,0,0.1
2.276138069034517,0.6315794029561514,1,1,0,0.1
2.2811405702851424,0.8836425115895209,1,1,0,0.1
2.286143071535768,0.8049155943115621,1,1,0,0.1
2.291145572786393,0.7069904868613858,1,1,0,0.1
2.2961480740370184,0.6853261477929741,1,1,0,0.1
2.3011505752876436,0.7629445270537255,1,1,0,0.1
2.306153076538269,0.5837447662747538,1,1,0,0.1
2.3111555777888944,0.9878219962070581,1,1,0,0.1
2.3161580790395195,0.7585425318097161,1,1,0,0.1
2.321160580290145,0.7585803728619998,1,1,0,0.1
2.3261630815407703,0.6967346582040668,1,1,0,0.1
2.3311655827913955,0.6790517203117696,1,1,0,0.1
2.336168084042021,0.7872188743920777,1,1,0,0.1
2.3411705852926463,0.615227446571059,1,1,0,0.1
2.3461730865432715,0.694476388000233,1,1,0,0.1
2.3511755877938967,0.8195859797071213,1,1,0,0.1
2.3561780890445223,0.8503132965336203,1,1,0,0.1
2.3611805902951475,0.6779844689083372,1,1,0,0.1
2.3661830915457727,0.7720301400165065,1,1,0,0.1
2.3711855927963983,0.7078534428811543,1,1,0,0.1
2.3761880940470235,0.5511568652500461,1,1,0,0.1
2.3811905952976486,0.6657931496479976,1,1,0,0.1
2.3861930965482743,0.8042627462747032,1,1,0,0.1
2.3911955977988995,0.36676653410016397,1,1,0,0.1
2.3961980990495246,0.7001297368747729,1,1,0,0.1
2.40120060030015,0.4149588103281682,1,1,0,0.1
2.4062031015507754,0.6041718241486228,1,1,0,0.1
2.4112056028014006,0.6022694122478799,1,1,0,0.1
2.416208104052026,0.5643571761641044,1,1,0,0.1
2.4212106053026514,0.755318667271691,1,1,0,0.1
2.4262131065532766,0.40055848241122505,1,1,0,0.1
2.431215607803902,0.6818661893954696,1,1,0,0.1
2.4362181090545274,0.699141735872606,1,1,0,0.1
2.4412206103051526,0.5399824930882566,1,1,0,0.1
2.4462231115557778,0.62407910485847,1,1,0,0.1
2.451225612806403,0.8028038479483829,1,1,0,0.1
2.4562281140570286,0.7959791912419754,1,1,0,0.1
2.4612306153076537,0.6805622925348608,1,1,0,0.1
2.466233116558279,0.40495123384404674,1,1,0,0.1
2.4712356178089045,0.6695206075247573,1,1,0,0.1
2.4762381190595297,0.39744900495133656,1,1,0,0.1
2.481240620310155,0.8712538648844885,1,1,0,0.1
2.4862431215607805,0.5478408845626541,1,1,0,0.1
2.4912456228114057,0.8441526446773452,1,1,0,0.1
2.496248124062031,0.6963670533821086,1,1,0,0.1
2.501250625312656,0.6594811569344561,1,1,0,0.1
2.5062531265632817,0.6892946374587955,1,1,0,0.1
2.511255627813907,0.7028611666226012,1,1,0,0.1
2.516258129064532,0.5011298962295332,1,1,0,0.1
2.5212606303151577,0.4804570456637356,1,1,0,0.1
2.526263131565783,0.6697721711119496,1,1,0,0.1
2.531265632816408,0.5823373167193577,1,1,0,0.1
2.5362681340670337,0.8203672185466214,1,1,0,0.1
2.541270635317659,0.5460568975197151,1,1,0,0.1
2.546273136568284,0.6127975425393566,1,1,0,0.1
2.551275637818909,0.49218389805088114,1,1,0,0.1
2.556278139069535,0.4880714854424237,1,1,0,0.1
2.56128064032016,0.5007943833110666,1,1,0,0.1
2.566283141570785,0.5433011249511364,1,1,0,0.1
2.571285642821411,0.4100211973286251,1,1,0,0.1
2.576288144072036,0.6079534876720366,1,1,0,0.1
2.581290645322661,0.45654959529272204,1,1,0,0.1
2.5862931465732864,0.6029543125645536,1,1,0,0.1
2.591295647823912,0.5687940880101087,1,1,0,0.1
2.596298149074537,0.5634180406442705,1,1,0,0.1
2.6013006503251623,0.38740488596337447,1,1,0,0.1
2.606303151575788,0.4436326631498792,1,1,0,0.1
2.611305652826413,0.4550644959030855,1,1,0,0.1
2.6163081540770383,0.42715059808917616,1,1,0,0.1
2.621310655327664,0.33081061414267876,1,1,0,0.1
2.626313156578289,0.5449793736945516,1,1,0,0.1
2.6313156578289143,0.5988073518561424,1,1,0,0.1
2.6363181590795395,0.29225891257086306,1,1,0,0.1
2.641320660330165,0.5642223870675244,1,1,0,0.1
2.6463231615807903,0.4617432895024757,1,1,0,0.1
2.6513256628314155,0.5499702827418136,1,1,0,0.1
2.656328164082041,0.4468835985628609,1,1,0,0.1
2.6613306653326663,0.530689086623568,1,1,0,0.1
2.6663331665832914,0.6667742015179822,1,1,0,0.1
2.671335667833917,0.5145630576527439,1,1,0,0.1
2.6763381690845423,0.35011073007192023,1,1,0,0.1
2.6813406703351674,0.38660748362320063,1,1,0,0.1
2.6863431715857926,0.5502938737526234,1,1,0,0.1
2.6913456728364182,0.4239363005299501,1,1,0,0.1
2.6963481740870434,0.4403342078232617,1,1,0,0.1
2.7013506753376686,0.4751752717544113,1,1,0,0.1
2.706353176588294,0.31179324856277413,1,1,0,0.1
2.7113556778389194,0.4759004994270428,1,1,0,0.1
2.7163581790895446,0.3668718597712836,1,1,0,0.1
2.72136068034017,0.42700238676449026,1,1,0,0.1
2.7263631815907954,0.4521696384054405,1,1,0,0.1
2.7313656828414206,0.5368411356854395,1,1,0,0.1
2.7363681840920457,0.4066151851826383,1,1,0,0.1
2.7413706853426714,0.25172036065677256,1,1,0,0.1
2.7463731865932965,0.5544566330671404,1,1,0,0.1
2.7513756878439217,0.395275995813159,1,1,0,0.1
2.7563781890945473,0.537379813266436,1,1,0,0.1
2.7613806903451725,0.4567761768001681,1,1,0,0.1
2.7663831915957977,0.40941983156674633,1,1,0,0.1
2.7713856928464233,0.502037553871965,1,1,0,0.1
2.7763881940970485,0.3081345242495616,1,1,0,0.1
2.7813906953476737,0.4002784150534809,1,1,0,0.1
2.786393196598299,0.32584541613724377,1,1,0,0.1
2.7913956978489245,0.21368820879223074,1,1,0,0.1
2.7963981990995497,0.36626641354459305,1,1,0,0.1
2.801400700350175,0.3523834493419362,1,1,0,0.1
2.8064032016008005,0.16286873130132173,1,1,0,0.1
2.8114057028514257,0.22805438005775128,1,1,0,0.1
2.816408204102051,0.3486899267261746,1,1,0,0.1
2.8214107053526765,0.5239433800228039,1,1,0,0.1
2.8264132066033016,0.1024251186785177,1,1,0,0.1
2.831415707853927,0.45348361062275394,1,1,0,0.1
2.836418209104552,0.3591149282058252,1,1,0,0.1
2.8414207103551776,0.2366330182658617,1,1,0,0.1
2.846423211605803,0.3663160472808216,1,1,0,0.1
2.851425712856428,0.35598486733961976,1,1,0,0.1
2.8564282141070536,0.30211610639281056,1,1,0,0.1
2.861430715357679,0.2122918391567827,1,1,0,0.1
2.866433216608304,0.3482751822657766,1,1,0,0.1
2.8714357178589296,0.24928553308809542,1,1,0,0.1
2.8764382191095548,0.32541260966496705,1,1,0,0.1
2.88144072036018,0.08949902694390964,1,1,0,0.1
2.886443221610805,0.3061862270491908,1,1,0,0.1
2.8914457228614308,0.33258105129597504,1,1,0,0.1
2.896448224112056,0.24464562838574827,1,1,0,0.1
2.901450725362681,0.27218540583913886,1,1,0,0.1
2.9064532266133067,0.18486532881616521,1,1,0,0.1
2.911455727863932,0.11259622802193629,1,1,0,0.1
2.916458229114557,0.10814426518351188,1,1,0,0.1
2.9214607303651827,0.23088919061285643,1,1,0,0.1
2.926463231615808,0.22477842767224432,1,1,0,0.1
2.931465732866433,0.1873733209048517,1,1,0,0.1
2.9364682341170583,0.14400512356840459,1,1,0,0.1
2.941470735367684,0.08371526136438437,1,1,0,0.1
2.946473236618309,0.03167948268418,1,1,0,0.1
2.9514757378689342,0.14867692630180532,1,1,0,0.1
2.95647823911956,0.08918355155014102,1,1,0,0.1
2.961480740370185,0.14794945342810847,1,1,0,0.1
2.9664832416208102,0.32784758758444477,1,1,0,0.1
2.971485742871436,0.08003779496275891,1,1,0,0.1
2.976488244122061,0.2919200223770288,1,1,0,0.1
2.981490745372686,-0.025088729629476204,1,1,0,0.1
2.9864932466233114,0.2030915174365492,1,1,0,0.1
2.991495747873937,0.15100171719902902,1,1,0,0.1
2.996498249124562,0.0776554241684706,1,1,0,0.1
3.0015007503751874,0.10927022745778436,1,1,0,0.1
3.006503251625813,0.178311691893678,1,1,0,0.1
3.011505752876438,0.14475062911203537,1,1,0,0.1
3.0165082541270634,0.17472798634514963,1,1,0,0.1
3.0215107553776885,0.1515503522611524,1,1,0,0.1
3.026513256628314,0.19919466139833697,1,1,0,0.1
3.0315157578789393,0.09806393685224322,1,1,0,0.1
3.0365182591295645,0.05128001105781008,1,1,0,0.1
3.04152076038019,0.2763190245922044,1,1,0,0.1
3.0465232616308153,-0.04463061461413753,1,1,0,0.1
3.0515257628814405,0.11885165871405334,1,1,0,0.1
3.056528264132066,0.028465777904077963,1,1,0,0.1
3.0615307653826913,-0.07514502377337116,1,1,0,0.1
3.0665332666333165,0.1442460495099326,1,1,0,0.1
3.0715357678839417,0.14835084632336168,1,1,0,0.1
3.0765382691345673,0.012621127918164872,1,1,0,0.1
3.0815407703851925,0.12107703283783956,1,1,0,0.1
3.0865432716358177,-0.10484955887062745,1,1,0,0.1
3.0915457728864433,-0.07026791588280282,1,1,0,0.1
3.0965482741370685,0.16104470992479575,1,1,0,0.1
3.1015507753876936,-0.0452186584254966,1,1,0,0.1
3.1065532766383193,0.04216920210311553,1,1,0,0.1
3.1115557778889444,-0.035670088132141176,1,1,0,0.1
3.1165582791395696,0.015010110152978403,1,1,0,0.1
3.121560780390195,-0.0037637832753979615,1,1,0,0.1
3.1265632816408204,0.18148520137601395,1,1,0,0.1
3.1315657828914456,-0.054110668184872555,1,1,0,0.1
3.136568284142071,0.09489469058988918,1,1,0,0.1
3.1415707853926964,0.09763445340661238,1,1,0,0.1
3.1465732866433216,-0.02039679789299388,1,1,0,0.1
3.1515757878939468,0.08209308567399197,1,1,0,0.1
3.1565782891445724,0.08260454142797237,1,1,0,0.1
3.1615807903951976,0.06345266258026448,1,1,0,0.1
3.1665832916458228,-0.01992229953718408,1,1,0,0.1
3.171585792896448,0.059000913484929154,1,1,0,0.1
3.1765882941470736,-0.02800258138491542,1,1,0,0.1
3.1815907953976987,-0.09592910240194079,1,1,0,0.1
3.186593296648324,-0.1676709889754534,1,1,0,0.1
3.1915957978989495,-0.18716502943580873,1,1,0,0.1
3.1965982991495747,0.03536468814052041,1,1,0,0.1
3.2016008004002,-0.04078141955118489,1,1,0,0.1
3.2066033016508255,0.007255341339444593,1,1,0,0.1
3.2116058029014507,0.04157182940716549,1,1,0,0.1
3.216608304152076,-0.05203566761085984,1,1,0,0.1
3.221610805402701,-0.15319559850012354,1,1,0,0.1
3.2266133066533267,0.048641419682703156,1,1,0,0.1
3.231615807903952,-0.1905946330552743,1,1,0,0.1
3.236618309154577,-0.19329283630042388,1,1,0,0.1
3.2416208104052027,-0.18458569370319297,1,1,0,0.1
3.246623311655828,-0.17101790473668485,1,1,0,0.1
3.251625812906453,-0.12384199867678852,1,1,0,0.1
3.2566283141570787,0.058065185436489954,1,1,0,0.1
3.261630815407704,-0.15990195917669678,1,1,0,0.1
3.266633316658329,-0.12019603785572133,1,1,0,0.1
3.271635817908954,0.06656669783526681,1,1,0,0.1
3.27663831915958,-0.17493044505885985,1,1,0,0.1
3.281640820410205,-0.2190077937346515,1,1,0,0.1
3.28664332166083,-0.19351830600185962,1,1,0,0.1
3.291645822911456,-0.19591401261254768,1,1,0,0.1
3.296648324162081,-0.08824212484699913,1,1,0,0.1
3.301650825412706,-0.18065341820719158,1,1,0,0.1
3.306653326663332,-0.0551108890295482,1,1,0,0.1
3.311655827913957,-0.1547483061922807,1,1,0,0.1
3.316658329164582,-0.1220015697811908,1,1,0,0.1
3.3216608304152073,-0.14609393638477908,1,1,0,0.1
3.326663331665833,-0.1127142016029226,1,1,0,0.1
3.331665832916458,-0.3250145693809932,1,1,0,0.1
3.3366683341670833,-0.051859936299026674,1,1,0,0.1
3.341670835417709,-0.4121484988906676,1,1,0,0.1
3.346673336668334,-0.07353240085001192,1,1,0,0.1
3.3516758379189593,-0.16040883776371384,1,1,0,0.1
3.356678339169585,-0.06852999110115608,1,1,0,0.1
3.36168084042021,-0.2990942279816258,1,1,0,0.1
3.3666833416708353,-0.16053632543952864,1,1,0,0.1
3.3716858429214605,-0.43867977840534417,1,1,0,0.1
3.376688344172086,-0.04238118134863948,1,1,0,0.1
3.3816908454227113,-0.270235292136765,1,1,0,0.1
3.3866933466733364,-0.1351084962242556,1,1,0,0.1
3.391695847923962,-0.1812579238114681,1,1,0,0.1
3.3966983491745872,-0.41461625671350466,1,1,0,0.1
3.4017008504252124,-0.07039961320188072,1,1,0,0.1
3.406703351675838,-0.1480730926344886,1,1,0,0.1
3.4117058529264632,-0.22967065920637825,1,1,0,0.1
3.4167083541770884,-0.26282499449544666,1,1,0,0.1
3.4217108554277136,-0.2744599544157999,1,1,0,0.1
3.426713356678339,-0.34172970529981406,1,1,0,0.1
3.4317158579289644,-0.27965536992766266,1,1,0,0.1
3.4367183591795896,-0.19213156766928163,1,1,0,0.1
3.441720860430215,-0.2732721495285478,1,1,0,0.1
3.4467233616808404,-0.09768499432374589,1,1,0,0.1
3.4517258629314655,-0.42997822240163613,1,1,0,0.1
3.4567283641820907,-0.21096953825482262,1,1,0,0.1
3.4617308654327164,-0.19617619705110811,1,1,0,0.1
3.4667333666833415,-0.28272718494243826,1,1,0,0.1
3.4717358679339667,-0.27173805710786936,1,1,0,0.1
3.4767383691845923,-0.4195575140980512,1,1,0,0.1
3.4817408704352175,-0.44419461737618116,1,1,0,0.1
3.4867433716858427,-0.3200793491777022,1,1,0,0.1
3.4917458729364683,-0.4607991485749253,1,1,0,0.1
3.4967483741870935,-0.4774437400016278,1,1,0,0.1
3.5017508754377187,-0.35106106611974486,1,1,0,0.1
3.506753376688344,-0.2575937243633363,1,1,0,0.1
3.5117558779389695,-0.16614232035149887,1,1,0,0.1
3.5167583791895947,-0.29962138855038734,1,1,0,0.1
3.52176088044022,-0.40115785168763846,1,1,0,0.1
3.5267633816908455,-0.28353898404665007,1,1,0,0.1
3.5317658829414706,-0.39028590883573056,1,1,0,0.1
3.536768384192096,-0.40075184425988375,1,1,0,0.1
3.5417708854427215,-0.4787211137828992,1,1,0,0.1
3.5467733866933466,-0.2694025181386677,1,1,0,0.1
3.551775887943972,-0.34774074535880656,1,1,0,0.1
3.556778389194597,-0.36777890344918346,1,1,0,0.1
3.5617808904452226,-0.5034854084468043,1,1,0,0.1
3.566783391695848,-0.36680309897853836,1,1,0,0.1
3.571785892946473,-0.5672264338373898,1,1,0,0.1
3.5767883941970986,-0.4979794093141848,1,1,0,0.1
3.5817908954477238,-0.2558160623894499,1,1,0,0.1
3.586793396698349,-0.3939185541723318,1,1,0,0.1
3.5917958979489746,-0.39751485956903676,1,1,0,0.1
3.5967983991995998,-0.4604457927475466,1,1,0,0.1
3.601800900450225,-0.3811691469327872,1,1,0,0.1
3.60680340170085,-0.5042798240754408,1,1,0,0.1
3.6118059029514757,-0.41207740219677946,1,1,0,0.1
3.616808404202101,-0.5482038912887287,1,1,0,0.1
3.621810905452726,-0.4317714265510898,1,1,0,0.1
3.6268134067033517,-0.5394006047468559,1,1,0,0.1
3.631815907953977,-0.25890986771868474,1,1,0,0.1
3.636818409204602,-0.38049044238390284,1,1,0,0.1
3.6418209104552277,-0.5233463805947627,1,1,0,0.1
3.646823411705853,-0.6157196131243498,1,1,0,0.1
3.651825912956478,-0.5885852783056528,1,1,0,0.1
3.6568284142071033,-0.4625529963644765,1,1,0,0.1
3.661830915457729,-0.2941008953984695,1,1,0,0.1
3.666833416708354,-0.47495426546839875,1,1,0,0.1
3.6718359179589792,-0.3723120557931266,1,1,0,0.1
3.676838419209605,-0.5687008103570022,1,1,0,0.1
3.68184092046023,-0.4431510141068996,1,1,0,0.1
3.686843421710855,-0.5505137577397909,1,1,0,0.1
3.691845922961481,-0.43747556403323595,1,1,0,0.1
3.696848424212106,-0.6433920636727284,1,1,0,0.1
3.701850925462731,-0.38013183581737997,1,1,0,0.1
3.7068534267133564,-0.6356396356891346,1,1,0,0.1
3.711855927963982,-0.6322084912809356,1,1,0,0.1
3.716858429214607,-0.5737743713423917,1,1,0,0.1
3.7218609304652324,-0.4408487105411358,1,1,0,0.1
3.726863431715858,-0.475859368622091,1,1,0,0.1
3.731865932966483,-0.7661510941899363,1,1,0,0.1
3.7368684342171083,-0.48853619167149603,1,1,0,0.1
3.741870935467734,-0.5853032306456972,1,1,0,0.1
3.746873436718359,-0.5181309382923037,1,1,0,0.1
3.7518759379689843,-0.612743719393621,1,1,0,0.1
3.7568784392196095,-0.6451069872227763,1,1,0,0.1
3.761880940470235,-0.7470074620503808,1,1,0,0.1
3.7668834417208603,-0.6337757839145586,1,1,0,0.1
3.7718859429714855,-0.7153040554237822,1,1,0,0.1
3.776888444222111,-0.6515457685254804,1,1,0,0.1
3.7818909454727363,-0.4786011196111806,1,1,0,0.1
3.7868934467233615,-0.4929891927003066,1,1,0,0.1
3.791895947973987,-0.6929628786840101,1,1,0,0.1
3.7968984492246123,-0.6119881886844177,1,1,0,0.1
3.8019009504752375,-0.5366714813362038,1,1,0,0.1
3.8069034517258626,-0.5996490325449201,1,1,0,0.1
3.8119059529764883,-0.5825233768352535,1,1,0,0.1
3.8169084542271134,-0.6567776815215733,1,1,0,0.1
3.8219109554777386,-0.5753459453538852,1,1,0,0.1
3.8269134567283642,-0.6016163927355844,1,1,0,0.1
3.8319159579789894,-0.7236815148571323,1,1,0,0.1
3.8369184592296146,-0.82774275125457,1,1,0,0.1
3.8419209604802402,-0.76616098033347,1,1,0,0.1
3.8469234617308654,-0.7191687622575553,1,1,0,0.1
3.8519259629814906,-0.5137785108845332,1,1,0,0.1
3.8569284642321158,-0.5722950336787187,1,1,0,0.1
3.8619309654827414,-0.7040450465878575,1,1,0,0.1
3.8669334667333666,-0.67125802014917,1,1,0,0.1
3.8719359679839918,-0.6193620405098973,1,1,0,0.1
3.8769384692346174,-0.6727515725396227,1,1,0,0.1
3.8819409704852426,-0.8401260690502527,1,1,0,0.1
3.8869434717358677,-0.6243360677895688,1,1,0,0.1
3.891945972986493,-0.5791466213759623,1,1,0,0.1
3.8969484742371185,-0.5446675014120393,1,1,0,0.1
3.9019509754877437,-0.798839524948265,1,1,0,0.1
3.906953476738369,-0.7380925427788311,1,1,0,0.1
3.9119559779889945,-0.6397992524469173,1,1,0,0.1
3.9169584792396197,-0.46682213578388115,1,1,0,0.1
3.921960980490245,-0.5814911673449247,1,1,0,0.1
3.9269634817408705,-0.6201228351559042,1,1,0,0.1
3.9319659829914957,-0.7974800311110037,1,1,0,0.1
3.936968484242121,-0.6602423164482075,1,1,0,0.1
3.941970985492746,-0.6362395288815799,1,1,0,0.1
3.9469734867433717,-0.6985480147417894,1,1,0,0.1
3.951975987993997,-0.6583548770476858,1,1,0,0.1
3.956978489244622,-0.5780458365059782,1,1,0,0.1
3.9619809904952477,-0.7419652634904045,1,1,0,0.1
3.966983491745873,-0.7072409362445721,1,1,0,0.1
3.971985992996498,-0.8232281345108924,1,1,0,0.1
3.9769884942471236,-0.8502544782918285,1,1,0,0.1
3.981990995497749,-0.4650068977277091,1,1,0,0.1
3.986993496748374,-0.86239201108216,1,1,0,0.1
3.991995997998999,-0.6579150746119204,1,1,0,0.1
3.996998499249625,-0.6286417611907998,1,1,0,0.1
4.00200100050025,-0.7884343146347073,1,1,0,0.1
4.007003501750876,-0.6891880000202818,1,1,0,0.1
4.012006003001501,-0.7219572866751505,1,1,0,0.1
4.017008504252126,-0.708422701781907,1,1,0,0.1
4.022011005502751,-0.7174082426603829,1,1,0,0.1
4.027013506753376,-0.5227804235440402,1,1,0,0.1
4.0320160080040015,-0.7787774210528267,1,1,0,0.1
4.037018509254628,-0.8141792017066513,1,1,0,0.1
4.042021010505253,-0.764238335876775,1,1,0,0.1
4.047023511755878,-0.707019310830246,1,1,0,0.1
4.052026013006503,-0.8161463150821795,1,1,0,0.1
4.057028514257128,-0.9217797983644554,1,1,0,0.1
4.0620310155077535,-0.8598318215762532,1,1,0,0.1
4.067033516758379,-0.8168203093359221,1,1,0,0.1
4.072036018009005,-0.7356043940910935,1,1,0,0.1
4.07703851925963,-0.873454575872898,1,1,0,0.1
4.082041020510255,-0.8038587853886104,1,1,0,0.1
4.08704352176088,-0.6041487854099622,1,1,0,0.1
4.092046023011505,-0.8678096020024786,1,1,0,0.1
4.097048524262131,-0.8377250369209005,1,1,0,0.1
4.102051025512757,-0.8717603463525876,1,1,0,0.1
4.107053526763382,-0.777779747322545,1,1,0,0.1
4.112056028014007,-0.6273896951399969,1,1,0,0.1
4.117058529264632,-0.9376741870624569,1,1,0,0.1
4.122061030515257,-0.6115110586624538,1,1,0,0.1
4.127063531765883,-0.8915784186374115,1,1,0,0.1
4.132066033016508,-0.8728167230025965,1,1,0,0.1
4.137068534267134,-0.7757038332177176,1,1,0,0.1
4.142071035517759,-1.0196912308115487,1,1,0,0.1
4.147073536768384,-0.91902548162648,1,1,0,0.1
4.152076038019009,-0.8215452123605292,1,1,0,0.1
4.1570785392696346,-1.0339447714573313,1,1,0,0.1
4.16208104052026,-0.8363454181158404,1,1,0,0.1
4.167083541770885,-0.8455528809018786,1,1,0,0.1
4.172086043021511,-0.8238108994179032,1,1,0,0.1
4.177088544272136,-0.882617949052622,1,1,0,0.1
4.182091045522761,-0.8049823142974245,1,1,0,0.1
4.1870935467733865,-0.8623458836950616,1,1,0,0.1
4.192096048024012,-1.0396607857588114,1,1,0,0.1
4.197098549274637,-0.7376825728647258,1,1,0,0.1
4.202101050525263,-0.9125956021890237,1,1,0,0.1
4.207103551775888,-0.9772692168253346,1,1,0,0.1
4.212106053026513,-0.8975104877873209,1,1,0,0.1
4.2171085542771385,-0.8057191758295131,1,1,0,0.1
4.222111055527764,-0.949268701492091,1,1,0,0.1
4.227113556778389,-0.853584550894523,1,1,0,0.1
4.232116058029014,-0.742973726307282,1,1,0,0.1
4.23711855927964,-0.6983111230327644,1,1,0,0.1
4.242121060530265,-1.0282423005108068,1,1,0,0.1
4.2471235617808905,-0.8534665445538276,1,1,0,0.1
4.252126063031516,-0.8685080797908608,1,1,0,0.1
4.257128564282141,-0.7454191347385042,1,1,0,0.1
4.262131065532766,-0.8264665865397743,1,1,0,0.1
4.267133566783391,-0.9960665924964665,1,1,0,0.1
4.272136068034017,-1.1652913087920922,1,1,0,0.1
4.277138569284642,-0.7464003302578266,1,1,0,0.1
4.282141070535268,-0.8917409063525895,1,1,0,0.1
4.287143571785893,-0.9151120219310928,1,1,0,0.1
4.292146073036518,-0.9355247709937816,1,1,0,0.1
4.297148574287143,-0.9922753698487665,1,1,0,0.1
4.302151075537768,-0.8888592078723756,1,1,0,0.1
4.307153576788394,-0.7842622783858324,1,1,0,0.1
4.31215607803902,-0.942416433291283,1,1,0,0.1
4.317158579289645,-0.8533558331181753,1,1,0,0.1
4.32216108054027,-0.9557885359566938,1,1,0,0.1
4.327163581790895,-0.999614712474292,1,1,0,0.1
4.33216608304152,-0.7158607233427459,1,1,0,0.1
4.337168584292146,-1.0284393525939308,1,1,0,0.1
4.3421710855427715,-0.9352672384102743,1,1,0,0.1
4.347173586793397,-0.9634845819999078,1,1,0,0.1
4.352176088044022,-0.8958579739051533,1,1,0,0.1
4.357178589294647,-0.9212665410063015,1,1,0,0.1
4.362181090545272,-1.0138801536786435,1,1,0,0.1
4.367183591795897,-0.9627518915199426,1,1,0,0.1
4.3721860930465235,-0.86724135706912,1,1,0,0.1
4.377188594297149,-0.9822338231609918,1,1,0,0.1
4.382191095547774,-1.0418281730030547,1,1,0,0.1
4.387193596798399,-0.7869066013366391,1,1,0,0.1
4.392196098049024,-0.8646550097360932,1,1,0,0.1
4.397198599299649,-1.0023738925900865,1,1,0,0.1
4.402201100550275,-0.9156061075188342,1,1,0,0.1
4.407203601800901,-0.9741779555294253,1,1,0,0.1
4.412206103051526,-0.9272145823340655,1,1,0,0.1
4.417208604302151,-0.9766047623650004,1,1,0,0.1
4.422211105552776,-0.9029437463801415,1,1,0,0.1
4.427213606803401,-0.9385528708867726,1,1,0,0.1
4.4322161080540265,-0.8513786016705039,1,1,0,0.1
4.437218609304653,-0.9179389745402513,1,1,0,0.1
4.442221110555278,-0.9146136845024203,1,1,0,0.1
4.447223611805903,-0.9044911943076166,1,1,0,0.1
4.452226113056528,-0.7418418876090297,1,1,0,0.1
4.457228614307153,-0.8244841467700463,1,1,0,0.1
4.4622311155577785,-0.9107315723653558,1,1,0,0.1
4.467233616808404,-0.8422989920823138,1,1,0,0.1
4.47223611805903,-1.0083473278044666,1,1,0,0.1
4.477238619309655,-0.8944741013363482,1,1,0,0.1
4.48224112056028,-0.9624538392484929,1,1,0,0.1
4.487243621810905,-0.9262915821854536,1,1,0,0.1
4.4922461230615305,-1.0086839501480964,1,1,0,0.1
4.497248624312156,-0.7290691743111083,1,1,0,0.1
4.502251125562781,-1.0706130298174141,1,1,0,0.1
4.507253626813407,-1.0300889374130524,1,1,0,0.1
4.512256128064032,-1.0383689613841298,1,1,0,0.1
4.517258629314657,-0.9559363198727736,1,1,0,0.1
4.5222611305652824,-1.0254229308510356,1,1,0,0.1
4.527263631815908,-0.9124455910975582,1,1,0,0.1
4.532266133066533,-1.0128896029078316,1,1,0,0.1
4.537268634317159,-1.0784620738272335,1,1,0,0.1
4.542271135567784,-1.0078834842591051,1,1,0,0.1
4.547273636818409,-0.9170557706208639,1,1,0,0.1
4.552276138069034,-0.8909890867540609,1,1,0,0.1
4.55727863931966,-1.1257270070922496,1,1,0,0.1
4.562281140570285,-1.0451002079546217,1,1,0,0.1
4.56728364182091,-1.1190858202863772,1,1,0,0.1
4.572286143071536,-1.209027750661696,1,1,0,0.1
4.577288644322161,-0.9911526382148806,1,1,0,0.1
4.582291145572786,-1.0083083199808158,1,1,0,0.1
4.587293646823412,-1.1116649950022457,1,1,0,0.1
4.592296148074037,-0.9895435322649538,1,1,0,0.1
4.597298649324662,-1.1012703504885948,1,1,0,0.1
4.602301150575287,-1.1163480241850414,1,1,0,0.1
4.607303651825913,-1.077878538969425,1,1,0,0.1
4.612306153076538,-1.1949917263937098,1,1,0,0.1
4.6173086543271635,-0.9870777495187598,1,1,0,0.1
4.622311155577789,-0.7994525380771103,1,1,0,0.1
4.627313656828414,-1.1668632003133284,1,1,0,0.1
4.632316158079039,-0.8707819872284411,1,1,0,0.1
4.637318659329665,-0.9890462168698154,1,1,0,0.1
4.64232116058029,-0.9700476739418287,1,1,0,0.1
4.6473236618309155,-0.9043811813252486,1,1,0,0.1
4.652326163081541,-1.045761393748953,1,1,0,0.1
4.657328664332166,-0.8585986817986202,1,1,0,0.1
4.662331165582791,-0.9331683318661613,1,1,0,0.1
4.667333666833416,-1.0583772177907793,1,1,0,0.1
4.672336168084042,-0.9760875859643233,1,1,0,0.1
4.6773386693346675,-0.9811815814881074,1,1,0,0.1
4.682341170585293,-0.9933563028605569,1,1,0,0.1
4.687343671835918,-1.1552085026803294,1,1,0,0.1
4.692346173086543,-0.9782791232650188,1,1,0,0.1
4.697348674337168,-0.9987323430507783,1,1,0,0.1
4.702351175587793,-1.2502193942591098,1,1,0,0.1
4.707353676838419,-1.1003223910603255,1,1,0,0.1
4.712356178089045,-0.8496470565312916,1,1,0,0.1
4.71735867933967,-1.0369623984151268,1,1,0,0.1
4.722361180590295,-0.7376544622037938,1,1,0,0.1
4.72736368184092,-1.218184096406546,1,1,0,0.1
4.732366183091545,-1.1665099474930454,1,1,0,0.1
4.7373686843421705,-1.228402977711484,1,1,0,0.1
4.742371185592797,-1.174468596363918,1,1,0,0.1
4.747373686843422,-1.003179540225477,1,1,0,0.1
4.752376188094047,-1.0521250645125604,1,1,0,0.1
4.757378689344672,-0.9881360056501749,1,1,0,0.1
4.762381190595297,-1.0757410314109899,1,1,0,0.1
4.7673836918459225,-0.9649273244504346,1,1,0,0.1
4.7723861930965485,-1.0670144895072273,1,1,0,0.1
4.777388694347174,-1.198867209312794,1,1,0,0.1
4.782391195597799,-0.9666083246515775,1,1,0,0.1
4.787393696848424,-1.0427327738430028,1,1,0,0.1
4.792396198099049,-1.0361803968178223,1,1,0,0.1
4.7973986993496744,-0.8261691609004524,1,1,0,0.1
4.8024012006003,-1.0637310190619926,1,1,0,0.1
4.807403701850926,-0.883365521651319,1,1,0,0.1
4.812406203101551,-1.0213236692543182,1,1,0,0.1
4.817408704352176,-0.9431758220698466,1,1,0,0.1
4.822411205602801,-0.7953177151949226,1,1,0,0.1
4.827413706853426,-1.160330378644449,1,1,0,0.1
4.832416208104052,-1.0691305552629444,1,1,0,0.1
4.837418709354677,-1.1321923238440197,1,1,0,0.1
4.842421210605303,-0.9932787204696828,1,1,0,0.1
4.847423711855928,-1.0261513612931952,1,1,0,0.1
4.852426213106553,-1.0370821790421176,1,1,0,0.1
4.857428714357178,-1.0855746600471363,1,1,0,0.1
4.862431215607804,-1.0113988752811562,1,1,0,0.1
4.867433716858429,-1.0089857479366864,1,1,0,0.1
4.872436218109055,-1.0480031684294058,1,1,0,0.1
4.87743871935968,-1.069366297621919,1,1,0,0.1
4.882441220610305,-0.9454990581659845,1,1,0,0.1
4.88744372186093,-1.1261683304834327,1,1,0,0.1
4.8924462231115555,-1.0453843527309656,1,1,0,0.1
4.897448724362181,-0.8086228576009867,1,1,0,0.1
4.902451225612806,-0.9498418880070023,1,1,0,0.1
4.907453726863432,-1.1075298909754925,1,1,0,0.1
4.912456228114057,-1.1458975032393035,1,1,0,0.1
4.917458729364682,-0.9619993638365264,1,1,0,0.1
4.9224612306153075,-0.9279351663884309,1,1,0,0.1
4.927463731865933,-1.0497032894430325,1,1,0,0.1
4.932466233116558,-0.9232573867547808,1,1,0,0.1
4.937468734367183,-0.8927645114542543,1,1,0,0.1
4.942471235617809,-1.1005821738820711,1,1,0,0.1
4.947473736868434,-0.932295407177084,1,1,0,0.1
4.9524762381190595,-1.0200636172805242,1,1,0,0.1
4.957478739369685,-1.0823364147600614,1,1,0,0.1
4.96248124062031,-1.0405076352262204,1,1,0,0.1
4.967483741870935,-0.8648242319924373,1,1,0,0.1
4.972486243121561,-0.8835392049880084,1,1,0,0.1
4.977488744372186,-0.7213413255217096,1,1,0,0.1
4.982491245622811,-0.8659942017387956,1,1,0,0.1
4.987493746873437,-1.1547756729602454,1,1,0,0.1
4.992496248124062,-1.0235418480413228,1,1,0,0.1
4.997498749374687,-0.8647550102456932,1,1,0,0.1
5.002501250625312,-0.9598509786904726,1,1,0,0.1
5.007503751875938,-0.9434497486073813,1,1,0,0.1
5.012506253126563,-1.010367912929773,1,1,0,0.1
5.017508754377189,-0.7957766074551599,1,1,0,0.1
5.022511255627814,-0.9652923821855116,1,1,0,0.1
5.027513756878439,-1.127760787340754,1,1,0,0.1
5.032516258129064,-0.8738482621761736,1,1,0,0.1
5.037518759379689,-0.8738008303289556,1,1,0,0.1
5.042521260630315,-0.899150510889499,1,1,0,0.1
5.0475237618809405,-0.8971125202629153,1,1,0,0.1
5.052526263131566,-0.8262856075147815,1,1,0,0.1
5.057528764382191,-0.8445179835795996,1,1,0,0.1
5.062531265632816,-0.9143853013437799,1,1,0,0.1
5.067533766883441,-0.9437993111050615,1,1,0,0.1
5.072536268134067,-1.0039891252218636,1,1,0,0.1
5.0775387693846925,-0.7736071031209397,1,1,0,0.1
5.082541270635318,-0.778145771093604,1,1,0,0.1
5.087543771885943,-0.9327545025851285,1,1,0,0.1
5.092546273136568,-0.9712351472211838,1,1,0,0.1
5.097548774387193,-0.9840143819837027,1,1,0,0.1
5.102551275637818,-0.9575758116671362,1,1,0,0.1
5.1075537768884445,-0.9012865735262916,1,1,0,0.1
5.11255627813907,-0.863775538683624,1,1,0,0.1
5.117558779389695,-0.8995092822424678,1,1,0,0.1
5.12256128064032,-0.9705983587793908,1,1,0,0.1
5.127563781890945,-0.9933620735324973,1,1,0,0.1
5.13256628314157,-0.9079028231693592,1,1,0,0.1
5.1375687843921956,-0.8112974973224444,1,1,0,0.1
5.142571285642822,-1.1094668013579847,1,1,0,0.1
5.147573786893447,-0.8579343328237201,1,1,0,0.1
5.152576288144072,-0.7505533791904851,1,1,0,0.1
5.157578789394697,-0.9767446358507955,1,1,0,0.1
5.162581290645322,-0.8761509896651742,1,1,0,0.1
5.1675837918959475,-1.0383727036392423,1,1,0,0.1
5.172586293146573,-1.036241314012215,1,1,0,0.1
5.177588794397199,-0.8489087924239583,1,1,0,0.1
5.182591295647824,-0.8446435726819697,1,1,0,0.1
5.187593796898449,-0.8841977741414232,1,1,0,0.1
5.192596298149074,-0.9010768947740742,1,1,0,0.1
5.1975987993996995,-0.9423785416162482,1,1,0,0.1
5.202601300650325,-0.782927620313198,1,1,0,0.1
5.207603801900951,-0.8144607608336945,1,1,0,0.1
5.212606303151576,-0.9534350064984157,1,1,0,0.1
5.217608804402201,-0.9660756719003178,1,1,0,0.1
5.222611305652826,-0.8514016172380032,1,1,0,0.1
5.2276138069034515,-1.1292036701744474,1,1,0,0.1
5.232616308154077,-0.8519071538597325,1,1,0,0.1
5.237618809404702,-0.8724907736419998,1,1,0,0.1
5.242621310655328,-0.8294080488948983,1,1,0,0.1
5.247623811905953,-0.8851145800912579,1,1,0,0.1
5.252626313156578,-0.7433755671801997,1,1,0,0.1
5.257628814407203,-0.8782009473921227,1,1,0,0.1
5.262631315657829,-0.8857768766727945,1,1,0,0.1
5.267633816908454,-0.8305837622195726,1,1,0,0.1
5.272636318159079,-0.8394207863933832,1,1,0,0.1
5.277638819409705,-0.9181200953752926,1,1,0,0.1
5.28264132066033,-0.9383536494024483,1,1,0,0.1
5.287643821910955,-0.8085773015407017,1,1,0,0.1
5.292646323161581,-0.8966772739494342,1,1,0,0.1
5.297648824412206,-0.7461441444497765,1,1,0,0.1
5.302651325662831,-0.715895868263876,1,1,0,0.1
5.307653826913457,-0.9663229274903916,1,1,0,0.1
5.312656328164082,-0.6838582099968451,1,1,0,0.1
5.317658829414707,-0.8707379462305965,1,1,0,0.1
5.3226613306653325,-0.9802672257748208,1,1,0,0.1
5.327663831915958,-0.8586097960062572,1,1,0,0.1
5.332666333166583,-0.8806820574821943,1,1,0,0.1
5.337668834417208,-0.8825041465176847,1,1,0,0.1
5.342671335667834,-0.8458955496397578,1,1,0,0.1
5.347673836918459,-1.0028644826439457,1,1,0,0.1
5.3526763381690845,-0.7903551865402344,1,1,0,0.1
5.35767883941971,-0.7050596280021704,1,1,0,0.1
5.362681340670335,-0.6810542912557346,1,1,0,0.1
5.36768384192096,-0.8909214163705816,1,1,0,0.1
5.372686343171585,-0.5914442117186927,1,1,0,0.1
5.377688844422211,-0.6654479346053144,1,1,0,0.1
5.3826913456728365,-0.7993914555577306,1,1,0,0.1
5.387693846923462,-1.0136361671260488,1,1,0,0.1
5.392696348174087,-0.6968326017155803,1,1,0,0.1
5.397698849424712,-0.6613401513473551,1,1,0,0.1
5.402701350675337,-0.795691880360219,1,1,0,0.1
5.407703851925963,-0.9017682469978449,1,1,0,0.1
5.412706353176588,-0.8149127611529109,1,1,0,0.1
5.417708854427214,-0.6273609492448309,1,1,0,0.1
5.422711355677839,-0.7689481339108856,1,1,0,0.1
5.427713856928464,-0.7091317183473831,1,1,0,0.1
5.432716358179089,-0.7243762346789077,1,1,0,0.1
5.437718859429714,-0.6809260836238812,1,1,0,0.1
5.44272136068034,-0.7359503312013452,1,1,0,0.1
5.447723861930966,-0.6395229723119668,1,1,0,0.1
5.452726363181591,-0.7491429820856024,1,1,0,0.1
5.457728864432216,-0.6621908902249002,1,1,0,0.1
5.462731365682841,-0.8173184346597107,1,1,0,0.1
5.467733866933466,-0.8042174872447139,1,1,0,0.1
5.4727363681840915,-0.5965646026755548,1,1,0,0.1
5.4777388694347176,-0.7259564483370273,1,1,0,0.1
5.482741370685343,-0.7205926686432087,1,1,0,0.1
5.487743871935968,-0.7188909724291572,1,1,0,0.1
5.492746373186593,-0.7311578227492653,1,1,0,0.1
5.497748874437218,-0.7868658359184372,1,1,0,0.1
5.5027513756878434,-0.496383683712627,1,1,0,0.1
5.5077538769384695,-0.7501279112940407,1,1,0,0.1
5.512756378189095,-0.509252072840891,1,1,0,0.1
5.51775887943972,-0.7188917352532158,1,1,0,0.1
5.522761380690345,-0.8384718921672281,1,1,0,0.1
5.52776388194097,-0.8537620990433136,1,1,0,0.1
5.532766383191595,-0.7785842254779614,1,1,0,0.1
5.537768884442221,-0.7591464476132437,1,1,0,0.1
5.542771385692847,-0.7004011965179393,1,1,0,0.1
5.547773886943472,-0.7113770752776709,1,1,0,0.1
5.552776388194097,-0.7384945878211164,1,1,0,0.1
5.557778889444722,-0.7317596998750806,1,1,0,0.1
5.562781390695347,-0.6904753711756144,1,1,0,0.1
5.567783891945973,-0.6566047759713342,1,1,0,0.1
5.572786393196598,-0.5676768363004856,1,1,0,0.1
5.577788894447224,-0.9755525570032091,1,1,0,0.1
5.582791395697849,-0.628082910555526,1,1,0,0.1
5.587793896948474,-0.7721585887983509,1,1,0,0.1
5.592796398199099,-0.5430555093103853,1,1,0,0.1
5.5977988994497245,-0.5998534531682849,1,1,0,0.1
5.60280140070035,-0.6499289563055874,1,1,0,0.1
5.607803901950975,-0.5406795395230932,1,1,0,0.1
5.612806403201601,-0.5524925655534193,1,1,0,0.1
5.617808904452226,-0.786440743182909,1,1,0,0.1
5.622811405702851,-0.4522807515242893,1,1,0,0.1
5.6278139069534765,-0.751486071165973,1,1,0,0.1
5.632816408204102,-0.3810202948923116,1,1,0,0.1
5.637818909454727,-0.5306652814484565,1,1,0,0.1
5.642821410705353,-0.5944707163479165,1,1,0,0.1
5.647823911955978,-0.7350485852733329,1,1,0,0.1
5.652826413206603,-0.48442268455570026,1,1,0,0.1
5.6578289144572285,-0.7279699422150232,1,1,0,0.1
5.662831415707854,-0.5482667660649522,1,1,0,0.1
5.667833916958479,-0.48038261718590025,1,1,0,0.1
5.672836418209104,-0.7084191728317589,1,1,0,0.1
5.67783891945973,-0.5402725562744993,1,1,0,0.1
5.682841420710355,-0.3102392781754918,1,1,0,0.1
5.68784392196098,-0.49051997986563145,1,1,0,0.1
5.692846423211606,-0.5922253285780655,1,1,0,0.1
5.697848924462231,-0.5441246455763846,1,1,0,0.1
5.702851425712856,-0.5956343729802794,1,1,0,0.1
5.707853926963481,-0.46941291764363896,1,1,0,0.1
5.712856428214107,-0.5353827925412845,1,1,0,0.1
5.717858929464732,-0.6184656658340685,1,1,0,0.1
5.722861430715358,-0.4788611867340083,1,1,0,0.1
5.727863931965983,-0.6505205970212602,1,1,0,0.1
5.732866433216608,-0.4698946872605068,1,1,0,0.1
5.737868934467233,-0.5434906061511181,1,1,0,0.1
5.742871435717859,-0.7343131244390207,1,1,0,0.1
5.747873936968484,-0.4387455887585742,1,1,0,0.1
5.7528764382191095,-0.47934008734139055,1,1,0,0.1
5.757878939469735,-0.48020225461009747,1,1,0,0.1
5.76288144072036,-0.42010153330279215,1,1,0,0.1
5.767883941970985,-0.4276145288734279,1,1,0,0.1
5.77288644322161,-0.4797638450019337,1,1,0,0.1
5.777888944472236,-0.7238148074110461,1,1,0,0.1
5.7828914457228615,-0.3603748388470526,1,1,0,0.1
5.787893946973487,-0.3201537535925232,1,1,0,0.1
5.792896448224112,-0.5447354459777085,1,1,0,0.1
5.797898949474737,-0.538293800986599,1,1,0,0.1
5.802901450725362,-0.3202533954268187,1,1,0,0.1
5.807903951975987,-0.28553956666983915,1,1,0,0.1
5.8129064532266135,-0.4945709205643706,1,1,0,0.1
5.817908954477239,-0.5167725212365014,1,1,0,0.1
5.822911455727864,-0.40530156884036306,1,1,0,0.1
5.827913956978489,-0.40694017177932357,1,1,0,0.1
5.832916458229114,-0.4630902336627726,1,1,0,0.1
5.837918959479739,-0.3257361772848546,1,1,0,0.1
5.8429214607303654,-0.3541582398502879,1,1,0,0.1
5.847923961980991,-0.3615450813699383,1,1,0,0.1
5.852926463231616,-0.5235148232498236,1,1,0,0.1
5.857928964482241,-0.502440810521192,1,1,0,0.1
5.862931465732866,-0.22924898410082759,1,1,0,0.1
5.867933966983491,-0.4125576646565858,1,1,0,0.1
5.8729364682341165,-0.3821628802133647,1,1,0,0.1
5.877938969484743,-0.5523963994968111,1,1,0,0.1
5.882941470735368,-0.4290345012257949,1,1,0,0.1
5.887943971985993,-0.37109816507329857,1,1,0,0.1
5.892946473236618,-0.3414079749255241,1,1,0,0.1
5.897948974487243,-0.45055762145264544,1,1,0,0.1
5.9029514757378685,-0.307550941517813,1,1,0,0.1
5.907953976988494,-0.41278615025390714,1,1,0,0.1
5.91295647823912,-0.21213049527664649,1,1,0,0.1
5.917958979489745,-0.2731431928538797,1,1,0,0.1
5.92296148074037,-0.14817728893342128,1,1,0,0.1
5.927963981990995,-0.3873247768961362,1,1,0,0.1
5.9329664832416205,-0.4114038915479199,1,1,0,0.1
5.937968984492246,-0.6623830736688227,1,1,0,0.1
5.942971485742872,-0.33702887211251464,1,1,0,0.1
5.947973986993497,-0.35051119105823014,1,1,0,0.1
5.952976488244122,-0.3845086170765256,1,1,0,0.1
5.957978989494747,-0.20068633758849605,1,1,0,0.1
5.962981490745372,-0.3480190186373091,1,1,0,0.1
5.967983991995998,-0.39386663029090985,1,1,0,0.1
5.972986493246623,-0.44862955351450284,1,1,0,0.1
5.977988994497249,-0.23775596657964745,1,1,0,0.1
5.982991495747874,-0.3423188298107002,1,1,0,0.1
5.987993996998499,-0.29341112412983883,1,1,0,0.1
5.992996498249124,-0.1985877918578134,1,1,0,0.1
5.99799899949975,-0.20610668015656894,1,1,0,0.1
6.003001500750375,-0.2661794012289785,1,1,0,0.1
6.008004002001,-0.2432291947937029,1,1,0,0.1
6.013006503251626,-0.20248151964522101,1,1,0,0.1
6.018009004502251,-0.3453169667555304,1,1,0,0.1
6.023011505752876,-0.34521903414507676,1,1,0,0.1
6.0280140070035015,-0.4272551256211203,1,1,0,0.1
6.033016508254127,-0.2707362173966377,1,1,0,0.1
6.038019009504752,-0.394913892220032,1,1,0,0.1
6.043021510755377,-0.3009751569888815,1,1,0,0.1
6.048024012006003,-0.23605213106858738,1,1,0,0.1
6.053026513256628,-0.24431862537582372,1,1,0,0.1
6.0580290145072535,-0.3925280064962309,1,1,0,0.1
6.063031515757879,-0.10622613884019318,1,1,0,0.1
6.068034017008504,-0.05001937342024613,1,1,0,0.1
6.073036518259129,-0.3070324520684332,1,1,0,0.1
6.078039019509755,-0.2308064999267371,1,1,0,0.1
6.08304152076038,-0.17132715184253447,1,1,0,0.1
6.0880440220110055,-0.1033848667196574,1,1,0,0.1
6.093046523261631,-0.2891580241430753,1,1,0,0.1
6.098049024512256,-0.1945948520250954,1,1,0,0.1
6.103051525762881,-0.30028665527301124,1,1,0,0.1
6.108054027013506,-0.11540683712812112,1,1,0,0.1
6.113056528264132,-0.046831629144427754,1,1,0,0.1
6.118059029514757,-0.12197509240669714,1,1,0,0.1
6.123061530765383,-0.12703188606823113,1,1,0,0.1
6.128064032016008,-0.15991793751078728,1,1,0,0.1
6.133066533266633,0.017979048021417067,1,1,0,0.1
6.138069034517258,-0.21568134032086467,1,1,0,0.1
6.143071535767883,-0.046985367780632635,1,1,0,0.1
6.148074037018509,0.012536328867572357,1,1,0,0.1
6.153076538269135,-0.08125721141515614,1,1,0,0.1
6.15807903951976,0.04783468383093518,1,1,0,0.1
6.163081540770385,-0.10823846357115235,1,1,0,0.1
6.16808404202101,-0.08789808607682677,1,1,0,0.1
6.173086543271635,-0.1892098336616949,1,1,0,0.1
6.178089044522261,-0.13322168321380948,1,1,0,0.1
6.1830915457728866,-0.11667086517554266,1,1,0,0.1
6.188094047023512,-0.1667570164472018,1,1,0,0.1
6.193096548274137,0.07269851363762933,1,1,0,0.1
6.198099049524762,-0.36948425098568694,1,1,0,0.1
6.203101550775387,0.09939568646836985,1,1,0,0.1
6.2081040520260125,0.04260844629383324,1,1,0,0.1
6.2131065532766385,0.08727362437211578,1,1,0,0.1
6.218109054527264,-0.08690021318107541,1,1,0,0.1
6.223111555777889,-0.11818072485777152,1,1,0,0.1
6.228114057028514,-0.017113871980488138,1,1,0,0.1
6.233116558279139,-0.12519308035293725,1,1,0,0.1
6.238119059529764,-0.18926717332021417,1,1,0,0.1
6.24312156078039,-0.07574150254137937,1,1,0,0.1
6.248124062031016,-0.010391160283444301,1,1,0,0.1
6.253126563281641,-0.26250673731809354,1,1,0,0.1
6.258129064532266,-0.08527023059835391,1,1,0,0.1
6.263131565782891,-0.058026891465820546,1,1,0,0.1
6.268134067033516,-0.033819619459976406,1,1,0,0.1
6.273136568284142,-0.06948006257722461,1,1,0,0.1
6.278139069534768,0.12999492575313834,1,1,0,0.1
6.283141570785393,-0.037082310566719165,1,1,0,0.1
6.288144072036018,-0.1723047803358493,1,1,0,0.1
6.293146573286643,0.16114250491126786,1,1,0,0.1
6.298149074537268,-0.0794609625864429,1,1,0,0.1
6.3031515757878935,0.017259469903608705,1,1,0,0.1
6.308154077038519,0.0578685458776997,1,1,0,0.1
6.313156578289145,0.08681413111873922,1,1,0,0.1
6.31815907953977,-0.016085308372305422,1,1,0,0.1
6.323161580790395,0.10364778377049377,1,1,0,0.1
6.32816408204102,0.10252052370739652,1,1,0,0.1
6.3331665832916455,0.06649453621558193,1,1,0,0.1
6.338169084542271,0.10178679887129284,1,1,0,0.1
6.343171585792896,0.12473970941169842,1,1,0,0.1
6.348174087043522,-0.052791174512218465,1,1,0,0.1
6.353176588294147,0.0971314472108677,1,1,0,0.1
6.358179089544772,0.0913182978816669,1,1,0,0.1
6.3631815907953975,0.1294236192442875,1,1,0,0.1
6.368184092046023,0.2173596663595924,1,1,0,0.1
6.373186593296648,0.3121812748987759,1,1,0,0.1
6.378189094547274,-0.010146042340566831,1,1,0,0.1
6.383191595797899,-0.04707702447275784,1,1,0,0.1
6.388194097048524,0.2606672828374685,1,1,0,0.1
6.393196598299149,0.05739979895768682,1,1,0,0.1
6.398199099549775,0.03533265839106665,1,1,0,0.1
6.4032016008004,0.12176165842423847,1,1,0,0.1
6.408204102051025,0.017438978543534406,1,1,0,0.1
6.413206603301651,0.13793259069604696,1,1,0,0.1
6.418209104552276,0.003422532087584924,1,1,0,0.1
6.423211605802901,0.06444817589222161,1,1,0,0.1
6.428214107053527,0.0169317455828777,1,1,0,0.1
6.433216608304152,0.2275445862763143,1,1,0,0.1
6.438219109554777,0.1524471944595045,1,1,0,0.1
6.443221610805402,0.14097481483111604,1,1,0,0.1
6.448224112056028,0.0393712705426141,1,1,0,0.1
6.453226613306653,0.15642224783740752,1,1,0,0.1
6.4582291145572785,0.1386169667184563,1,1,0,0.1
6.463231615807904,0.2814052387830011,1,1,0,0.1
6.468234117058529,0.20921100223956465,1,1,0,0.1
6.473236618309154,0.24775295872734154,1,1,0,0.1
6.478239119559779,0.256273517884112,1,1,0,0.1
6.483241620810405,0.1932424957943785,1,1,0,0.1
6.4882441220610305,0.24631730711032826,1,1,0,0.1
6.493246623311656,0.18836555450608194,1,1,0,0.1
6.498249124562281,0.14437790695379796,1,1,0,0.1
6.503251625812906,0.28348944559574835,1,1,0,0.1
6.508254127063531,0.14213888555373125,1,1,0,0.1
6.513256628314157,0.12967602400338837,1,1,0,0.1
6.5182591295647825,0.043485748921549425,1,1,0,0.1
6.523261630815408,0.19963384093723902,1,1,0,0.1
6.528264132066033,0.35450371031563943,1,1,0,0.1
6.533266633316658,0.19923616602548505,1,1,0,0.1
6.538269134567283,0.2689311181512354,1,1,0,0.1
6.543271635817908,0.28359234928529437,1,1,0,0.1
6.5482741370685345,0.18771804718271903,1,1,0,0.1
6.55327663831916,0.3587768551199704,1,1,0,0.1
6.558279139569785,0.5341866377394048,1,1,0,0.1
6.56328164082041,0.22993975028384545,1,1,0,0.1
6.568284142071035,0.2790336943794205,1,1,0,0.1
6.57328664332166,0.3068084684096006,1,1,0,0.1
6.5782891445722855,0.33545211587938806,1,1,0,0.1
6.583291645822912,0.26613848138304114,1,1,0,0.1
6.588294147073537,0.3516510169616199,1,1,0,0.1
6.593296648324162,0.2495891461205008,1,1,0,0.1
6.598299149574787,0.2317077694263221,1,1,0,0.1
6.603301650825412,0.5005862949251468,1,1,0,0.1
6.6083041520760375,0.2658433569338397,1,1,0,0.1
6.613306653326664,0.4270603081378657,1,1,0,0.1
6.618309154577289,0.430327310024866,1,1,0,0.1
6.623311655827914,0.33309337713903925,1,1,0,0.1
6.628314157078539,0.2173525977186039,1,1,0,0.1
6.633316658329164,0.3684885690447327,1,1,0,0.1
6.6383191595797895,0.4138976484890427,1,1,0,0.1
6.643321660830415,0.42933700290491394,1,1,0,0.1
6.648324162081041,0.33833643370262445,1,1,0,0.1
6.653326663331666,0.25398959185368764,1,1,0,0.1
6.658329164582291,0.33751579201758997,1,1,0,0.1
6.663331665832916,0.3382786222199933,1,1,0,0.1
6.668334167083541,0.3315775652273407,1,1,0,0.1
6.673336668334167,0.5426258247422349,1,1,0,0.1
6.678339169584792,0.4443555874032228,1,1,0,0.1
6.683341670835418,0.4527802300430691,1,1,0,0.1
6.688344172086043,0.3203843934470184,1,1,0,0.1
6.693346673336668,0.3600916335338128,1,1,0,0.1
6.698349174587293,0.5496376047188541,1,1,0,0.1
6.703351675837919,0.32928381925693007,1,1,0,0.1
6.708354177088544,0.5805594560495664,1,1,0,0.1
6.71335667833917,0.6133203205248376,1,1,0,0.1
6.718359179589795,0.4225096264506461,1,1,0,0.1
6.72336168084042,0.4190702421060981,1,1,0,0.1
6.728364182091045,0.5456428909269212,1,1,0,0.1
6.7333666833416705,0.45987121819091414,1,1,0,0.1
6.738369184592296,0.5595994244715607,1,1,0,0.1
6.743371685842921,0.4988368152275528,1,1,0,0.1
6.748374187093547,0.3701895447588594,1,1,0,0.1
6.753376688344172,0.3667937021343355,1,1,0,0.1
6.758379189594797,0.5224017339405576,1,1,0,0.1
6.7633816908454225,0.4470740287906786,1,1,0,0.1
6.768384192096048,0.3300266880735461,1,1,0,0.1
6.773386693346673,0.3996776100664672,1,1,0,0.1
6.778389194597298,0.368341364279923,1,1,0,0.1
6.783391695847924,0.47585250362680814,1,1,0,0.1
6.788394197098549,0.48287982605419166,1,1,0,0.1
6.7933966983491745,0.5229956892202683,1,1,0,0.1
6.7983991995998,0.6026180949841666,1,1,0,0.1
6.803401700850425,0.4811429889039579,1,1,0,0.1
6.80840420210105,0.5795329507593695,1,1,0,0.1
6.813406703351676,0.45507372099637183,1,1,0,0.1
6.818409204602301,0.4971398626818535,1,1,0,0.1
6.8234117058529264,0.501762594345454,1,1,0,0.1
6.828414207103552,0.5714266561938277,1,1,0,0.1
6.833416708354177,0.6372475957515134,1,1,0,0.1
6.838419209604802,0.5825202271275436,1,1,0,0.1
6.843421710855427,0.5326507914022727,1,1,0,0.1
6.848424212106053,0.43415631487074574,1,1,0,0.1
6.853426713356678,0.6166261124384751,1,1,0,0.1
6.858429214607304,0.4602684949328373,1,1,0,0.1
6.863431715857929,0.5949229450780026,1,1,0,0.1
6.868434217108554,0.6265248898614977,1,1,0,0.1
6.873436718359179,0.5484441553017757,1,1,0,0.1
6.878439219609804,0.44889232085911773,1,1,0,0.1
6.88344172086043,0.4908864982697664,1,1,0,0.1
6.888444222111056,0.6525391596126514,1,1,0,0.1
6.893446723361681,0.6138241055241546,1,1,0,0.1
6.898449224612306,0.5071419684689554,1,1,0,0.1
6.903451725862931,0.5975078917885671,1,1,0,0.1
6.908454227113556,0.8616349216008341,1,1,0,0.1
6.9134567283641815,0.5293210082387925,1,1,0,0.1
6.9184592296148075,0.4467742016257562,1,1,0,0.1
6.923461730865433,0.49859383950751407,1,1,0,0.1
6.928464232116058,0.6730309544936518,1,1,0,0.1
6.933466733366683,0.6414569983039722,1,1,0,0.1
6.938469234617308,0.3989353328555036,1,1,0,0.1
6.943471735867933,0.4065659542551611,1,1,0,0.1
6.9484742371185595,0.7175133220328788,1,1,0,0.1
6.953476738369185,0.7764154312491419,1,1,0,0.1
6.95847923961981,0.5895141944558876,1,1,0,0.1
6.963481740870435,0.5431004424246421,1,1,0,0.1
6.96848424212106,0.6459418533683013,1,1,0,0.1
6.973486743371685,0.38781656342973975,1,1,0,0.1
6.978489244622311,0.73305831024159,1,1,0,0.1
6.983491745872937,0.5300381427826292,1,1,0,0.1
6.988494247123562,0.5808526392244746,1,1,0,0.1
6.993496748374187,0.6244763520880307,1,1,0,0.1
6.998499249624812,0.7335093427166199,1,1,0,0.1
7.003501750875437,0.5508175761135465,1,1,0,0.1
7.0085042521260625,0.5739382464139616,1,1,0,0.1
7.013506753376688,0.7040689448884293,1,1,0,0.1
7.018509254627314,0.7065585877660843,1,1,0,0.1
7.023511755877939,0.6468699432068322,1,1,0,0.1
7.028514257128564,0.6122790236890142,1,1,0,0.1
7.033516758379189,0.7198520007924274,1,1,0,0.1
7.0385192596298145,0.655606861717067,1,1,0,0.1
7.04352176088044,0.6935613281490628,1,1,0,0.1
7.048524262131066,0.6869029117461759,1,1,0,0.1
7.053526763381691,0.7122084325552809,1,1,0,0.1
7.058529264632316,0.8001999193721233,1,1,0,0.1
7.063531765882941,0.6678936072530575,1,1,0,0.1
7.0685342671335665,0.8249482990965918,1,1,0,0.1
7.073536768384192,0.7455575621305722,1,1,0,0.1
7.078539269634817,0.8731650609564124,1,1,0,0.1
7.083541770885443,0.6992184558646984,1,1,0,0.1
7.088544272136068,0.8541582741881466,1,1,0,0.1
7.093546773386693,0.7070527783762358,1,1,0,0.1
7.098549274637318,0.6279474067658289,1,1,0,0.1
7.103551775887944,0.7059470669719295,1,1,0,0.1
7.108554277138569,0.7138038526927374,1,1,0,0.1
7.113556778389194,0.7814468743027325,1,1,0,0.1
7.11855927963982,0.7190912480020739,1,1,0,0.1
7.123561780890445,0.6888477499841564,1,1,0,0.1
7.12856428214107,0.7281880805528166,1,1,0,0.1
7.133566783391696,0.6824829086739614,1,1,0,0.1
7.138569284642321,0.8932238857462601,1,1,0,0.1
7.143571785892946,0.6845431672860456,1,1,0,0.1
7.148574287143572,0.7163295580568066,1,1,0,0.1
7.153576788394197,0.7728400819406199,1,1,0,0.1
7.158579289644822,0.9350553076922654,1,1,0,0.1
7.1635817908954476,0.9412414353131803,1,1,0,0.1
7.168584292146073,0.7202741685905623,1,1,0,0.1
7.173586793396698,0.7488043710237933,1,1,0,0.1
7.178589294647323,0.6331301058560155,1,1,0,0.1
7.183591795897949,0.6389635407866888,1,1,0,0.1
7.188594297148574,0.7015187699640965,1,1,0,0.1
7.1935967983991995,0.8713249144436801,1,1,0,0.1
7.198599299649825,0.680576237677878,1,1,0,0.1
7.20360180090045,0.6949532093628825,1,1,0,0.1
7.208604302151075,0.9022371086528765,1,1,0,0.1
7.2136068034017,0.8656868359508786,1,1,0,0.1
7.218609304652326,0.7909869242369542,1,1,0,0.1
7.2236118059029515,0.9163401888843518,1,1,0,0.1
7.228614307153577,0.7436550196615923,1,1,0,0.1
7.233616808404202,0.8736074014165708,1,1,0,0.1
7.238619309654827,0.9473062117341672,1,1,0,0.1
7.243621810905452,0.9399738237476535,1,1,0,0.1
7.248624312156078,0.9444458158176953,1,1,0,0.1
7.2536268134067035,0.8284116395476018,1,1,0,0.1
7.258629314657329,1.0116849968877486,1,1,0,0.1
7.263631815907954,0.7123536825300787,1,1,0,0.1
7.268634317158579,0.841141808687017,1,1,0,0.1
7.273636818409204,0.7526750416793606,1,1,0,0.1
7.278639319659829,0.7765253335918024,1,1,0,0.1
7.283641820910455,0.9000320122404107,1,1,0,0.1
7.288644322161081,0.7102779221992623,1,1,0,0.1
7.293646823411706,0.9571975159469486,1,1,0,0.1
7.298649324662331,0.8687463539812115,1,1,0,0.1
7.303651825912956,0.9178093804250341,1,1,0,0.1
7.308654327163581,0.7011585510299843,1,1,0,0.1
7.3136568284142065,0.7875304812118807,1,1,0,0.1
7.318659329664833,0.7374592381507359,1,1,0,0.1
7.323661830915458,0.802753053777834,1,1,0,0.1
7.328664332166083,0.722441616256421,1,1,0,0.1
7.333666833416708,0.6383707347376205,1,1,0,0.1
7.338669334667333,0.9386726494747006,1,1,0,0.1
7.3436718359179585,0.9447783940319421,1,1,0,0.1
7.348674337168584,0.5908381612931703,1,1,0,0.1
7.35367683841921,0.6784869015697336,1,1,0,0.1
7.358679339669835,0.8022540876049117,1,1,0,0.1
7.36368184092046,0.9115053188054232,1,1,0,0.1
7.368684342171085,0.9243807818444837,1,1,0,0.1
7.37368684342171,0.7938327023795411,1,1,0,0.1
7.378689344672336,0.7793871443942393,1,1,0,0.1
7.383691845922962,1.0075623218755452,1,1,0,0.1
7.388694347173587,0.9152068781057632,1,1,0,0.1
7.393696848424212,0.9276346063030713,1,1,0,0.1
7.398699349674837,0.9128345351563424,1,1,0,0.1
7.403701850925462,0.9755857010951909,1,1,0,0.1
7.408704352176088,1.0182332190311851,1,1,0,0.1
7.413706853426713,1.0123443953989015,1,1,0,0.1
7.418709354677339,1.0098232469854684,1,1,0,0.1
7.423711855927964,0.9449663498431066,1,1,0,0.1
7.428714357178589,1.032138134091901,1,1,0,0.1
7.433716858429214,0.9708916230051201,1,1,0,0.1
7.4387193596798395,1.005073069742968,1,1,0,0.1
7.443721860930465,0.8557514267429257,1,1,0,0.1
7.44872436218109,0.8639922653217328,1,1,0,0.1
7.453726863431716,0.9983818452437426,1,1,0,0.1
7.458729364682341,1.023793526640272,1,1,0,0.1
7.463731865932966,1.0175230560966704,1,1,0,0.1
7.4687343671835915,0.7868179144219541,1,1,0,0.1
7.473736868434217,1.145461256170884,1,1,0,0.1
7.478739369684842,1.0400563362768411,1,1,0,0.1
7.483741870935468,1.0132441732490944,1,1,0,0.1
7.488744372186093,0.8633618791577066,1,1,0,0.1
7.493746873436718,1.0853050279378804,1,1,0,0.1
7.4987493746873435,0.9286646852943826,1,1,0,0.1
7.503751875937969,0.9373177643632342,1,1,0,0.1
7.508754377188594,0.8711308552285311,1,1,0,0.1
7.513756878439219,1.017899700184442,1,1,0,0.1
7.518759379689845,0.8363499635946257,1,1,0,0.1
7.52376188094047,0.7827555460540584,1,1,0,0.1
7.5287643821910955,0.8474811806064616,1,1,0,0.1
7.533766883441721,1.1250595160947487,1,1,0,0.1
7.538769384692346,1.065778180581315,1,1,0,0.1
7.543771885942971,0.9425893619771543,1,1,0,0.1
7.548774387193596,0.8171109303437285,1,1,0,0.1
7.553776888444222,1.1569702457800424,1,1,0,0.1
7.558779389694847,1.0096036268280486,1,1,0,0.1
7.563781890945473,0.9683513993341909,1,1,0,0.1
7.568784392196098,0.909079286111205,1,1,0,0.1
7.573786893446723,0.796658884241581,1,1,0,0.1
7.578789394697348,1.0387810867960818,1,1,0,0.1
7.583791895947974,0.9118451053168557,1,1,0,0.1
7.588794397198599,1.105687438942796,1,1,0,0.1
7.593796898449225,0.8928294117887359,1,1,0,0.1
7.59879939969985,0.9664367832453397,1,1,0,0.1
7.603801900950475,0.8109324121663446,1,1,0,0.1
7.6088044022011,0.9994070613411832,1,1,0,0.1
7.613806903451725,0.7895903491990018,1,1,0,0.1
7.618809404702351,0.8639960526769237,1,1,0,0.1
7.6238119059529765,0.865590185986545,1,1,0,0.1
7.628814407203602,0.9411632102538627,1,1,0,0.1
7.633816908454227,0.944853870687224,1,1,0,0.1
7.638819409704852,1.0572698677737247,1,1,0,0.1
7.643821910955477,1.1287537340676732,1,1,0,0.1
7.648824412206102,1.0780212084439713,1,1,0,0.1
7.6538269134567285,0.9648064168304268,1,1,0,0.1
7.658829414707354,0.8492291286572153,1,1,0,0.1
7.663831915957979,1.0038708009155985,1,1,0,0.1
7.668834417208604,1.0466345977526907,1,1,0,0.1
7.673836918459229,0.9411626210613024,1,1,0,0.1
7.678839419709854,0.9855339362397304,1,1,0,0.1
7.6838419209604805,0.9404499314649162,1,1,0,0.1
7.688844422211106,1.2139580126852965,1,1,0,0.1
7.693846923461731,0.9928625587368393,1,1,0,0.1
7.698849424712356,0.9351357482205658,1,1,0,0.1
7.703851925962981,1.0247323829568893,1,1,0,0.1
7.708854427213606,0.9401222706449328,1,1,0,0.1
7.7138569284642315,1.0081589678338476,1,1,0,0.1
7.718859429714858,0.9510486813721493,1,1,0,0.1
7.723861930965483,1.1423650941152503,1,1,0,0.1
7.728864432216108,0.7615283035417135,1,1,0,0.1
7.733866933466733,0.926291095284642,1,1,0,0.1
7.738869434717358,1.0713372971742723,1,1,0,0.1
7.7438719359679835,1.0025852314120283,1,1,0,0.1
7.748874437218609,1.1164817824186586,1,1,0,0.1
7.753876938469235,0.9839636466156704,1,1,0,0.1
7.75887943971986,0.9066794302078283,1,1,0,0.1
7.763881940970485,1.097942943092664,1,1,0,0.1
7.76888444222111,1.004009510323099,1,1,0,0.1
7.7738869434717355,1.0559965224956498,1,1,0,0.1
7.778889444722361,1.0348130717658452,1,1,0,0.1
7.783891945972986,1.0975488017871569,1,1,0,0.1
7.788894447223612,0.9001187932882395,1,1,0,0.1
7.793896948474237,0.8557153393130834,1,1,0,0.1
7.798899449724862,0.9641083849863339,1,1,0,0.1
7.8039019509754874,0.9689109166333982,1,1,0,0.1
7.808904452226113,0.9772889524961755,1,1,0,0.1
7.813906953476738,0.9127341633801312,1,1,0,0.1
7.818909454727364,1.0614894505554573,1,1,0,0.1
7.823911955977989,1.0370501414699942,1,1,0,0.1
7.828914457228614,0.8786872975837537,1,1,0,0.1
7.833916958479239,0.9732480985250056,1,1,0,0.1
7.838919459729865,1.0473483337085043,1,1,0,0.1
7.84392196098049,1.028899353591115,1,1,0,0.1
7.848924462231115,1.0798163864416637,1,1,0,0.1
7.853926963481741,0.9711542600954699,1,1,0,0.1
7.858929464732366,0.9570078720668469,1,1,0,0.1
7.863931965982991,0.9531729449500116,1,1,0,0.1
7.868934467233617,1.0201135719381385,1,1,0,0.1
7.873936968484242,0.8423443921358863,1,1,0,0.1
7.878939469734867,1.097841834455785,1,1,0,0.1
7.883941970985492,0.9208151331509874,1,1,0,0.1
7.888944472236118,1.0182685220577494,1,1,0,0.1
7.893946973486743,0.9227418541456153,1,1,0,0.1
7.8989494747373685,1.022823272358507,1,1,0,0.1
7.903951975987994,0.8039728670504959,1,1,0,0.1
7.908954477238619,0.9870679599884182,1,1,0,0.1
7.913956978489244,0.9338380174089939,1,1,0,0.1
7.91895947973987,0.9119191348135125,1,1,0,0.1
7.923961980990495,0.7731280331975058,1,1,0,0.1
7.9289644822411205,0.9770649203670883,1,1,0,0.1
7.933966983491746,1.0185433035893416,1,1,0,0.1
7.938969484742371,1.183374192297537,1,1,0,0.1
7.943971985992996,0.8193914783110865,1,1,0,0.1
7.948974487243621,1.1123736527589956,1,1,0,0.1
7.953976988494247,1.2584200083107875,1,1,0,0.1
7.9589794897448725,1.0220414855025823,1,1,0,0.1
7.963981990995498,0.946789457163965,1,1,0,0.1
7.968984492246123,0.9719601039254336,1,1,0,0.1
7.973986993496748,0.7131908846807494,1,1,0,0.1
7.978989494747373,0.853840078963298,1,1,0,0.1
7.983991995997998,0.846175657063301,1,1,0,0.1
7.988994497248624,0.9512056648023574,1,1,0,0.1
7.99399699849925,1.033240891717575,1,1,0,0.1
7.998999499749875,0.9584979838237204,1,1,0,0.1
8.0040020010005,1.1462349889930434,1,1,0,0.1
8.009004502251125,1.1237457437560283,1,1,0,0.1
8.014007003501751,1.014132154992883,1,1,0,0.1
8.019009504752376,0.894724229622489,1,1,0,0.1
8.024012006003002,0.897398951677264,1,1,0,0.1
8.029014507253626,0.9877596908236252,1,1,0,0.1
8.034017008504252,0.7201308169372456,1,1,0,0.1
8.039019509754878,1.0313715783609834,1,1,0,0.1
8.044022011005502,0.9944941316754883,1,1,0,0.1
8.049024512256128,0.8508294641026908,1,1,0,0.1
8.054027013506753,0.8934093815761827,1,1,0,0.1
8.059029514757379,0.9295546216454629,1,1,0,0.1
8.064032016008003,0.9032091406215221,1,1,0,0.1
8.069034517258629,0.8782361466888932,1,1,0,0.1
8.074037018509255,0.7436991063008124,1,1,0,0.1
8.07903951975988,0.7969024153490302,1,1,0,0.1
8.084042021010506,1.0755428045720559,1,1,0,0.1
8.08904452226113,0.9121676314896129,1,1,0,0.1
8.094047023511756,0.7391869418875857,1,1,0,0.1
8.09904952476238,1.0463763549138965,1,1,0,0.1
8.104052026013006,0.8121371614586657,1,1,0,0.1
8.109054527263632,0.9050079994647695,1,1,0,0.1
8.114057028514257,0.8093985201256321,1,1,0,0.1
8.119059529764883,0.9314129416470827,1,1,0,0.1
8.124062031015507,0.9187262071001815,1,1,0,0.1
8.129064532266133,1.0635615125468911,1,1,0,0.1
8.134067033516757,1.0558881826816338,1,1,0,0.1
8.139069534767383,0.9309926613765882,1,1,0,0.1
8.14407203601801,0.8486598978590179,1,1,0,0.1
8.149074537268634,0.7838059382195778,1,1,0,0.1
8.15407703851926,0.7819878593339797,1,1,0,0.1
8.159079539769884,1.0619125596430354,1,1,0,0.1
8.16408204102051,0.7897195999701782,1,1,0,0.1
8.169084542271134,0.9078646837524564,1,1,0,0.1
8.17408704352176,1.0661453390164097,1,1,0,0.1
8.179089544772387,0.8498329660378927,1,1,0,0.1
8.18409204602301,0.8982116533654328,1,1,0,0.1
8.189094547273637,0.9399304544484731,1,1,0,0.1
8.194097048524261,1.1143453309035036,1,1,0,0.1
8.199099549774887,0.933121773169993,1,1,0,0.1
8.204102051025513,0.9391268184235785,1,1,0,0.1
8.209104552276138,0.9868602453858227,1,1,0,0.1
8.214107053526764,0.8929586514133808,1,1,0,0.1
8.219109554777388,1.0394022384717094,1,1,0,0.1
8.224112056028014,0.9245424278863192,1,1,0,0.1
8.229114557278638,0.9191034084427319,1,1,0,0.1
8.234117058529264,1.1597797229397946,1,1,0,0.1
8.23911955977989,1.0863455988541753,1,1,0,0.1
8.244122061030515,0.9319540671726713,1,1,0,0.1
8.24912456228114,0.7689315943774506,1,1,0,0.1
8.254127063531765,0.9007932493962867,1,1,0,0.1
8.259129564782391,0.8665903178505712,1,1,0,0.1
8.264132066033016,0.8330764999475063,1,1,0,0.1
8.269134567283642,0.8556285948882075,1,1,0,0.1
8.274137068534268,1.0519304568961627,1,1,0,0.1
8.279139569784892,1.079037302132489,1,1,0,0.1
8.284142071035518,1.0288668249473873,1,1,0,0.1
8.289144572286142,1.0198978926106772,1,1,0,0.1
8.294147073536768,0.9557231105180324,1,1,0,0.1
8.299149574787393,0.917751546257452,1,1,0,0.1
8.304152076038019,0.9565813401812571,1,1,0,0.1
8.309154577288645,0.8272893212841789,1,1,0,0.1
8.314157078539269,1.054684719752298,1,1,0,0.1
8.319159579789895,0.9738853567747324,1,1,0,0.1
8.32416208104052,1.0471288170414894,1,1,0,0.1
8.329164582291146,0.9604971306294362,1,1,0,0.1
8.33416708354177,0.851043082086649,1,1,0,0.1
8.339169584792396,0.8470627496478036,1,1,0,0.1
8.344172086043022,0.9077200209379201,1,1,0,0.1
8.349174587293646,0.9868065897874034,1,1,0,0.1
8.354177088544272,1.0797259825385892,1,1,0,0.1
8.359179589794897,0.7669969721646679,1,1,0,0.1
8.364182091045523,0.781365333749156,1,1,0,0.1
8.369184592296147,0.8915600412308659,1,1,0,0.1
8.374187093546773,0.8458516644635764,1,1,0,0.1
8.379189594797399,0.9024887355527548,1,1,0,0.1
8.384192096048023,0.7993104951509749,1,1,0,0.1
8.38919459729865,0.8761305722356494,1,1,0,0.1
8.394197098549274,0.8769063635170804,1,1,0,0.1
8.3991995997999,0.762614420930078,1,1,0,0.1
8.404202101050526,0.922826257885468,1,1,0,0.1
8.40920460230115,0.8385569148494647,1,1,0,0.1
8.414207103551776,0.9336729061347055,1,1,0,0.1
8.4192096048024,0.8608527957755854,1,1,0,0.1
8.424212106053027,0.8919118318880196,1,1,0,0.1
8.429214607303651,0.8204900525315154,1,1,0,0.1
8.434217108554277,0.9852970470147798,1,1,0,0.1
8.439219609804903,0.7336549334306514,1,1,0,0.1
8.444222111055527,0.8227488449342852,1,1,0,0.1
8.449224612306153,0.6926209405822563,1,1,0,0.1
8.454227113556778,0.7719492387804437,1,1,0,0.1
8.459229614807404,0.66847975190303,1,1,0,0.1
8.464232116058028,0.6723855070241713,1,1,0,0.1
8.469234617308654,0.8666735199961512,1,1,0,0.1
8.47423711855928,0.9700125357413025,1,1,0,0.1
8.479239619809904,0.9633566841866834,1,1,0,0.1
8.48424212106053,0.6207581386957322,1,1,0,0.1
8.489244622311155,0.8138281540709741,1,1,0,0.1
8.494247123561781,0.8150367842372943,1,1,0,0.1
8.499249624812405,0.7959576392478228,1,1,0,0.1
8.504252126063031,0.8908365536884358,1,1,0,0.1
8.509254627313657,0.802157020670902,1,1,0,0.1
8.514257128564282,0.6735951664649235,1,1,0,0.1
8.519259629814908,0.8365350904218486,1,1,0,0.1
8.524262131065532,0.6846628645061499,1,1,0,0.1
8.529264632316158,0.743214236458593,1,1,0,0.1
8.534267133566782,0.6843083997791761,1,1,0,0.1
8.539269634817408,0.8078436283792074,1,1,0,0.1
8.544272136068034,0.6623707140955236,1,1,0,0.1
8.549274637318659,0.73364600163282,1,1,0,0.1
8.554277138569285,0.7086642312313697,1,1,0,0.1
8.55927963981991,0.7825597392519119,1,1,0,0.1
8.564282141070535,0.7631885770964808,1,1,0,0.1
8.56928464232116,0.8125750028704848,1,1,0,0.1
8.574287143571786,0.7687047906401454,1,1,0,0.1
8.579289644822412,0.9366191170389707,1,1,0,0.1
8.584292146073036,0.6563571914909726,1,1,0,0.1
8.589294647323662,0.6753658856247292,1,1,0,0.1
8.594297148574286,0.7498718472151396,1,1,0,0.1
8.599299649824912,0.6420736939753913,1,1,0,0.1
8.604302151075537,0.6406333577205132,1,1,0,0.1
8.609304652326163,0.73439072199321,1,1,0,0.1
8.614307153576789,0.6131084346805639,1,1,0,0.1
8.619309654827413,0.8069850323514443,1,1,0,0.1
8.62431215607804,0.8477202940559029,1,1,0,0.1
8.629314657328663,0.682408313242624,1,1,0,0.1
8.63431715857929,0.8369047384330862,1,1,0,0.1
8.639319659829916,0.8967464650973067,1,1,0,0.1
8.64432216108054,0.900816255741135,1,1,0,0.1
8.649324662331166,0.5293049789871876,1,1,0,0.1
8.65432716358179,0.6330905414656852,1,1,0,0.1
8.659329664832416,0.7719795662392179,1,1,0,0.1
8.66433216608304,0.6930271708569249,1,1,0,0.1
8.669334667333667,0.6917419094963857,1,1,0,0.1
8.674337168584293,0.656266775169126,1,1,0,0.1
8.679339669834917,0.5657268278542925,1,1,0,0.1
8.684342171085543,0.5944302656331919,1,1,0,0.1
8.689344672336167,0.6780140272207453,1,1,0,0.1
8.694347173586793,0.7232915260053638,1,1,0,0.1
8.699349674837418,0.7546549365592815,1,1,0,0.1
8.704352176088044,0.7768707888335699,1,1,0,0.1
8.70935467733867,0.6846045342029471,1,1,0,0.1
8.714357178589294,0.63237620548935,1,1,0,0.1
8.71935967983992,0.5192957144949432,1,1,0,0.1
8.724362181090545,0.5303452194457503,1,1,0,0.1
8.72936468234117,0.5309997159802408,1,1,0,0.1
8.734367183591795,0.5364597204439177,1,1,0,0.1
8.739369684842421,0.7498669787923269,1,1,0,0.1
8.744372186093047,0.6243441430757043,1,1,0,0.1
8.749374687343671,0.5934807229273794,1,1,0,0.1
8.754377188594297,0.5999486964168659,1,1,0,0.1
8.759379689844922,0.6293735370678473,1,1,0,0.1
8.764382191095548,0.4710379045757165,1,1,0,0.1
8.769384692346172,0.542005983719578,1,1,0,0.1
8.774387193596798,0.7476037705006189,1,1,0,0.1
8.779389694847424,0.6337922577368502,1,1,0,0.1
8.784392196098048,0.5718510867013905,1,1,0,0.1
8.789394697348675,0.6470246830815329,1,1,0,0.1
8.794397198599299,0.8135443324706563,1,1,0,0.1
8.799399699849925,0.5386135625897579,1,1,0,0.1
8.80440220110055,0.42723862352343533,1,1,0,0.1
8.809404702351175,0.31708200408634823,1,1,0,0.1
8.814407203601801,0.41560547520500146,1,1,0,0.1
8.819409704852426,0.5831239302586066,1,1,0,0.1
8.824412206103052,0.6353782833477898,1,1,0,0.1
8.829414707353676,0.47487136820348186,1,1,0,0.1
8.834417208604302,0.6244915815087162,1,1,0,0.1
8.839419709854928,0.6068051116155468,1,1,0,0.1
8.844422211105552,0.4941297788265024,1,1,0,0.1
8.849424712356178,0.4851415027404694,1,1,0,0.1
8.854427213606803,0.3815406812409024,1,1,0,0.1
8.859429714857429,0.4960929915796404,1,1,0,0.1
8.864432216108053,0.501917312543175,1,1,0,0.1
8.86943471735868,0.8102223009711046,1,1,0,0.1
8.874437218609305,0.5736605550949858,1,1,0,0.1
8.87943971985993,0.44504803083105976,1,1,0,0.1
8.884442221110556,0.45962263634265477,1,1,0,0.1
8.88944472236118,0.5822951018861969,1,1,0,0.1
8.894447223611806,0.6153575838057596,1,1,0,0.1
8.89944972486243,0.5714499973523459,1,1,0,0.1
8.904452226113056,0.5807341827060465,1,1,0,0.1
8.909454727363682,0.4648100579223305,1,1,0,0.1
8.914457228614307,0.38260347377199094,1,1,0,0.1
8.919459729864933,0.5475238219012366,1,1,0,0.1
8.924462231115557,0.6141348429278787,1,1,0,0.1
8.929464732366183,0.6172335811439122,1,1,0,0.1
8.934467233616807,0.2187370644682752,1,1,0,0.1
8.939469734867433,0.3842529399642314,1,1,0,0.1
8.94447223611806,0.38909431286934715,1,1,0,0.1
8.949474737368684,0.43255176326301153,1,1,0,0.1
8.95447723861931,0.5017217209133887,1,1,0,0.1
8.959479739869934,0.5228793774917747,1,1,0,0.1
8.96448224112056,0.5485020654103794,1,1,0,0.1
8.969484742371185,0.29953699871871453,1,1,0,0.1
8.97448724362181,0.40963338093485735,1,1,0,0.1
8.979489744872437,0.4354304049967928,1,1,0,0.1
8.984492246123061,0.5228548010243332,1,1,0,0.1
8.989494747373687,0.24867511927847782,1,1,0,0.1
8.994497248624311,0.4602672283385239,1,1,0,0.1
8.999499749874937,0.4161541636487407,1,1,0,0.1
9.004502251125562,0.4352480126694891,1,1,0,0.1
9.009504752376188,0.4064290735730215,1,1,0,0.1
9.014507253626814,0.3153475567694095,1,1,0,0.1
9.019509754877438,0.3740588429255094,1,1,0,0.1
9.024512256128064,0.4831168814011146,1,1,0,0.1
9.029514757378688,0.35979052021863306,1,1,0,0.1
9.034517258629315,0.3456322618301505,1,1,0,0.1
9.039519759879939,0.5034502334728805,1,1,0,0.1
9.044522261130565,0.537593006337422,1,1,0,0.1
9.049524762381191,0.3100614171881572,1,1,0,0.1
9.054527263631815,0.4500353224599678,1,1,0,0.1
9.059529764882441,0.2735055050307239,1,1,0,0.1
9.064532266133066,0.26102992981190265,1,1,0,0.1
9.069534767383692,0.4266334892778716,1,1,0,0.1
9.074537268634318,0.29713845729117855,1,1,0,0.1
9.079539769884942,0.2679143872688198,1,1,0,0.1
9.084542271135568,0.3346197857286168,1,1,0,0.1
9.089544772386192,0.21301960649788165,1,1,0,0.1
9.094547273636818,0.3195320339024414,1,1,0,0.1
9.099549774887443,0.30118030212842695,1,1,0,0.1
9.104552276138069,0.5829504773699254,1,1,0,0.1
9.109554777388695,0.054407868152917475,1,1,0,0.1
9.11455727863932,0.4273316045245347,1,1,0,0.1
9.119559779889945,0.40487266564769486,1,1,0,0.1
9.12456228114057,0.2821960174357739,1,1,0,0.1
9.129564782391196,0.25128816252689173,1,1,0,0.1
9.13456728364182,0.2642487961018684,1,1,0,0.1
9.139569784892446,0.34962380512450814,1,1,0,0.1
9.144572286143072,0.343194486475721,1,1,0,0.1
9.149574787393696,0.2143209598483685,1,1,0,0.1
9.154577288644322,0.3533066750874809,1,1,0,0.1
9.159579789894947,0.27735631298181906,1,1,0,0.1
9.164582291145573,0.2923175609842556,1,1,0,0.1
9.169584792396197,0.3825608314376116,1,1,0,0.1
9.174587293646823,0.3529673485067603,1,1,0,0.1
9.17958979489745,0.23208157455992434,1,1,0,0.1
9.184592296148073,0.3061764973735685,1,1,0,0.1
9.1895947973987,0.24822158118914836,1,1,0,0.1
9.194597298649324,0.10537308994902123,1,1,0,0.1
9.19959979989995,0.1285921427969285,1,1,0,0.1
9.204602301150574,0.23003459305535043,1,1,0,0.1
9.2096048024012,0.18844880269933112,1,1,0,0.1
9.214607303651826,0.1461889692309958,1,1,0,0.1
9.21960980490245,0.3417887774372759,1,1,0,0.1
9.224612306153077,0.1942928188347261,1,1,0,0.1
9.229614807403701,0.4782449686388122,1,1,0,0.1
9.234617308654327,0.10241073706630253,1,1,0,0.1
9.239619809904951,0.1905202456013388,1,1,0,0.1
9.244622311155577,-0.013126753061723317,1,1,0,0.1
9.249624812406203,0.11803296357459551,1,1,0,0.1
9.254627313656828,0.23000363914068103,1,1,0,0.1
9.259629814907454,0.2631864107940803,1,1,0,0.1
9.264632316158078,0.0893152227288153,1,1,0,0.1
9.269634817408704,0.06830915827136402,1,1,0,0.1
9.27463731865933,0.11456502857099651,1,1,0,0.1
9.279639819909955,0.2773107870521726,1,1,0,0.1
9.28464232116058,0.35109545101120615,1,1,0,0.1
9.289644822411205,0.09779957361824301,1,1,0,0.1
9.294647323661831,0.2172013041682516,1,1,0,0.1
9.299649824912455,0.17122601457039371,1,1,0,0.1
9.304652326163081,0.2857880158303365,1,1,0,0.1
9.309654827413707,0.07635737124657163,1,1,0,0.1
9.314657328664332,0.12136288775414265,1,1,0,0.1
9.319659829914958,0.13369274113983037,1,1,0,0.1
9.324662331165582,0.2010788414239265,1,1,0,0.1
9.329664832416208,0.14584903682122954,1,1,0,0.1
9.334667333666832,0.028686669991250868,1,1,0,0.1
9.339669834917459,0.1429524854530577,1,1,0,0.1
9.344672336168085,0.24355210216373402,1,1,0,0.1
9.349674837418709,0.06361068723332083,1,1,0,0.1
9.354677338669335,0.15573288484193293,1,1,0,0.1
9.35967983991996,0.06210529557170876,1,1,0,0.1
9.364682341170585,-0.025582265614019422,1,1,0,0.1
9.36968484242121,0.05706675732619046,1,1,0,0.1
9.374687343671836,0.1934171594011807,1,1,0,0.1
9.379689844922462,0.06090451692327489,1,1,0,0.1
9.384692346173086,0.030909592230857496,1,1,0,0.1
9.389694847423712,0.189845921174399,1,1,0,0.1
9.394697348674336,0.07297059850185801,1,1,0,0.1
9.399699849924962,0.09449368188337816,1,1,0,0.1
9.404702351175587,0.016160094403041503,1,1,0,0.1
9.409704852426213,-0.08830700929542173,1,1,0,0.1
9.414707353676839,0.029430777335788076,1,1,0,0.1
9.419709854927463,-0.2517179099087408,1,1,0,0.1
9.42471235617809,-0.10389869124714059,1,1,0,0.1
9.429714857428714,0.06648619974616088,1,1,0,0.1
9.43471735867934,-0.08988178052931285,1,1,0,0.1
9.439719859929964,0.0425856898953746,1,1,0,0.1
9.44472236118059,0.05292730065085333,1,1,0,0.1
9.449724862431216,-0.18087351271815008,1,1,0,0.1
9.45472736368184,-0.15561694591247877,1,1,0,0.1
9.459729864932466,-0.03320188784803829,1,1,0,0.1
9.46473236618309,-0.10874381070238663,1,1,0,0.1
9.469734867433717,-0.06995754387015769,1,1,0,0.1
9.474737368684341,-0.00017200736807706127,1,1,0,0.1
9.479739869934967,0.22200079323125355,1,1,0,0.1
9.484742371185593,-0.08109895438423388,1,1,0,0.1
9.489744872436217,0.062298123604013364,1,1,0,0.1
9.494747373686844,-0.061110035775148015,1,1,0,0.1
9.499749874937468,-0.1598070454513696,1,1,0,0.1
9.504752376188094,-0.20197001072266527,1,1,0,0.1
9.50975487743872,-0.16370927374965377,1,1,0,0.1
9.514757378689344,-0.07969528506561849,1,1,0,0.1
9.51975987993997,-0.08938904663587212,1,1,0,0.1
9.524762381190595,-0.03311661576392508,1,1,0,0.1
9.52976488244122,-0.07274323836319495,1,1,0,0.1
9.534767383691845,-0.14567317712622788,1,1,0,0.1
9.539769884942471,-0.20082975759196456,1,1,0,0.1
9.544772386193097,-0.2049063763280218,1,1,0,0.1
9.549774887443721,-0.13834304551811566,1,1,0,0.1
9.554777388694347,-0.012914796083388639,1,1,0,0.1
9.559779889944972,-0.06076911597453551,1,1,0,0.1
9.564782391195598,-0.03638597206225614,1,1,0,0.1
9.569784892446222,-0.08488292526586749,1,1,0,0.1
9.574787393696848,-0.3239048162558527,1,1,0,0.1
9.579789894947474,-0.062350407971401824,1,1,0,0.1
9.584792396198099,-0.2765879746646782,1,1,0,0.1
9.589794897448725,-0.36678918217615497,1,1,0,0.1
9.594797398699349,0.048915312409936,1,1,0,0.1
9.599799899949975,-0.137852081294117,1,1,0,0.1
9.6048024012006,-0.16722286798678393,1,1,0,0.1
9.609804902451225,-0.18370687591951168,1,1,0,0.1
9.614807403701851,-0.14697842642894776,1,1,0,0.1
9.619809904952476,-0.19129193536600442,1,1,0,0.1
9.624812406203102,-0.15047699386453595,1,1,0,0.1
9.629814907453726,-0.14007812582756912,1,1,0,0.1
9.634817408704352,-0.13686749031536793,1,1,0,0.1
9.639819909954976,-0.09905702503730458,1,1,0,0.1
9.644822411205602,-0.24055210566805044,1,1,0,0.1
9.649824912456229,-0.08720715563340053,1,1,0,0.1
9.654827413706853,-0.4212457294034386,1,1,0,0.1
9.659829914957479,-0.3270772138444405,1,1,0,0.1
9.664832416208103,-0.15330989804797832,1,1,0,0.1
9.66983491745873,-0.2878043726707746,1,1,0,0.1
9.674837418709354,-0.20332674531539544,1,1,0,0.1
9.67983991995998,-0.2535444371319425,1,1,0,0.1
9.684842421210606,-0.21296537801487805,1,1,0,0.1
9.68984492246123,-0.3355259397589337,1,1,0,0.1
9.694847423711856,-0.40457142897717835,1,1,0,0.1
9.69984992496248,-0.10549530649264588,1,1,0,0.1
9.704852426213106,-0.12622086799411944,1,1,0,0.1
9.709854927463732,-0.23481719240438675,1,1,0,0.1
9.714857428714357,-0.2806578500589916,1,1,0,0.1
9.719859929964983,-0.3934893287966923,1,1,0,0.1
9.724862431215607,-0.35501542885860926,1,1,0,0.1
9.729864932466233,-0.273175756118839,1,1,0,0.1
9.734867433716857,-0.26029793335273393,1,1,0,0.1
9.739869934967484,-0.45295228312235275,1,1,0,0.1
9.74487243621811,-0.28280067185898816,1,1,0,0.1
9.749874937468734,-0.2157177004633993,1,1,0,0.1
9.75487743871936,-0.37218692945807524,1,1,0,0.1
9.759879939969984,-0.34356309147195385,1,1,0,0.1
9.76488244122061,-0.29767938992898074,1,1,0,0.1
9.769884942471235,-0.2859110404031509,1,1,0,0.1
9.77488744372186,-0.38329482189393815,1,1,0,0.1
9.779889944972487,-0.5019549879148902,1,1,0,0.1
9.784892446223111,-0.32750006263795056,1,1,0,0.1
9.789894947473737,-0.3009891908570947,1,1,0,0.1
9.794897448724361,-0.194843966002066,1,1,0,0.1
9.799899949974987,-0.2366170037679748,1,1,0,0.1
9.804902451225612,-0.19727399749819158,1,1,0,0.1
9.809904952476238,-0.21899564691980927,1,1,0,0.1
9.814907453726864,-0.38640730952302343,1,1,0,0.1
9.819909954977488,-0.4990988077272544,1,1,0,0.1
9.824912456228114,-0.4958089779856449,1,1,0,0.1
9.829914957478739,-0.43858976583276604,1,1,0,0.1
9.834917458729365,-0.35538984359300385,1,1,0,0.1
9.839919959979989,-0.2657707560598663,1,1,0,0.1
9.844922461230615,-0.47958721273285226,1,1,0,0.1
9.849924962481241,-0.42825086135374796,1,1,0,0.1
9.854927463731865,-0.5125896328023292,1,1,0,0.1
9.859929964982491,-0.4487264132965548,1,1,0,0.1
9.864932466233116,-0.22123751445638112,1,1,0,0.1
9.869934967483742,-0.378411928605704,1,1,0,0.1
9.874937468734366,-0.2553861863487845,1,1,0,0.1
9.879939969984992,-0.48325275965979564,1,1,0,0.1
9.884942471235618,-0.3308144320555022,1,1,0,0.1
9.889944972486242,-0.42506905744754475,1,1,0,0.1
9.894947473736869,-0.5097528307139503,1,1,0,0.1
9.899949974987493,-0.43891251136879433,1,1,0,0.1
9.904952476238119,-0.5890984808304998,1,1,0,0.1
9.909954977488743,-0.49955290116707696,1,1,0,0.1
9.91495747873937,-0.42083981518250285,1,1,0,0.1
9.919959979989995,-0.6008157912391966,1,1,0,0.1
9.92496248124062,-0.6598124009393147,1,1,0,0.1
9.929964982491246,-0.43414890321152333,1,1,0,0.1
9.93496748374187,-0.4490234213365197,1,1,0,0.1
9.939969984992496,-0.6315070972360491,1,1,0,0.1
9.944972486243122,-0.4536091856878449,1,1,0,0.1
9.949974987493746,-0.7197511703657749,1,1,0,0.1
9.954977488744372,-0.611019084041959,1,1,0,0.1
9.959979989994997,-0.5018230978687566,1,1,0,0.1
9.964982491245623,-0.634369023591415,1,1,0,0.1
9.969984992496247,-0.44814463027928453,1,1,0,0.1
9.974987493746873,-0.5083977838328267,1,1,0,0.1
9.9799899949975,-0.5787319093888229,1,1,0,0.1
9.984992496248124,-0.6344234540168098,1,1,0,0.1
9.98999499749875,-0.42999274095895307,1,1,0,0.1
9.994997498749374,-0.7031838789999694,1,1,0,0.1
10.0,-0.8644177887297514,1,1,0,0.1
