x,Sinusoidal Value,amplitude,frequency,phase
0.0,0.0,1,1,0
0.0050025012506253125,0.004959086396048032,1,1,0
0.010005002501250625,0.010365504380024367,1,1,0
0.015007503751875938,0.014620214616455799,1,1,0
0.02001000500250125,0.02079944564194619,1,1,0
0.02501250625312656,0.025170477718243604,1,1,0
0.030015007503751877,0.030527453795059115,1,1,0
0.03501750875437719,0.03565846030990582,1,1,0
0.0400200100050025,0.04139225124713213,1,1,0
0.04502251125562781,0.044621417342762204,1,1,0
0.05002501250625312,0.04937160699745572,1,1,0
0.055027513756878435,0.05715464172753363,1,1,0
0.060030015007503754,0.06140270082604782,1,1,0
0.06503251625812906,0.0670450293047816,1,1,0
0.07003501750875438,0.06780363728345826,1,1,0
0.07503751875937968,0.07238967387460798,1,1,0
0.080040020010005,0.07878759808022796,1,1,0
0.08504252126063032,0.08426992567305426,1,1,0
0.09004502251125562,0.08686813956263399,1,1,0
0.09504752376188094,0.09499791683438479,1,1,0
0.10005002501250625,0.0981067675868539,1,1,0
0.10505252626313157,0.10408471005427543,1,1,0
0.11005502751375687,0.11301860434243097,1,1,0
0.11505752876438219,0.11032956249838327,1,1,0
0.12006003001500751,0.12186531162106477,1,1,0
0.12506253126563283,0.1258392873462205,1,1,0
0.13006503251625812,0.12556318073149697,1,1,0
0.13506753376688344,0.1382164200065736,1,1,0
0.14007003501750875,0.13723355937396853,1,1,0
0.14507253626813407,0.1466129060448007,1,1,0
0.15007503751875936,0.1531950599744142,1,1,0
0.15507753876938468,0.15773464058461403,1,1,0
0.16008004002001,0.1614819479253327,1,1,0
0.16508254127063532,0.1666844729508752,1,1,0
0.17008504252126064,0.16869506944603027,1,1,0
0.17508754377188593,0.18072594948371934,1,1,0
0.18009004502251125,0.18561144311043284,1,1,0
0.18509254627313657,0.18106879931045242,1,1,0
0.19009504752376188,0.18164019964095987,1,1,0
0.19509754877438718,0.18805929227436455,1,1,0
0.2001000500250125,0.20527074107161355,1,1,0
0.2051025512756378,0.20799509602744015,1,1,0
0.21010505252626313,0.2054059373170114,1,1,0
0.21510755377688845,0.20552523643992004,1,1,0
0.22011005502751374,0.21510486268324813,1,1,0
0.22511255627813906,0.22697248891018787,1,1,0
0.23011505752876438,0.2195021192334522,1,1,0
0.2351175587793897,0.241898148096072,1,1,0
0.24012006003001501,0.23678360950628974,1,1,0
0.2451225612806403,0.24211703738839407,1,1,0
0.25012506253126565,0.24087195965091604,1,1,0
0.25512756378189094,0.2509458274473199,1,1,0
0.26013006503251623,0.25826458782295575,1,1,0
0.2651325662831416,0.2597382336981161,1,1,0
0.27013506753376687,0.27269363091571186,1,1,0
0.27513756878439216,0.27361952843848225,1,1,0
0.2801400700350175,0.27919852784393334,1,1,0
0.2851425712856428,0.28668621046480613,1,1,0
0.29014507253626814,0.29694131648971644,1,1,0
0.29514757378689344,0.29109042949353353,1,1,0
0.3001500750375187,0.30013601280688107,1,1,0
0.3051525762881441,0.28902262809774326,1,1,0
0.31015507753876936,0.3030131518772791,1,1,0
0.3151575787893947,0.3164489982896348,1,1,0
0.32016008004002,0.31576454492523054,1,1,0
0.3251625812906453,0.3074535582711651,1,1,0
0.33016508254127064,0.3196505191282812,1,1,0
0.33516758379189593,0.33990076272475944,1,1,0
0.3401700850425213,0.34025421448629845,1,1,0
0.34517258629314657,0.34023263129810627,1,1,0
0.35017508754377186,0.3311880862727225,1,1,0
0.3551775887943972,0.33655301734549464,1,1,0
0.3601800900450225,0.3398651976562681,1,1,0
0.36518259129564784,0.34923616846262,1,1,0
0.37018509254627313,0.3630208640330726,1,1,0
0.3751875937968984,0.3726492517011169,1,1,0
0.38019009504752377,0.3801210955009156,1,1,0
0.38519259629814906,0.38252635278260055,1,1,0
0.39019509754877435,0.3849019796359255,1,1,0
0.3951975987993997,0.39254815011094485,1,1,0
0.400200100050025,0.38820410621993423,1,1,0
0.40520260130065033,0.40860150455389327,1,1,0
0.4102051025512756,0.40688728536458835,1,1,0
0.4152076038019009,0.4115614286743847,1,1,0
0.42021010505252626,0.40000345459141945,1,1,0
0.42521260630315155,0.4242029378180349,1,1,0
0.4302151075537769,0.40206009173172114,1,1,0
0.4352176088044022,0.4105019842505294,1,1,0
0.4402201100550275,0.43473786738649056,1,1,0
0.4452226113056528,0.437801188150416,1,1,0
0.4502251125562781,0.4314593392514693,1,1,0
0.45522761380690346,0.42841359670412477,1,1,0
0.46023011505752875,0.4527757081785739,1,1,0
0.46523261630815405,0.4575111096872657,1,1,0
0.4702351175587794,0.47010533568761703,1,1,0
0.4752376188094047,0.44085884232191963,1,1,0
0.48024012006003003,0.45312158101163186,1,1,0
0.4852426213106553,0.4745838741097299,1,1,0
0.4902451225612806,0.4550882855506162,1,1,0
0.49524762381190596,0.49283004113087214,1,1,0
0.5002501250625313,0.4685878507252251,1,1,0
0.5052526263131566,0.4672377530800121,1,1,0
0.5102551275637819,0.4727454911775049,1,1,0
0.5152576288144072,0.48574570592441096,1,1,0
0.5202601300650325,0.4917474689525016,1,1,0
0.5252626313156579,0.49108199996323093,1,1,0
0.5302651325662832,0.5019749376951886,1,1,0
0.5352676338169085,0.5299451385774399,1,1,0
0.5402701350675337,0.5139777352220475,1,1,0
0.545272636318159,0.5013958875972476,1,1,0
0.5502751375687843,0.5419278797316541,1,1,0
0.5552776388194097,0.5123092040298333,1,1,0
0.560280140070035,0.541123386050129,1,1,0
0.5652826413206603,0.5149877435754732,1,1,0
0.5702851425712856,0.55326223720465,1,1,0
0.5752876438219109,0.5539617289545838,1,1,0
0.5802901450725363,0.5695154944642711,1,1,0
0.5852926463231616,0.5667602357918853,1,1,0
0.5902951475737869,0.5409756741152041,1,1,0
0.5952976488244122,0.5639303056033134,1,1,0
0.6003001500750375,0.5751470616889799,1,1,0
0.6053026513256629,0.5825385967588029,1,1,0
0.6103051525762881,0.5682958173573445,1,1,0
0.6153076538269134,0.5554495358868584,1,1,0
0.6203101550775387,0.5636396304171056,1,1,0
0.625312656328164,0.572143842935647,1,1,0
0.6303151575787894,0.5740010255510603,1,1,0
0.6353176588294147,0.5978279541481771,1,1,0
0.64032016008004,0.5896128626191597,1,1,0
0.6453226613306653,0.6047693540972823,1,1,0
0.6503251625812906,0.6022838139602426,1,1,0
0.655327663831916,0.6050086854878299,1,1,0
0.6603301650825413,0.6058115398566069,1,1,0
0.6653326663331666,0.6217618766826444,1,1,0
0.6703351675837919,0.6275985521133903,1,1,0
0.6753376688344171,0.6406453526408611,1,1,0
0.6803401700850426,0.6113835216898647,1,1,0
0.6853426713356678,0.655789160945136,1,1,0
0.6903451725862931,0.6197028053653907,1,1,0
0.6953476738369184,0.6502090747404307,1,1,0
0.7003501750875437,0.6261668121424723,1,1,0
0.7053526763381691,0.634820017689916,1,1,0
0.7103551775887944,0.6349119776256975,1,1,0
0.7153576788394197,0.6324876531048508,1,1,0
0.720360180090045,0.640174748829605,1,1,0
0.7253626813406703,0.6778738153131969,1,1,0
0.7303651825912957,0.642723124363644,1,1,0
0.735367683841921,0.6636886999789746,1,1,0
0.7403701850925463,0.6684305139013917,1,1,0
0.7453726863431716,0.6935201783997141,1,1,0
0.7503751875937968,0.6553022095895994,1,1,0
0.7553776888444221,0.6759820518937139,1,1,0
0.7603801900950475,0.6704493396766541,1,1,0
0.7653826913456728,0.7013665234126886,1,1,0
0.7703851925962981,0.7208358322079631,1,1,0
0.7753876938469234,0.6941379351654708,1,1,0
0.7803901950975487,0.7077314339431776,1,1,0
0.7853926963481741,0.6860785395849548,1,1,0
0.7903951975987994,0.6953737554731609,1,1,0
0.7953976988494247,0.7203417512912382,1,1,0
0.80040020010005,0.7370658691917203,1,1,0
0.8054027013506753,0.7374627142856699,1,1,0
0.8104052026013007,0.7073370580724464,1,1,0
0.815407703851926,0.736590991702629,1,1,0
0.8204102051025512,0.7137793663311863,1,1,0
0.8254127063531765,0.7095885202400684,1,1,0
0.8304152076038018,0.7419162569761943,1,1,0
0.8354177088544272,0.7562492824898885,1,1,0
0.8404202101050525,0.7276894256236295,1,1,0
0.8454227113556778,0.755888289329045,1,1,0
0.8504252126063031,0.755990732678229,1,1,0
0.8554277138569284,0.7485066406804856,1,1,0
0.8604302151075538,0.739138114638685,1,1,0
0.8654327163581791,0.7417821822785372,1,1,0
0.8704352176088044,0.7946683242016425,1,1,0
0.8754377188594297,0.7780594700801683,1,1,0
0.880440220110055,0.7750265525565173,1,1,0
0.8854427213606804,0.7758538182127118,1,1,0
0.8904452226113057,0.7799456067581543,1,1,0
0.8954477238619309,0.7996456127332155,1,1,0
0.9004502251125562,0.760501497150907,1,1,0
0.9054527263631815,0.815539902213601,1,1,0
0.9104552276138069,0.8189984132153251,1,1,0
0.9154577288644322,0.8164446514911877,1,1,0
0.9204602301150575,0.8043360738655536,1,1,0
0.9254627313656828,0.8249234150030252,1,1,0
0.9304652326163081,0.8005117710889934,1,1,0
0.9354677338669335,0.7973085089782531,1,1,0
0.9404702351175588,0.8143313286950232,1,1,0
0.9454727363681841,0.7851157455622468,1,1,0
0.9504752376188094,0.822207173710851,1,1,0
0.9554777388694347,0.7946045171399395,1,1,0
0.9604802401200601,0.8196324721310226,1,1,0
0.9654827413706853,0.8119203591377722,1,1,0
0.9704852426213106,0.8512046477274402,1,1,0
0.9754877438719359,0.8007806055545851,1,1,0
0.9804902451225612,0.8178167235140693,1,1,0
0.9854927463731865,0.8101448227332829,1,1,0
0.9904952476238119,0.8444350933623959,1,1,0
0.9954977488744372,0.8449411130109978,1,1,0
1.0005002501250626,0.8321705702387306,1,1,0
1.0055027513756878,0.8568645398244783,1,1,0
1.0105052526263132,0.8147621079371721,1,1,0
1.0155077538769384,0.8397964164380386,1,1,0
1.0205102551275638,0.8207200442622399,1,1,0
1.0255127563781892,0.8844366127407548,1,1,0
1.0305152576288144,0.8876487261200694,1,1,0
1.0355177588794398,0.8847790686231572,1,1,0
1.040520260130065,0.8496002953388201,1,1,0
1.0455227613806903,0.8775791737368366,1,1,0
1.0505252626313157,0.8351803056678879,1,1,0
1.055527763881941,0.870917660276945,1,1,0
1.0605302651325663,0.8589477596513757,1,1,0
1.0655327663831915,0.9077063454210901,1,1,0
1.070535267633817,0.9071486567994348,1,1,0
1.075537768884442,0.9020653519141566,1,1,0
1.0805402701350675,0.8606379201682782,1,1,0
1.0855427713856929,0.8588163692978341,1,1,0
1.090545272636318,0.8983192388144312,1,1,0
1.0955477738869435,0.9044579129253346,1,1,0
1.1005502751375686,0.9092309592215915,1,1,0
1.105552776388194,0.8994102801142715,1,1,0
1.1105552776388194,0.9142873981687748,1,1,0
1.1155577788894446,0.9320639940268907,1,1,0
1.12056028014007,0.9208795268136113,1,1,0
1.1255627813906952,0.8990447697713995,1,1,0
1.1305652826413206,0.8801517959353206,1,1,0
1.135567783891946,0.938629247464597,1,1,0
1.1405702851425712,0.8776357303703252,1,1,0
1.1455727863931966,0.9084320378416397,1,1,0
1.1505752876438218,0.9194076067949056,1,1,0
1.1555777888944472,0.9464848141914515,1,1,0
1.1605802901450726,0.8948521375375728,1,1,0
1.1655827913956978,0.8896078303981214,1,1,0
1.1705852926463232,0.956708612989187,1,1,0
1.1755877938969483,0.9038492295516081,1,1,0
1.1805902951475737,0.9232110548803129,1,1,0
1.1855927963981991,0.922595585906374,1,1,0
1.1905952976488243,0.8915223093054437,1,1,0
1.1955977988994497,0.9516970735840531,1,1,0
1.200600300150075,0.9246968938759487,1,1,0
1.2056028014007003,0.9348108353040273,1,1,0
1.2106053026513257,0.9106235224525316,1,1,0
1.215607803901951,0.9123035610331176,1,1,0
1.2206103051525763,0.9088893051270358,1,1,0
1.2256128064032015,0.9343136019002861,1,1,0
1.2306153076538269,0.9789413108506004,1,1,0
1.2356178089044523,0.9123615860452442,1,1,0
1.2406203101550775,0.9553610462290074,1,1,0
1.2456228114057029,0.9645392284069924,1,1,0
1.250625312656328,0.961525878621856,1,1,0
1.2556278139069534,0.9834506344695334,1,1,0
1.2606303151575788,0.961260370609951,1,1,0
1.265632816408204,0.9292633806539448,1,1,0
1.2706353176588294,0.9274275291145593,1,1,0
1.2756378189094546,0.9240314415006436,1,1,0
1.28064032016008,0.9520150230416402,1,1,0
1.2856428214107054,0.9755168708556855,1,1,0
1.2906453226613306,0.965421680339033,1,1,0
1.295647823911956,0.9622298358972259,1,1,0
1.3006503251625812,0.9825200678682544,1,1,0
1.3056528264132066,0.9376658329578484,1,1,0
1.310655327663832,0.9631514689888884,1,1,0
1.3156578289144572,0.9549026863801741,1,1,0
1.3206603301650826,0.9960880032891527,1,1,0
1.3256628314157077,0.9793469648285487,1,1,0
1.3306653326663331,0.9638239569252721,1,1,0
1.3356678339169585,0.9717294720783604,1,1,0
1.3406703351675837,0.9934980752381155,1,1,0
1.3456728364182091,0.9626015871497008,1,1,0
1.3506753376688343,0.9894496470917684,1,1,0
1.3556778389194597,0.9988415494159102,1,1,0
1.360680340170085,0.9824567757808562,1,1,0
1.3656828414207103,0.9753673844542792,1,1,0
1.3706853426713357,0.9577526621741196,1,1,0
1.3756878439219609,0.9849740026943056,1,1,0
1.3806903451725863,0.9885534724394763,1,1,0
1.3856928464232117,0.9535856547601786,1,1,0
1.3906953476738368,0.9891115985579138,1,1,0
1.3956978489244622,1.0093639531855385,1,1,0
1.4007003501750874,0.9760554871208168,1,1,0
1.4057028514257128,0.9734595707465172,1,1,0
1.4107053526763382,1.0266625899819948,1,1,0
1.4157078539269634,0.9938128251374284,1,1,0
1.4207103551775888,0.9847581519693126,1,1,0
1.425712856428214,0.9992236930674031,1,1,0
1.4307153576788394,0.9648654308323343,1,1,0
1.4357178589294648,0.9768056079012855,1,1,0
1.44072036018009,1.0264285136129037,1,1,0
1.4457228614307154,1.0202802089101,1,1,0
1.4507253626813406,0.955538859573376,1,1,0
1.455727863931966,1.0164520901491176,1,1,0
1.4607303651825914,1.0080555947148602,1,1,0
1.4657328664332165,0.982186466245542,1,1,0
1.470735367683842,1.0315829395839642,1,1,0
1.4757378689344671,1.0257665502523232,1,1,0
1.4807403701850925,1.0157687453034914,1,1,0
1.485742871435718,1.0167652606137823,1,1,0
1.490745372686343,0.984703713364175,1,1,0
1.4957478739369685,0.9876994739393363,1,1,0
1.5007503751875937,1.0129498180356995,1,1,0
1.505752876438219,1.0068302443381116,1,1,0
1.5107553776888443,0.9798535611951168,1,1,0
1.5157578789394697,0.9891334868820464,1,1,0
1.520760380190095,1.0005323902847905,1,1,0
1.5257628814407203,1.0207605238267627,1,1,0
1.5307653826913457,1.0238937608095016,1,1,0
1.5357678839419708,0.9941663846015728,1,1,0
1.5407703851925962,0.9862483856350112,1,1,0
1.5457728864432216,1.0310195887899016,1,1,0
1.5507753876938468,0.999108000354102,1,1,0
1.5557778889444722,1.0324479542996179,1,1,0
1.5607803901950974,0.9703097924489638,1,1,0
1.5657828914457228,0.9901199233115118,1,1,0
1.5707853926963482,0.9708930301454621,1,1,0
1.5757878939469734,0.9679314324614162,1,1,0
1.5807903951975988,1.0026995639120666,1,1,0
1.585792896448224,0.9931943863454558,1,1,0
1.5907953976988494,1.0340902355802242,1,1,0
1.5957978989494748,0.9984711595733143,1,1,0
1.6008004002001,1.0075670086323298,1,1,0
1.6058029014507254,0.9827763060186211,1,1,0
1.6108054027013505,0.9615763641378541,1,1,0
1.615807903951976,0.9999896654987753,1,1,0
1.6208104052026013,0.9776950625755919,1,1,0
1.6258129064532265,0.9787377350548673,1,1,0
1.630815407703852,1.0150583855993514,1,1,0
1.635817908954477,1.0247067714993974,1,1,0
1.6408204102051025,0.968302076056678,1,1,0
1.645822911455728,1.001661159235601,1,1,0
1.650825412706353,0.9935643295318151,1,1,0
1.6558279139569785,0.987086072882465,1,1,0
1.6608304152076037,1.0019306710682034,1,1,0
1.665832916458229,1.0159877113764588,1,1,0
1.6708354177088545,1.000387294932523,1,1,0
1.6758379189594796,0.9626864386624064,1,1,0
1.680840420210105,1.0241779360736045,1,1,0
1.6858429214607302,0.9658260803005869,1,1,0
1.6908454227113556,1.0138767187634017,1,1,0
1.695847923961981,0.9942321281246779,1,1,0
1.7008504252126062,0.995867518344718,1,1,0
1.7058529264632316,0.9561202119510546,1,1,0
1.7108554277138568,1.0160740040003144,1,1,0
1.7158579289644822,1.0081338281697878,1,1,0
1.7208604302151076,0.9933549137250903,1,1,0
1.7258629314657328,0.9662609776091847,1,1,0
1.7308654327163582,0.9660974210028525,1,1,0
1.7358679339669834,1.0108558395083982,1,1,0
1.7408704352176088,1.011940319675583,1,1,0
1.7458729364682342,0.9501237216100947,1,1,0
1.7508754377188593,0.9885407327371206,1,1,0
1.7558779389694847,0.9534215518920136,1,1,0
1.76088044022011,0.9713025106948838,1,1,0
1.7658829414707353,0.9459979793414345,1,1,0
1.7708854427213607,0.9598251975565246,1,1,0
1.775887943971986,0.9593891931620622,1,1,0
1.7808904452226113,0.9990379233305459,1,1,0
1.7858929464732365,0.9467000352755763,1,1,0
1.7908954477238619,0.9649185787701056,1,1,0
1.7958979489744873,1.0025548722312647,1,1,0
1.8009004502251125,0.9911097068774808,1,1,0
1.8059029514757379,1.0100412501394682,1,1,0
1.810905452726363,0.958751049588567,1,1,0
1.8159079539769885,0.9827318395172332,1,1,0
1.8209104552276139,0.963225717727146,1,1,0
1.825912956478239,0.9461409477324477,1,1,0
1.8309154577288644,0.9478160778525468,1,1,0
1.8359179589794896,0.9293122241430373,1,1,0
1.840920460230115,0.941208474699868,1,1,0
1.8459229614807404,0.9668289524063132,1,1,0
1.8509254627313656,0.9280991079113275,1,1,0
1.855927963981991,0.9815725127684461,1,1,0
1.8609304652326162,0.9714923531966881,1,1,0
1.8659329664832416,0.9913106775280265,1,1,0
1.870935467733867,0.9286332162241576,1,1,0
1.8759379689844922,0.9738739871893006,1,1,0
1.8809404702351176,0.9768954558968292,1,1,0
1.8859429714857427,0.9448251228928619,1,1,0
1.8909454727363681,0.9209591125938532,1,1,0
1.8959479739869936,0.9311170331342179,1,1,0
1.9009504752376187,0.9629476288082464,1,1,0
1.9059529764882441,0.9563745883471068,1,1,0
1.9109554777388693,0.9524831831680133,1,1,0
1.9159579789894947,0.9349239034425634,1,1,0
1.9209604802401201,0.9297967544760385,1,1,0
1.9259629814907453,0.9278414106660816,1,1,0
1.9309654827413707,0.9252308505681547,1,1,0
1.9359679839919959,0.946651050832292,1,1,0
1.9409704852426213,0.9091553433996669,1,1,0
1.9459729864932465,0.8978639605646658,1,1,0
1.9509754877438719,0.897262628638183,1,1,0
1.9559779889944973,0.9210119793454923,1,1,0
1.9609804902451224,0.9296446031570592,1,1,0
1.9659829914957478,0.8970230663173131,1,1,0
1.970985492746373,0.9254801904730253,1,1,0
1.9759879939969984,0.883170835801501,1,1,0
1.9809904952476238,0.8913797864871049,1,1,0
1.985992996498249,0.9269687990125951,1,1,0
1.9909954977488744,0.9304653592195135,1,1,0
1.9959979989994996,0.9122619391930865,1,1,0
2.001000500250125,0.9165084889563397,1,1,0
2.0060030015007504,0.9194228581595135,1,1,0
2.0110055027513756,0.9055249361714887,1,1,0
2.0160080040020008,0.9027380946475044,1,1,0
2.0210105052526264,0.8733441327447966,1,1,0
2.0260130065032516,0.913752971491171,1,1,0
2.0310155077538767,0.8842251054005104,1,1,0
2.0360180090045024,0.9064867308703878,1,1,0
2.0410205102551275,0.9102743984975769,1,1,0
2.0460230115057527,0.8824091365831946,1,1,0
2.0510255127563783,0.8576993567709591,1,1,0
2.0560280140070035,0.865981262477405,1,1,0
2.0610305152576287,0.869066229899259,1,1,0
2.066033016508254,0.9105336335403946,1,1,0
2.0710355177588795,0.870949364468301,1,1,0
2.0760380190095047,0.8765711072394864,1,1,0
2.08104052026013,0.8516573790900938,1,1,0
2.0860430215107555,0.8736587606091477,1,1,0
2.0910455227613807,0.8548286519038695,1,1,0
2.096048024012006,0.8849639369770546,1,1,0
2.1010505252626315,0.8656694106668626,1,1,0
2.1060530265132567,0.8794262622480992,1,1,0
2.111055527763882,0.8853322125520655,1,1,0
2.116058029014507,0.8301974165054533,1,1,0
2.1210605302651326,0.8433535355179752,1,1,0
2.126063031515758,0.8766752221179333,1,1,0
2.131065532766383,0.8448169499316479,1,1,0
2.1360680340170086,0.8543421541993318,1,1,0
2.141070535267634,0.8331327495047445,1,1,0
2.146073036518259,0.8285269345885055,1,1,0
2.151075537768884,0.8683540132651413,1,1,0
2.15607803901951,0.8112499444829075,1,1,0
2.161080540270135,0.8361229919477788,1,1,0
2.16608304152076,0.8539469144848107,1,1,0
2.1710855427713858,0.8165238288091957,1,1,0
2.176088044022011,0.8397883939790524,1,1,0
2.181090545272636,0.7978500642893515,1,1,0
2.1860930465232618,0.7904512264115844,1,1,0
2.191095547773887,0.8328947885133171,1,1,0
2.196098049024512,0.7913785568151565,1,1,0
2.2011005502751373,0.8131304880369911,1,1,0
2.206103051525763,0.82249962810021,1,1,0
2.211105552776388,0.8039219126624524,1,1,0
2.2161080540270133,0.7787574050182448,1,1,0
2.221110555277639,0.8048089345652913,1,1,0
2.226113056528264,0.7904301727068538,1,1,0
2.2311155577788893,0.774186614726736,1,1,0
2.236118059029515,0.7584195413662477,1,1,0
2.24112056028014,0.7942262615142766,1,1,0
2.2461230615307652,0.7941118123151244,1,1,0
2.2511255627813904,0.7520164123243988,1,1,0
2.256128064032016,0.7462339984117136,1,1,0
2.2611305652826412,0.7661483322917141,1,1,0
2.2661330665332664,0.7544721212501733,1,1,0
2.271135567783892,0.7362580996557405,1,1,0
2.276138069034517,0.7422242669122875,1,1,0
2.2811405702851424,0.7811446427686455,1,1,0
2.286143071535768,0.769522138379963,1,1,0
2.291145572786393,0.7559929122695845,1,1,0
2.2961480740370184,0.7221828115876678,1,1,0
2.3011505752876436,0.7458187906245619,1,1,0
2.306153076538269,0.7406132845480707,1,1,0
2.3111555777888944,0.7453589282877472,1,1,0
2.3161580790395195,0.7558167666056912,1,1,0
2.321160580290145,0.7104691270190078,1,1,0
2.3261630815407703,0.699747886054945,1,1,0
2.3311655827913955,0.7508126423677275,1,1,0
2.336168084042021,0.7144744244404304,1,1,0
2.3411705852926463,0.7249476472108166,1,1,0
2.3461730865432715,0.7253293223761276,1,1,0
2.3511755877938967,0.6879505492952233,1,1,0
2.3561780890445223,0.6920260873016378,1,1,0
2.3611805902951475,0.7206777401325768,1,1,0
2.3661830915457727,0.682012392779823,1,1,0
2.3711855927963983,0.6942862117472994,1,1,0
2.3761880940470235,0.7014327660505815,1,1,0
2.3811905952976486,0.6894006134538451,1,1,0
2.3861930965482743,0.6770841531388907,1,1,0
2.3911955977988995,0.6950270760752835,1,1,0
2.3961980990495246,0.6595872133225397,1,1,0
2.40120060030015,0.6602354578671306,1,1,0
2.4062031015507754,0.677314918425404,1,1,0
2.4112056028014006,0.6443383957832322,1,1,0
2.416208104052026,0.6889206873738812,1,1,0
2.4212106053026514,0.6607531591784305,1,1,0
2.4262131065532766,0.6573944584346183,1,1,0
2.431215607803902,0.6568688553852551,1,1,0
2.4362181090545274,0.6708072396149715,1,1,0
2.4412206103051526,0.6529810344590747,1,1,0
2.4462231115557778,0.6511844941330825,1,1,0
2.451225612806403,0.6227314944724941,1,1,0
2.4562281140570286,0.6220070372838388,1,1,0
2.4612306153076537,0.6366700969989919,1,1,0
2.466233116558279,0.6246908200461742,1,1,0
2.4712356178089045,0.6345467359567877,1,1,0
2.4762381190595297,0.6119508603422876,1,1,0
2.481240620310155,0.5937232150175517,1,1,0
2.4862431215607805,0.5851688909375079,1,1,0
2.4912456228114057,0.6291338249346885,1,1,0
2.496248124062031,0.6092842179556173,1,1,0
2.501250625312656,0.5807515279198179,1,1,0
2.5062531265632817,0.5795510456582437,1,1,0
2.511255627813907,0.5804565143420332,1,1,0
2.516258129064532,0.5816922043360238,1,1,0
2.5212606303151577,0.5863749626977287,1,1,0
2.526263131565783,0.5802813132050822,1,1,0
2.531265632816408,0.5705098262935409,1,1,0
2.5362681340670337,0.5501844244008328,1,1,0
2.541270635317659,0.5521968453402756,1,1,0
2.546273136568284,0.5542367130063133,1,1,0
2.551275637818909,0.5555097165847417,1,1,0
2.556278139069535,0.5370559056882499,1,1,0
2.56128064032016,0.5269025074483411,1,1,0
2.566283141570785,0.5245669812630243,1,1,0
2.571285642821411,0.5607782990201722,1,1,0
2.576288144072036,0.5205599924949686,1,1,0
2.581290645322661,0.5515082967606404,1,1,0
2.5862931465732864,0.5211324184327177,1,1,0
2.591295647823912,0.508229440415001,1,1,0
2.596298149074537,0.49994193297466544,1,1,0
2.6013006503251623,0.5235276305525984,1,1,0
2.606303151575788,0.5001444952360461,1,1,0
2.611305652826413,0.5044153064962699,1,1,0
2.6163081540770383,0.49706157552765673,1,1,0
2.621310655327664,0.49252010313941946,1,1,0
2.626313156578289,0.49217704693201614,1,1,0
2.6313156578289143,0.4946405089984375,1,1,0
2.6363181590795395,0.4840223768206683,1,1,0
2.641320660330165,0.4855562613869228,1,1,0
2.6463231615807903,0.4563942038775598,1,1,0
2.6513256628314155,0.46048370145179607,1,1,0
2.656328164082041,0.48187231517244633,1,1,0
2.6613306653326663,0.47188907111469136,1,1,0
2.6663331665832914,0.4572827321340164,1,1,0
2.671335667833917,0.45060861227669524,1,1,0
2.6763381690845423,0.46271393063495425,1,1,0
2.6813406703351674,0.44882254960420065,1,1,0
2.6863431715857926,0.44865045440546547,1,1,0
2.6913456728364182,0.43453545010006445,1,1,0
2.6963481740870434,0.4237814138512784,1,1,0
2.7013506753376686,0.43815758772807,1,1,0
2.706353176588294,0.41235230691308983,1,1,0
2.7113556778389194,0.405517517475309,1,1,0
2.7163581790895446,0.4278051145591539,1,1,0
2.72136068034017,0.3951198218664668,1,1,0
2.7263631815907954,0.3874026934060849,1,1,0
2.7313656828414206,0.41210539322524603,1,1,0
2.7363681840920457,0.40604600004361746,1,1,0
2.7413706853426714,0.393554862839989,1,1,0
2.7463731865932965,0.3960784210376453,1,1,0
2.7513756878439217,0.3693480196471416,1,1,0
2.7563781890945473,0.36330413480940216,1,1,0
2.7613806903451725,0.3655894745335169,1,1,0
2.7663831915957977,0.3562045417252092,1,1,0
2.7713856928464233,0.37528123808930947,1,1,0
2.7763881940970485,0.34416865647750994,1,1,0
2.7813906953476737,0.3494267689048219,1,1,0
2.786393196598299,0.3527944615715737,1,1,0
2.7913956978489245,0.35040703760993297,1,1,0
2.7963981990995497,0.3377552781843579,1,1,0
2.801400700350175,0.34028703433572755,1,1,0
2.8064032016008005,0.31714484682111155,1,1,0
2.8114057028514257,0.31244916063853556,1,1,0
2.816408204102051,0.3149412474963027,1,1,0
2.8214107053526765,0.3189941237862428,1,1,0
2.8264132066033016,0.31557904668948006,1,1,0
2.831415707853927,0.2947609389550305,1,1,0
2.836418209104552,0.3017880969385816,1,1,0
2.8414207103551776,0.2853497748592751,1,1,0
2.846423211605803,0.29310875159482114,1,1,0
2.851425712856428,0.28136880814897847,1,1,0
2.8564282141070536,0.2920112939320104,1,1,0
2.861430715357679,0.269494585523256,1,1,0
2.866433216608304,0.26225586970153586,1,1,0
2.8714357178589296,0.26040889392073924,1,1,0
2.8764382191095548,0.26280731561645104,1,1,0
2.88144072036018,0.25091542458012756,1,1,0
2.886443221610805,0.247547826502303,1,1,0
2.8914457228614308,0.25076927938882404,1,1,0
2.896448224112056,0.24054237222648261,1,1,0
2.901450725362681,0.2327629048894531,1,1,0
2.9064532266133067,0.23717871709329758,1,1,0
2.911455727863932,0.2222460013912524,1,1,0
2.916458229114557,0.22994530979279346,1,1,0
2.9214607303651827,0.22254942103232078,1,1,0
2.926463231615808,0.22064439424779914,1,1,0
2.931465732866433,0.20485582958556997,1,1,0
2.9364682341170583,0.1973400252117388,1,1,0
2.941470735367684,0.2051159767835591,1,1,0
2.946473236618309,0.19212664763245765,1,1,0
2.9514757378689342,0.1887381963743173,1,1,0
2.95647823911956,0.1893648620349197,1,1,0
2.961480740370185,0.17756506142227793,1,1,0
2.9664832416208102,0.1784408574100897,1,1,0
2.971485742871436,0.1657678636767547,1,1,0
2.976488244122061,0.16168685049031123,1,1,0
2.981490745372686,0.15445455501028052,1,1,0
2.9864932466233114,0.1498897882144182,1,1,0
2.991495747873937,0.14824886880798113,1,1,0
2.996498249124562,0.1407013577133794,1,1,0
3.0015007503751874,0.1421704785045999,1,1,0
3.006503251625813,0.13075792484992668,1,1,0
3.011505752876438,0.13154017365306334,1,1,0
3.0165082541270634,0.12794949329096897,1,1,0
3.0215107553776885,0.12275103395075418,1,1,0
3.026513256628314,0.11134094589760685,1,1,0
3.0315157578789393,0.10711580998227606,1,1,0
3.0365182591295645,0.10642879205479937,1,1,0
3.04152076038019,0.09953991908749374,1,1,0
3.0465232616308153,0.09586534332561909,1,1,0
3.0515257628814405,0.09183789831378798,1,1,0
3.056528264132066,0.0880781588648355,1,1,0
3.0615307653826913,0.08281954134967599,1,1,0
3.0665332666333165,0.07535086792744418,1,1,0
3.0715357678839417,0.07172146403724787,1,1,0
3.0765382691345673,0.06648332025353408,1,1,0
3.0815407703851925,0.058493544757489684,1,1,0
3.0865432716358177,0.05307620836419819,1,1,0
3.0915457728864433,0.05126708542887675,1,1,0
3.0965482741370685,0.0439671497866908,1,1,0
3.1015507753876936,0.03968375517731286,1,1,0
3.1065532766383193,0.03580748400069343,1,1,0
3.1115557778889444,0.02961317055543334,1,1,0
3.1165582791395696,0.024914688125303442,1,1,0
3.121560780390195,0.020064575096604895,1,1,0
3.1265632816408204,0.014998694924140698,1,1,0
3.1315657828914456,0.009690304345563176,1,1,0
3.136568284142071,0.0050513728417017085,1,1,0
3.1415707853926964,2.1080503270048026e-05,1,1,0
3.1465732866433216,-0.004849903486363859,1,1,0
3.1515757878939468,-0.009715997802927848,1,1,0
3.1565782891445724,-0.015067326839109735,1,1,0
3.1615807903951976,-0.020012395576382513,1,1,0
3.1665832916458228,-0.024121961879732614,1,1,0
3.171585792896448,-0.029329466873458703,1,1,0
3.1765882941470736,-0.03496087673659916,1,1,0
3.1815907953976987,-0.04111186022126671,1,1,0
3.186593296648324,-0.04516807166759693,1,1,0
3.1915957978989495,-0.05190231243174219,1,1,0
3.1965982991495747,-0.05302772876049912,1,1,0
3.2016008004002,-0.05848588240263671,1,1,0
3.2066033016508255,-0.06720049982848823,1,1,0
3.2116058029014507,-0.06942866025975461,1,1,0
3.216608304152076,-0.07225521420386966,1,1,0
3.221610805402701,-0.08250800936450385,1,1,0
3.2266133066533267,-0.0869312361578628,1,1,0
3.231615807903952,-0.08715432403137205,1,1,0
3.236618309154577,-0.09803439230553242,1,1,0
3.2416208104052027,-0.09736883031965676,1,1,0
3.246623311655828,-0.10784937386540168,1,1,0
3.251625812906453,-0.10926645175708255,1,1,0
3.2566283141570787,-0.11635878920386868,1,1,0
3.261630815407704,-0.12164927500083417,1,1,0
3.266633316658329,-0.1223079989950683,1,1,0
3.271635817908954,-0.12527558967218538,1,1,0
3.27663831915958,-0.12939603072542008,1,1,0
3.281640820410205,-0.13724220539067644,1,1,0
3.28664332166083,-0.14739615296718714,1,1,0
3.291645822911456,-0.14592831527746253,1,1,0
3.296648324162081,-0.15974805845649895,1,1,0
3.301650825412706,-0.1622048044504153,1,1,0
3.306653326663332,-0.15788832029540026,1,1,0
3.311655827913957,-0.17104815913170607,1,1,0
3.316658329164582,-0.17409631782725526,1,1,0
3.3216608304152073,-0.17227910464965313,1,1,0
3.326663331665833,-0.1890193148508977,1,1,0
3.331665832916458,-0.1854779796129947,1,1,0
3.3366683341670833,-0.19767869950341094,1,1,0
3.341670835417709,-0.19148246975374467,1,1,0
3.346673336668334,-0.1981737153803133,1,1,0
3.3516758379189593,-0.20638231299621712,1,1,0
3.356678339169585,-0.209726423398213,1,1,0
3.36168084042021,-0.22380035724170963,1,1,0
3.3666833416708353,-0.21902552040020115,1,1,0
3.3716858429214605,-0.23226397502154972,1,1,0
3.376688344172086,-0.23380129566923044,1,1,0
3.3816908454227113,-0.23163362570689436,1,1,0
3.3866933466733364,-0.2392238949814216,1,1,0
3.391695847923962,-0.24658770620890905,1,1,0
3.3966983491745872,-0.2502391845922827,1,1,0
3.4017008504252124,-0.25716053214131673,1,1,0
3.406703351675838,-0.270246847795317,1,1,0
3.4117058529264632,-0.26197650555365487,1,1,0
3.4167083541770884,-0.2666431350982765,1,1,0
3.4217108554277136,-0.2695188657551601,1,1,0
3.426713356678339,-0.2716989399015522,1,1,0
3.4317158579289644,-0.27874505016004586,1,1,0
3.4367183591795896,-0.29473103247227705,1,1,0
3.441720860430215,-0.29827699507210187,1,1,0
3.4467233616808404,-0.30456446439457013,1,1,0
3.4517258629314655,-0.3048880200599613,1,1,0
3.4567283641820907,-0.3032025364925082,1,1,0
3.4617308654327164,-0.32060195179239165,1,1,0
3.4667333666833415,-0.3161157896823125,1,1,0
3.4717358679339667,-0.31831109622830106,1,1,0
3.4767383691845923,-0.3383355028589989,1,1,0
3.4817408704352175,-0.3318082992265365,1,1,0
3.4867433716858427,-0.33435083490768563,1,1,0
3.4917458729364683,-0.33667545639849245,1,1,0
3.4967483741870935,-0.3564972736298134,1,1,0
3.5017508754377187,-0.35139965961970865,1,1,0
3.506753376688344,-0.3689175760476522,1,1,0
3.5117558779389695,-0.36752115699862536,1,1,0
3.5167583791895947,-0.37082399941303174,1,1,0
3.52176088044022,-0.3737817426413523,1,1,0
3.5267633816908455,-0.3715753814434474,1,1,0
3.5317658829414706,-0.3747806767976561,1,1,0
3.536768384192096,-0.38315142614975806,1,1,0
3.5417708854427215,-0.38398969113118003,1,1,0
3.5467733866933466,-0.4046771199891637,1,1,0
3.551775887943972,-0.40148244827862895,1,1,0
3.556778389194597,-0.4027199937713992,1,1,0
3.5617808904452226,-0.41839569131541443,1,1,0
3.566783391695848,-0.3961393377022203,1,1,0
3.571785892946473,-0.4176430631795522,1,1,0
3.5767883941970986,-0.4077836229374155,1,1,0
3.5817908954477238,-0.44204472124612776,1,1,0
3.586793396698349,-0.4224385352072062,1,1,0
3.5917958979489746,-0.4518288163974296,1,1,0
3.5967983991995998,-0.4528110800461577,1,1,0
3.601800900450225,-0.43506020821432495,1,1,0
3.60680340170085,-0.4442032744900767,1,1,0
3.6118059029514757,-0.4595488412828278,1,1,0
3.616808404202101,-0.4557112577565091,1,1,0
3.621810905452726,-0.452048151024007,1,1,0
3.6268134067033517,-0.4837304164446551,1,1,0
3.631815907953977,-0.48482789819935357,1,1,0
3.636818409204602,-0.49037066083305625,1,1,0
3.6418209104552277,-0.46560344921982666,1,1,0
3.646823411705853,-0.48769818863799325,1,1,0
3.651825912956478,-0.4972275047971127,1,1,0
3.6568284142071033,-0.5053318573224783,1,1,0
3.661830915457729,-0.4967519523317896,1,1,0
3.666833416708354,-0.5166277343938496,1,1,0
3.6718359179589792,-0.52004785802842,1,1,0
3.676838419209605,-0.526016163500037,1,1,0
3.68184092046023,-0.5102522542144676,1,1,0
3.686843421710855,-0.5382168932175085,1,1,0
3.691845922961481,-0.508836219429692,1,1,0
3.696848424212106,-0.5162053202070848,1,1,0
3.701850925462731,-0.547524569727392,1,1,0
3.7068534267133564,-0.5370999557839587,1,1,0
3.711855927963982,-0.5477474897640131,1,1,0
3.716858429214607,-0.5619400143266018,1,1,0
3.7218609304652324,-0.5463107959608419,1,1,0
3.726863431715858,-0.5620521829731612,1,1,0
3.731865932966483,-0.540260555556982,1,1,0
3.7368684342171083,-0.5496806442055916,1,1,0
3.741870935467734,-0.5840231775212418,1,1,0
3.746873436718359,-0.589975337612976,1,1,0
3.7518759379689843,-0.5556148123162068,1,1,0
3.7568784392196095,-0.5592678514566689,1,1,0
3.761880940470235,-0.5777205094890241,1,1,0
3.7668834417208603,-0.604741586790243,1,1,0
3.7718859429714855,-0.6107384388434025,1,1,0
3.776888444222111,-0.6150934437167141,1,1,0
3.7818909454727363,-0.5921624102994046,1,1,0
3.7868934467233615,-0.5804555142420242,1,1,0
3.791895947973987,-0.6117015325212238,1,1,0
3.7968984492246123,-0.5881402077319351,1,1,0
3.8019009504752375,-0.62044922123804,1,1,0
3.8069034517258626,-0.6118615191928203,1,1,0
3.8119059529764883,-0.6359228232855014,1,1,0
3.8169084542271134,-0.6474677790206333,1,1,0
3.8219109554777386,-0.6463005085047365,1,1,0
3.8269134567283642,-0.6413566598887793,1,1,0
3.8319159579789894,-0.631183201272471,1,1,0
3.8369184592296146,-0.6520327873457348,1,1,0
3.8419209604802402,-0.6206176202091169,1,1,0
3.8469234617308654,-0.638106873029207,1,1,0
3.8519259629814906,-0.6728963936018435,1,1,0
3.8569284642321158,-0.6310932344409304,1,1,0
3.8619309654827414,-0.6765640042653854,1,1,0
3.8669334667333666,-0.6546699313919221,1,1,0
3.8719359679839918,-0.6541802891486583,1,1,0
3.8769384692346174,-0.6864948401847623,1,1,0
3.8819409704852426,-0.6652117306907246,1,1,0
3.8869434717358677,-0.6554771466373196,1,1,0
3.891945972986493,-0.6684029430092874,1,1,0
3.8969484742371185,-0.6729554743704979,1,1,0
3.9019509754877437,-0.7072170001514595,1,1,0
3.906953476738369,-0.7115760465791987,1,1,0
3.9119559779889945,-0.6985265470678276,1,1,0
3.9169584792396197,-0.7059836198896812,1,1,0
3.921960980490245,-0.7215097567641491,1,1,0
3.9269634817408705,-0.7171889763180103,1,1,0
3.9319659829914957,-0.7239155386264554,1,1,0
3.936968484242121,-0.7204949055481734,1,1,0
3.941970985492746,-0.6897239162583131,1,1,0
3.9469734867433717,-0.7470758894236256,1,1,0
3.951975987993997,-0.717200676443735,1,1,0
3.956978489244622,-0.7557400713675699,1,1,0
3.9619809904952477,-0.7450736636603735,1,1,0
3.966983491745873,-0.7369050142893131,1,1,0
3.971985992996498,-0.7302329271275101,1,1,0
3.9769884942471236,-0.7552653604501748,1,1,0
3.981990995497749,-0.7347547492640234,1,1,0
3.986993496748374,-0.7643049581530676,1,1,0
3.991995997998999,-0.7748660015382154,1,1,0
3.996998499249625,-0.7336355103518785,1,1,0
4.00200100050025,-0.7543605942254971,1,1,0
4.007003501750876,-0.7678104419810188,1,1,0
4.012006003001501,-0.7925973881367926,1,1,0
4.017008504252126,-0.7847600211664162,1,1,0
4.022011005502751,-0.7662982309257622,1,1,0
4.027013506753376,-0.7909163558598978,1,1,0
4.0320160080040015,-0.8023147814146739,1,1,0
4.037018509254628,-0.7852157004068789,1,1,0
4.042021010505253,-0.7761453246436004,1,1,0
4.047023511755878,-0.802486411162729,1,1,0
4.052026013006503,-0.7707820795645107,1,1,0
4.057028514257128,-0.7627833824440579,1,1,0
4.0620310155077535,-0.7780429513536472,1,1,0
4.067033516758379,-0.791269685511561,1,1,0
4.072036018009005,-0.7902032058826698,1,1,0
4.07703851925963,-0.8143886485477704,1,1,0
4.082041020510255,-0.8131884975385234,1,1,0
4.08704352176088,-0.8110497188327509,1,1,0
4.092046023011505,-0.7949024602807627,1,1,0
4.097048524262131,-0.8027690744192318,1,1,0
4.102051025512757,-0.7939488629285963,1,1,0
4.107053526763382,-0.8517370033650251,1,1,0
4.112056028014007,-0.7959826815633135,1,1,0
4.117058529264632,-0.8506706741131582,1,1,0
4.122061030515257,-0.8003122346750496,1,1,0
4.127063531765883,-0.840891396901839,1,1,0
4.132066033016508,-0.8469504292546529,1,1,0
4.137068534267134,-0.8504919351828012,1,1,0
4.142071035517759,-0.8548173786421125,1,1,0
4.147073536768384,-0.8220851113434537,1,1,0
4.152076038019009,-0.835028797174339,1,1,0
4.1570785392696346,-0.8401546213180165,1,1,0
4.16208104052026,-0.8727348286250336,1,1,0
4.167083541770885,-0.8575480204517172,1,1,0
4.172086043021511,-0.8627490682201442,1,1,0
4.177088544272136,-0.8415231900805427,1,1,0
4.182091045522761,-0.8894283832924343,1,1,0
4.1870935467733865,-0.8419575864996063,1,1,0
4.192096048024012,-0.8538863438052994,1,1,0
4.197098549274637,-0.8978086120423794,1,1,0
4.202101050525263,-0.8771634728196491,1,1,0
4.207103551775888,-0.9013768763788836,1,1,0
4.212106053026513,-0.9078853528665172,1,1,0
4.2171085542771385,-0.8531042223345952,1,1,0
4.222111055527764,-0.9129067548950955,1,1,0
4.227113556778389,-0.8815996557649347,1,1,0
4.232116058029014,-0.9017606967420396,1,1,0
4.23711855927964,-0.9009176915547038,1,1,0
4.242121060530265,-0.86326410400563,1,1,0
4.2471235617808905,-0.9147506309645829,1,1,0
4.252126063031516,-0.8892249449842559,1,1,0
4.257128564282141,-0.8826115592794498,1,1,0
4.262131065532766,-0.881422121997636,1,1,0
4.267133566783391,-0.874954606031391,1,1,0
4.272136068034017,-0.9137612686889002,1,1,0
4.277138569284642,-0.8974215462011579,1,1,0
4.282141070535268,-0.8797666719310718,1,1,0
4.287143571785893,-0.9353623335565143,1,1,0
4.292146073036518,-0.8916092498216908,1,1,0
4.297148574287143,-0.9150678084210178,1,1,0
4.302151075537768,-0.9254671281809361,1,1,0
4.307153576788394,-0.9122634377417475,1,1,0
4.31215607803902,-0.8984994963375192,1,1,0
4.317158579289645,-0.9219884873971629,1,1,0
4.32216108054027,-0.8935030702207225,1,1,0
4.327163581790895,-0.92011666375721,1,1,0
4.33216608304152,-0.9479760583302285,1,1,0
4.337168584292146,-0.9313633655452315,1,1,0
4.3421710855427715,-0.9261460252099054,1,1,0
4.347173586793397,-0.9144543447300948,1,1,0
4.352176088044022,-0.9716552361552199,1,1,0
4.357178589294647,-0.9141652377611639,1,1,0
4.362181090545272,-0.9521876175096629,1,1,0
4.367183591795897,-0.963730476312359,1,1,0
4.3721860930465235,-0.9245112885598795,1,1,0
4.377188594297149,-0.936572344730019,1,1,0
4.382191095547774,-0.9283258038628769,1,1,0
4.387193596798399,-0.9825828835236756,1,1,0
4.392196098049024,-0.9696574141930157,1,1,0
4.397198599299649,-0.9571066398465987,1,1,0
4.402201100550275,-0.9178586838460797,1,1,0
4.407203601800901,-0.9340734995729814,1,1,0
4.412206103051526,-0.9330821558089579,1,1,0
4.417208604302151,-0.9489872563810531,1,1,0
4.422211105552776,-0.9939192097806059,1,1,0
4.427213606803401,-0.9707118329801976,1,1,0
4.4322161080540265,-0.9762880491454888,1,1,0
4.437218609304653,-0.9332965074394555,1,1,0
4.442221110555278,-0.9682002321337554,1,1,0
4.447223611805903,-0.9835888500414257,1,1,0
4.452226113056528,-0.9988937351035315,1,1,0
4.457228614307153,-0.984355914041669,1,1,0
4.4622311155577785,-0.9922181873750845,1,1,0
4.467233616808404,-0.9326526534278496,1,1,0
4.47223611805903,-1.0094973699459382,1,1,0
4.477238619309655,-0.9989541015315414,1,1,0
4.48224112056028,-0.93480749671062,1,1,0
4.487243621810905,-1.0027544013431007,1,1,0
4.4922461230615305,-0.9660193746910324,1,1,0
4.497248624312156,-0.9479215786903078,1,1,0
4.502251125562781,-0.9648302369847888,1,1,0
4.507253626813407,-0.9862365417745297,1,1,0
4.512256128064032,-0.9649371963683966,1,1,0
4.517258629314657,-0.9662219098651381,1,1,0
4.5222611305652824,-0.9485083303044761,1,1,0
4.527263631815908,-0.9772881109103673,1,1,0
4.532266133066533,-0.9562815645576219,1,1,0
4.537268634317159,-0.9462391138728469,1,1,0
4.542271135567784,-0.9555572924088889,1,1,0
4.547273636818409,-0.998651969903973,1,1,0
4.552276138069034,-0.9497009145082449,1,1,0
4.55727863931966,-1.0078352915239568,1,1,0
4.562281140570285,-0.9789262320381231,1,1,0
4.56728364182091,-1.0036013818516587,1,1,0
4.572286143071536,-0.9898463328005812,1,1,0
4.577288644322161,-0.9513357143963739,1,1,0
4.582291145572786,-0.9651828908642118,1,1,0
4.587293646823412,-0.98258968315583,1,1,0
4.592296148074037,-0.9861910219005546,1,1,0
4.597298649324662,-0.9702587453417331,1,1,0
4.602301150575287,-0.9890532523714631,1,1,0
4.607303651825913,-0.9889044476429629,1,1,0
4.612306153076538,-1.015310261454451,1,1,0
4.6173086543271635,-1.004543173496184,1,1,0
4.622311155577789,-0.9813530739093438,1,1,0
4.627313656828414,-0.9775828152049568,1,1,0
4.632316158079039,-1.0234833130537182,1,1,0
4.637318659329665,-1.01761463978206,1,1,0
4.64232116058029,-0.994232084743754,1,1,0
4.6473236618309155,-1.010962465140615,1,1,0
4.652326163081541,-0.9620542855942357,1,1,0
4.657328664332166,-1.0208536609766865,1,1,0
4.662331165582791,-0.9603830660363666,1,1,0
4.667333666833416,-0.9738558537179617,1,1,0
4.672336168084042,-1.0090794234557652,1,1,0
4.6773386693346675,-0.9753317445647013,1,1,0
4.682341170585293,-1.0029180481584978,1,1,0
4.687343671835918,-0.9679696283000858,1,1,0
4.692346173086543,-0.9689862013313386,1,1,0
4.697348674337168,-0.9702799854966246,1,1,0
4.702351175587793,-1.0135694773265496,1,1,0
4.707353676838419,-0.9901096559190206,1,1,0
4.712356178089045,-1.0285874627108764,1,1,0
4.71735867933967,-1.0136639152896192,1,1,0
4.722361180590295,-0.965912192109115,1,1,0
4.72736368184092,-1.0125209635481596,1,1,0
4.732366183091545,-0.9758305270552033,1,1,0
4.7373686843421705,-1.0196148925354644,1,1,0
4.742371185592797,-1.0376033445726875,1,1,0
4.747373686843422,-1.0237107690169325,1,1,0
4.752376188094047,-0.9714174430942696,1,1,0
4.757378689344672,-1.001020720361913,1,1,0
4.762381190595297,-1.018773431542553,1,1,0
4.7673836918459225,-0.9703337743217674,1,1,0
4.7723861930965485,-1.0201562546435363,1,1,0
4.777388694347174,-1.0199095744680364,1,1,0
4.782391195597799,-0.9813825729792582,1,1,0
4.787393696848424,-0.9718572257608469,1,1,0
4.792396198099049,-1.0246734177681758,1,1,0
4.7973986993496744,-1.0195554935349571,1,1,0
4.8024012006003,-1.0125449165153109,1,1,0
4.807403701850926,-0.9849212428128736,1,1,0
4.812406203101551,-0.9964112557411877,1,1,0
4.817408704352176,-1.0065524675608815,1,1,0
4.822411205602801,-0.9736448003287145,1,1,0
4.827413706853426,-1.0301355129327867,1,1,0
4.832416208104052,-0.9742551289378893,1,1,0
4.837418709354677,-1.003308581232287,1,1,0
4.842421210605303,-1.0306413446652671,1,1,0
4.847423711855928,-1.0058795047858944,1,1,0
4.852426213106553,-1.0110120792359405,1,1,0
4.857428714357178,-0.9726187817870725,1,1,0
4.862431215607804,-1.0001665070595045,1,1,0
4.867433716858429,-0.9539279937668954,1,1,0
4.872436218109055,-1.0127196825333686,1,1,0
4.87743871935968,-0.954962110468232,1,1,0
4.882441220610305,-1.001185534204311,1,1,0
4.88744372186093,-1.004190553383568,1,1,0
4.8924462231115555,-0.9583748375256358,1,1,0
4.897448724362181,-0.9472135101517496,1,1,0
4.902451225612806,-0.9830745908966458,1,1,0
4.907453726863432,-0.9931054461232647,1,1,0
4.912456228114057,-1.0147428279974873,1,1,0
4.917458729364682,-0.9482699083986698,1,1,0
4.9224612306153075,-0.9727408668259154,1,1,0
4.927463731865933,-0.9795783166574846,1,1,0
4.932466233116558,-0.9864065594346598,1,1,0
4.937468734367183,-0.9863240217398389,1,1,0
4.942471235617809,-1.0103247385042051,1,1,0
4.947473736868434,-1.00083533287496,1,1,0
4.9524762381190595,-0.9405745486714087,1,1,0
4.957478739369685,-1.0003170897146787,1,1,0
4.96248124062031,-0.941707348054698,1,1,0
4.967483741870935,-0.9584873010664363,1,1,0
4.972486243121561,-0.9487704448688702,1,1,0
4.977488744372186,-0.9914490234673788,1,1,0
4.982491245622811,-0.9816206137752495,1,1,0
4.987493746873437,-0.9670168906449861,1,1,0
4.992496248124062,-0.9700454676501902,1,1,0
4.997498749374687,-0.9895328932382519,1,1,0
5.002501250625312,-0.9615866977246128,1,1,0
5.007503751875938,-0.9341472634146085,1,1,0
5.012506253126563,-0.9356385886023049,1,1,0
5.017508754377189,-0.9236532340944337,1,1,0
5.022511255627814,-0.923099207344454,1,1,0
5.027513756878439,-0.9760397545420357,1,1,0
5.032516258129064,-0.943448121920411,1,1,0
5.037518759379689,-0.9732507580585382,1,1,0
5.042521260630315,-0.9377561703071711,1,1,0
5.0475237618809405,-0.9166194203481668,1,1,0
5.052526263131566,-0.9074342956798735,1,1,0
5.057528764382191,-0.9305882873105559,1,1,0
5.062531265632816,-0.9485983541806371,1,1,0
5.067533766883441,-0.9514432086556048,1,1,0
5.072536268134067,-0.9247500595016778,1,1,0
5.0775387693846925,-0.9605358062302698,1,1,0
5.082541270635318,-0.9259834928250787,1,1,0
5.087543771885943,-0.8950686939960378,1,1,0
5.092546273136568,-0.9111627508341296,1,1,0
5.097548774387193,-0.952967877467003,1,1,0
5.102551275637818,-0.8967518483699376,1,1,0
5.1075537768884445,-0.9432221088099687,1,1,0
5.11255627813907,-0.912675420238995,1,1,0
5.117558779389695,-0.8985564357924862,1,1,0
5.12256128064032,-0.9127958152729311,1,1,0
5.127563781890945,-0.9435075881357042,1,1,0
5.13256628314157,-0.9411750335632235,1,1,0
5.1375687843921956,-0.8853775382535519,1,1,0
5.142571285642822,-0.9094456497687355,1,1,0
5.147573786893447,-0.8909177569897329,1,1,0
5.152576288144072,-0.9213205571677976,1,1,0
5.157578789394697,-0.8726362533368899,1,1,0
5.162581290645322,-0.9338448360586108,1,1,0
5.1675837918959475,-0.8989431206314149,1,1,0
5.172586293146573,-0.919339780860261,1,1,0
5.177588794397199,-0.9131417361129869,1,1,0
5.182591295647824,-0.8954373415494076,1,1,0
5.187593796898449,-0.8834636890178421,1,1,0
5.192596298149074,-0.9141859095867413,1,1,0
5.1975987993996995,-0.8893685695301382,1,1,0
5.202601300650325,-0.8756178895303456,1,1,0
5.207603801900951,-0.909588861022459,1,1,0
5.212606303151576,-0.8535305066558456,1,1,0
5.217608804402201,-0.889738524556167,1,1,0
5.222611305652826,-0.8954760027582529,1,1,0
5.2276138069034515,-0.8584114220385887,1,1,0
5.232616308154077,-0.8604956682985363,1,1,0
5.237618809404702,-0.8808625852061999,1,1,0
5.242621310655328,-0.8899800840962406,1,1,0
5.247623811905953,-0.8927346248212417,1,1,0
5.252626313156578,-0.8816731109896155,1,1,0
5.257628814407203,-0.8820582415800381,1,1,0
5.262631315657829,-0.8345178251769984,1,1,0
5.267633816908454,-0.8792115882654074,1,1,0
5.272636318159079,-0.8641368263472173,1,1,0
5.277638819409705,-0.8503062385084512,1,1,0
5.28264132066033,-0.859543829824987,1,1,0
5.287643821910955,-0.8075402762187122,1,1,0
5.292646323161581,-0.8633679549468167,1,1,0
5.297648824412206,-0.8215472053133971,1,1,0
5.302651325662831,-0.8524725325508944,1,1,0
5.307653826913457,-0.8248008374205703,1,1,0
5.312656328164082,-0.8100539230567219,1,1,0
5.317658829414707,-0.8401925165611855,1,1,0
5.3226613306653325,-0.8432641328469094,1,1,0
5.327663831915958,-0.834123715334233,1,1,0
5.332666333166583,-0.8013715427580166,1,1,0
5.337668834417208,-0.8239526594023242,1,1,0
5.342671335667834,-0.8152714906315328,1,1,0
5.347673836918459,-0.8036276202618199,1,1,0
5.3526763381690845,-0.8109929528798491,1,1,0
5.35767883941971,-0.7940327814955294,1,1,0
5.362681340670335,-0.7652881573875597,1,1,0
5.36768384192096,-0.7700965862095266,1,1,0
5.372686343171585,-0.759441457389194,1,1,0
5.377688844422211,-0.8153315763360033,1,1,0
5.3826913456728365,-0.7858643552331276,1,1,0
5.387693846923462,-0.7882736025392992,1,1,0
5.392696348174087,-0.787399753171994,1,1,0
5.397698849424712,-0.7673011049978046,1,1,0
5.402701350675337,-0.7998617300161295,1,1,0
5.407703851925963,-0.7534294687601372,1,1,0
5.412706353176588,-0.7925823716978934,1,1,0
5.417708854427214,-0.7911183206320515,1,1,0
5.422711355677839,-0.7373450799613923,1,1,0
5.427713856928464,-0.7811408898102702,1,1,0
5.432716358179089,-0.731971010909221,1,1,0
5.437718859429714,-0.7498477484337973,1,1,0
5.44272136068034,-0.7660004118783855,1,1,0
5.447723861930966,-0.7132613653830154,1,1,0
5.452726363181591,-0.7472419640656524,1,1,0
5.457728864432216,-0.7420707706678328,1,1,0
5.462731365682841,-0.7114585657341171,1,1,0
5.467733866933466,-0.7491781157196695,1,1,0
5.4727363681840915,-0.7093962451372803,1,1,0
5.4777388694347176,-0.7127284542073409,1,1,0
5.482741370685343,-0.6913929336420107,1,1,0
5.487743871935968,-0.7147636853665009,1,1,0
5.492746373186593,-0.7036427853232456,1,1,0
5.497748874437218,-0.6979218794544683,1,1,0
5.5027513756878434,-0.7152374422463645,1,1,0
5.5077538769384695,-0.6739131868047333,1,1,0
5.512756378189095,-0.7200681332736865,1,1,0
5.51775887943972,-0.7035222351081928,1,1,0
5.522761380690345,-0.7116552635618747,1,1,0
5.52776388194097,-0.6884605138566912,1,1,0
5.532766383191595,-0.6606492027751171,1,1,0
5.537768884442221,-0.6514758944703426,1,1,0
5.542771385692847,-0.6570617314441488,1,1,0
5.547773886943472,-0.6912606096976248,1,1,0
5.552776388194097,-0.6811870648075015,1,1,0
5.557778889444722,-0.6779670107580563,1,1,0
5.562781390695347,-0.6390084345197055,1,1,0
5.567783891945973,-0.6329796568854549,1,1,0
5.572786393196598,-0.6526867068297445,1,1,0
5.577788894447224,-0.6317082667521906,1,1,0
5.582791395697849,-0.6557464981443157,1,1,0
5.587793896948474,-0.6422537703613648,1,1,0
5.592796398199099,-0.6403737437927874,1,1,0
5.5977988994497245,-0.627734537755873,1,1,0
5.60280140070035,-0.6047772017131462,1,1,0
5.607803901950975,-0.6126199789333555,1,1,0
5.612806403201601,-0.6238004840864755,1,1,0
5.617808904452226,-0.6200334149884431,1,1,0
5.622811405702851,-0.62934734550044,1,1,0
5.6278139069534765,-0.6150371927120066,1,1,0
5.632816408204102,-0.5971035306196403,1,1,0
5.637818909454727,-0.6014198386216759,1,1,0
5.642821410705353,-0.617579600527245,1,1,0
5.647823911955978,-0.6123194939456876,1,1,0
5.652826413206603,-0.6099412923442031,1,1,0
5.6578289144572285,-0.6071897962344701,1,1,0
5.662831415707854,-0.5968271582277448,1,1,0
5.667833916958479,-0.5669590024351453,1,1,0
5.672836418209104,-0.5711835538020138,1,1,0
5.67783891945973,-0.5564545889828656,1,1,0
5.682841420710355,-0.5638987161561639,1,1,0
5.68784392196098,-0.5454658516901358,1,1,0
5.692846423211606,-0.5587372933674093,1,1,0
5.697848924462231,-0.5380562679218122,1,1,0
5.702851425712856,-0.5422938473168624,1,1,0
5.707853926963481,-0.5472348300379082,1,1,0
5.712856428214107,-0.5435391873774531,1,1,0
5.717858929464732,-0.5192196358239144,1,1,0
5.722861430715358,-0.5133864656446407,1,1,0
5.727863931965983,-0.5225342391912776,1,1,0
5.732866433216608,-0.5387682273160008,1,1,0
5.737868934467233,-0.5060665435628409,1,1,0
5.742871435717859,-0.4974680881083325,1,1,0
5.747873936968484,-0.4909004633051238,1,1,0
5.7528764382191095,-0.5081510214975801,1,1,0
5.757878939469735,-0.5150162662357667,1,1,0
5.76288144072036,-0.5131570829835415,1,1,0
5.767883941970985,-0.5087336958752035,1,1,0
5.77288644322161,-0.4964727662614758,1,1,0
5.777888944472236,-0.47702448904534556,1,1,0
5.7828914457228615,-0.4620890305597674,1,1,0
5.787893946973487,-0.46970967419618487,1,1,0
5.792896448224112,-0.4805751785166282,1,1,0
5.797898949474737,-0.44967394597442034,1,1,0
5.802901450725362,-0.48026619451628183,1,1,0
5.807903951975987,-0.4615015771984377,1,1,0
5.8129064532266135,-0.44149493343876256,1,1,0
5.817908954477239,-0.4351824033433335,1,1,0
5.822911455727864,-0.4400238808362326,1,1,0
5.827913956978489,-0.43240253156420644,1,1,0
5.832916458229114,-0.44352019336762133,1,1,0
5.837918959479739,-0.43356223553405776,1,1,0
5.8429214607303654,-0.4410239283230021,1,1,0
5.847923961980991,-0.4219714482687886,1,1,0
5.852926463231616,-0.4145341156846664,1,1,0
5.857928964482241,-0.40694616468492695,1,1,0
5.862931465732866,-0.40180998662164863,1,1,0
5.867933966983491,-0.395553383360234,1,1,0
5.8729364682341165,-0.39844831696675237,1,1,0
5.877938969484743,-0.38954429810403585,1,1,0
5.882941470735368,-0.3990888989198447,1,1,0
5.887943971985993,-0.3948200105293635,1,1,0
5.892946473236618,-0.3926853647589031,1,1,0
5.897948974487243,-0.3846023197566356,1,1,0
5.9029514757378685,-0.3680294877026186,1,1,0
5.907953976988494,-0.36975928558614524,1,1,0
5.91295647823912,-0.35084620197901417,1,1,0
5.917958979489745,-0.3538964250700956,1,1,0
5.92296148074037,-0.3484719492531471,1,1,0
5.927963981990995,-0.33503934822947595,1,1,0
5.9329664832416205,-0.3463900429416727,1,1,0
5.937968984492246,-0.3307358658536437,1,1,0
5.942971485742872,-0.324948962110652,1,1,0
5.947973986993497,-0.316719313396212,1,1,0
5.952976488244122,-0.3190798474143303,1,1,0
5.957978989494747,-0.3214144530222265,1,1,0
5.962981490745372,-0.3248647820690905,1,1,0
5.967983991995998,-0.3081551494342506,1,1,0
5.972986493246623,-0.31608989224263034,1,1,0
5.977988994497249,-0.3072590962932564,1,1,0
5.982991495747874,-0.30413608867235853,1,1,0
5.987993996998499,-0.2972987725005992,1,1,0
5.992996498249124,-0.2841267078786967,1,1,0
5.99799899949975,-0.27311134645441376,1,1,0
6.003001500750375,-0.28229482735271716,1,1,0
6.008004002001,-0.2758909021861954,1,1,0
6.013006503251626,-0.26417706270547753,1,1,0
6.018009004502251,-0.257246279278904,1,1,0
6.023011505752876,-0.26508839775439647,1,1,0
6.0280140070035015,-0.24760687172735088,1,1,0
6.033016508254127,-0.24010415176034416,1,1,0
6.038019009504752,-0.250610460388034,1,1,0
6.043021510755377,-0.23020182367785993,1,1,0
6.048024012006003,-0.2280993718958768,1,1,0
6.053026513256628,-0.22886662282364,1,1,0
6.0580290145072535,-0.21794552860628774,1,1,0
6.063031515757879,-0.21429811435006502,1,1,0
6.068034017008504,-0.21021221944553473,1,1,0
6.073036518259129,-0.21333131492886467,1,1,0
6.078039019509755,-0.20611620716344634,1,1,0
6.08304152076038,-0.20121454851750217,1,1,0
6.0880440220110055,-0.19491107017005987,1,1,0
6.093046523261631,-0.1959991088755477,1,1,0
6.098049024512256,-0.17979420033068758,1,1,0
6.103051525762881,-0.18315361737859998,1,1,0
6.108054027013506,-0.16956042872082477,1,1,0
6.113056528264132,-0.17061212664104736,1,1,0
6.118059029514757,-0.16456747606717845,1,1,0
6.123061530765383,-0.16051541677737755,1,1,0
6.128064032016008,-0.15179288270450592,1,1,0
6.133066533266633,-0.1554585206646914,1,1,0
6.138069034517258,-0.14279924162947452,1,1,0
6.143071535767883,-0.14032815688665795,1,1,0
6.148074037018509,-0.13043667348160465,1,1,0
6.153076538269135,-0.13321780799899646,1,1,0
6.15807903951976,-0.12946284671907068,1,1,0
6.163081540770385,-0.1204463699803402,1,1,0
6.16808404202101,-0.11298997549623205,1,1,0
6.173086543271635,-0.10725130266654274,1,1,0
6.178089044522261,-0.10828844146378541,1,1,0
6.1830915457728866,-0.09938430606625578,1,1,0
6.188094047023512,-0.09571723479100311,1,1,0
6.193096548274137,-0.08790442078912296,1,1,0
6.198099049524762,-0.0840847388080225,1,1,0
6.203101550775387,-0.07910477636630354,1,1,0
6.2081040520260125,-0.0764342694603116,1,1,0
6.2131065532766385,-0.07141566550204673,1,1,0
6.218109054527264,-0.06631720793968934,1,1,0
6.223111555777889,-0.059029221729228976,1,1,0
6.228114057028514,-0.05625205276487697,1,1,0
6.233116558279139,-0.04943476214918252,1,1,0
6.238119059529764,-0.044186459014527314,1,1,0
6.24312156078039,-0.04055107066675538,1,1,0
6.248124062031016,-0.03548356127970057,1,1,0
6.253126563281641,-0.029198424680940235,1,1,0
6.258129064532266,-0.025049515571397153,1,1,0
6.263131565782891,-0.019655135776326493,1,1,0
6.268134067033516,-0.015238322881833272,1,1,0
6.273136568284142,-0.010239512005803055,1,1,0
6.278139069534768,-0.005013550345789789,1,1,0
6.283141570785393,-4.3122240310156924e-05,1,1,0
6.288144072036018,0.004987883446914411,1,1,0
6.293146573286643,0.010123346868152487,1,1,0
6.298149074537268,0.015308125748308437,1,1,0
6.3031515757878935,0.020478540542192884,1,1,0
6.308154077038519,0.02398253167684292,1,1,0
6.313156578289145,0.031097689227013114,1,1,0
6.31815907953977,0.03400037135423985,1,1,0
6.323161580790395,0.039686629600536545,1,1,0
6.32816408204102,0.04625390621805322,1,1,0
6.3331665832916455,0.05092931249118955,1,1,0
6.338169084542271,0.05681243711583198,1,1,0
6.343171585792896,0.06148263734412716,1,1,0
6.348174087043522,0.06392879653861294,1,1,0
6.353176588294147,0.07247099202564142,1,1,0
6.358179089544772,0.07263298017580483,1,1,0
6.3631815907953975,0.07970781875694999,1,1,0
6.368184092046023,0.08308928316435656,1,1,0
6.373186593296648,0.08801077210828244,1,1,0
6.378189094547274,0.0923694241852373,1,1,0
6.383191595797899,0.10149087091983339,1,1,0
6.388194097048524,0.10229756661122391,1,1,0
6.393196598299149,0.1109706160454009,1,1,0
6.398199099549775,0.11495132966687051,1,1,0
6.4032016008004,0.12269045436957778,1,1,0
6.408204102051025,0.12737060052096072,1,1,0
6.413206603301651,0.13029368623798013,1,1,0
6.418209104552276,0.1341631200679532,1,1,0
6.423211605802901,0.1342244947483187,1,1,0
6.428214107053527,0.14828712831910992,1,1,0
6.433216608304152,0.14704957048642897,1,1,0
6.438219109554777,0.15513175512463429,1,1,0
6.443221610805402,0.1653904677916077,1,1,0
6.448224112056028,0.16246824278806887,1,1,0
6.453226613306653,0.17541626185901282,1,1,0
6.4582291145572785,0.17126610920483168,1,1,0
6.463231615807904,0.18198021008121004,1,1,0
6.468234117058529,0.18567616162727152,1,1,0
6.473236618309154,0.19550336688516448,1,1,0
6.478239119559779,0.18740053437803397,1,1,0
6.483241620810405,0.20129698580680191,1,1,0
6.4882441220610305,0.20680930627800045,1,1,0
6.493246623311656,0.2051978155397102,1,1,0
6.498249124562281,0.20731537546559453,1,1,0
6.503251625812906,0.22316759659070967,1,1,0
6.508254127063531,0.2234814872811629,1,1,0
6.513256628314157,0.23473497123055057,1,1,0
6.5182591295647825,0.2249433404518862,1,1,0
6.523261630815408,0.24393650931336244,1,1,0
6.528264132066033,0.24600261147880237,1,1,0
6.533266633316658,0.2536905957881133,1,1,0
6.538269134567283,0.25769201578062145,1,1,0
6.543271635817908,0.2551694492008888,1,1,0
6.5482741370685345,0.26287079290099863,1,1,0
6.55327663831916,0.2749826136302293,1,1,0
6.558279139569785,0.2802918796748049,1,1,0
6.56328164082041,0.26580614004201325,1,1,0
6.568284142071035,0.2743853345849433,1,1,0
6.57328664332166,0.2898673254229044,1,1,0
6.5782891445722855,0.30175193202754885,1,1,0
6.583291645822912,0.3012134532758956,1,1,0
6.588294147073537,0.3055189294449204,1,1,0
6.593296648324162,0.29571441236004203,1,1,0
6.598299149574787,0.3183763668583458,1,1,0
6.603301650825412,0.3175220587164619,1,1,0
6.6083041520760375,0.3068958912472332,1,1,0
6.613306653326664,0.3226839689235813,1,1,0
6.618309154577289,0.33161077807809947,1,1,0
6.623311655827914,0.34552966845340255,1,1,0
6.628314157078539,0.3441191940780773,1,1,0
6.633316658329164,0.33701040533113663,1,1,0
6.6383191595797895,0.3375378099078962,1,1,0
6.643321660830415,0.35620909923564936,1,1,0
6.648324162081041,0.3591375205531184,1,1,0
6.653326663331666,0.37415323610189105,1,1,0
6.658329164582291,0.35997040499089633,1,1,0
6.663331665832916,0.37533850125003804,1,1,0
6.668334167083541,0.36487127781456513,1,1,0
6.673336668334167,0.3688512516132509,1,1,0
6.678339169584792,0.38668799088487354,1,1,0
6.683341670835418,0.38732150739786086,1,1,0
6.688344172086043,0.39181446690488303,1,1,0
6.693346673336668,0.3919698169798241,1,1,0
6.698349174587293,0.40789478170942295,1,1,0
6.703351675837919,0.3964808901493764,1,1,0
6.708354177088544,0.42464963284750307,1,1,0
6.71335667833917,0.40598631373737804,1,1,0
6.718359179589795,0.4172675630119625,1,1,0
6.72336168084042,0.4124622919839299,1,1,0
6.728364182091045,0.41506020788208114,1,1,0
6.7333666833416705,0.43429670154411343,1,1,0
6.738369184592296,0.4324941549708201,1,1,0
6.743371685842921,0.43745124012526204,1,1,0
6.748374187093547,0.44126017252796845,1,1,0
6.753376688344172,0.43873305960350767,1,1,0
6.758379189594797,0.4673533871478417,1,1,0
6.7633816908454225,0.47697827841569534,1,1,0
6.768384192096048,0.47220196734013453,1,1,0
6.773386693346673,0.4621487587240025,1,1,0
6.778389194597298,0.4766866760319756,1,1,0
6.783391695847924,0.47211282352416456,1,1,0
6.788394197098549,0.4713923819628135,1,1,0
6.7933966983491745,0.47502412574181435,1,1,0
6.7983991995998,0.4830234468716567,1,1,0
6.803401700850425,0.47763343094075,1,1,0
6.80840420210105,0.5171072972232472,1,1,0
6.813406703351676,0.5133994610074037,1,1,0
6.818409204602301,0.4965605855109154,1,1,0
6.8234117058529264,0.5038634423554263,1,1,0
6.828414207103552,0.5328922599388183,1,1,0
6.833416708354177,0.5086572740103915,1,1,0
6.838419209604802,0.510648213270425,1,1,0
6.843421710855427,0.5176371977918018,1,1,0
6.848424212106053,0.5222666608616658,1,1,0
6.853426713356678,0.5561813019286596,1,1,0
6.858429214607304,0.5292088021153685,1,1,0
6.863431715857929,0.5471334279228761,1,1,0
6.868434217108554,0.5410799658408114,1,1,0
6.873436718359179,0.5411401451453565,1,1,0
6.878439219609804,0.5650344917781875,1,1,0
6.88344172086043,0.5813855929346946,1,1,0
6.888444222111056,0.5477875763167244,1,1,0
6.893446723361681,0.5646167340138114,1,1,0
6.898449224612306,0.559217704782594,1,1,0
6.903451725862931,0.5852024140570704,1,1,0
6.908454227113556,0.6052828520597745,1,1,0
6.9134567283641815,0.6045793167543404,1,1,0
6.9184592296148075,0.6032336950060674,1,1,0
6.923461730865433,0.5903004462532687,1,1,0
6.928464232116058,0.5776939500117393,1,1,0
6.933466733366683,0.5925541621968621,1,1,0
6.938469234617308,0.6005704492556981,1,1,0
6.943471735867933,0.602364154170047,1,1,0
6.9484742371185595,0.6288298476585822,1,1,0
6.953476738369185,0.629096264309509,1,1,0
6.95847923961981,0.6178799149086429,1,1,0
6.963481740870435,0.6165483272748467,1,1,0
6.96848424212106,0.628367375820509,1,1,0
6.973486743371685,0.6258220968851528,1,1,0
6.978489244622311,0.6652902140806844,1,1,0
6.983491745872937,0.6199715851462451,1,1,0
6.988494247123562,0.6283452931453425,1,1,0
6.993496748374187,0.6725511809987853,1,1,0
6.998499249624812,0.6678466048894979,1,1,0
7.003501750875437,0.6832442108844191,1,1,0
7.0085042521260625,0.6816477757019316,1,1,0
7.013506753376688,0.646019907952942,1,1,0
7.018509254627314,0.6523310739159469,1,1,0
7.023511755877939,0.6987592679849448,1,1,0
7.028514257128564,0.686541801246997,1,1,0
7.033516758379189,0.6845470055721694,1,1,0
7.0385192596298145,0.6771544061601567,1,1,0
7.04352176088044,0.6838001438819648,1,1,0
7.048524262131066,0.6816862236629389,1,1,0
7.053526763381691,0.672634527678955,1,1,0
7.058529264632316,0.6818861699558905,1,1,0
7.063531765882941,0.7033931175816878,1,1,0
7.0685342671335665,0.7005747546805469,1,1,0
7.073536768384192,0.701597881258238,1,1,0
7.078539269634817,0.7118683126656016,1,1,0
7.083541770885443,0.7086767232752026,1,1,0
7.088544272136068,0.7373859623506769,1,1,0
7.093546773386693,0.7365355442207694,1,1,0
7.098549274637318,0.7354804794643276,1,1,0
7.103551775887944,0.7303715948824596,1,1,0
7.108554277138569,0.7606304318545571,1,1,0
7.113556778389194,0.7462433454197505,1,1,0
7.11855927963982,0.7641331033231006,1,1,0
7.123561780890445,0.7213140256322098,1,1,0
7.12856428214107,0.748380470288472,1,1,0
7.133566783391696,0.7755424991005572,1,1,0
7.138569284642321,0.7562349077010262,1,1,0
7.143571785892946,0.7616036626885665,1,1,0
7.148574287143572,0.7504453332888594,1,1,0
7.153576788394197,0.7689301084461132,1,1,0
7.158579289644822,0.7886979514258053,1,1,0
7.1635817908954476,0.7793808093439061,1,1,0
7.168584292146073,0.7579165355603916,1,1,0
7.173586793396698,0.7468969856236173,1,1,0
7.178589294647323,0.7525997995715522,1,1,0
7.183591795897949,0.7542047138641328,1,1,0
7.188594297148574,0.8115960035358531,1,1,0
7.1935967983991995,0.801253497436576,1,1,0
7.198599299649825,0.8097741408974871,1,1,0
7.20360180090045,0.8133827104848135,1,1,0
7.208604302151075,0.8028848507157522,1,1,0
7.2136068034017,0.8027525681851593,1,1,0
7.218609304652326,0.7804589352939117,1,1,0
7.2236118059029515,0.7903862442231245,1,1,0
7.228614307153577,0.7973953302372656,1,1,0
7.233616808404202,0.8088142328176606,1,1,0
7.238619309654827,0.844428645929754,1,1,0
7.243621810905452,0.8294105709661361,1,1,0
7.248624312156078,0.8313549319257472,1,1,0
7.2536268134067035,0.8250929965906664,1,1,0
7.258629314657329,0.7984789097039282,1,1,0
7.263631815907954,0.8060739572804329,1,1,0
7.268634317158579,0.8233046515059925,1,1,0
7.273636818409204,0.8204496282534467,1,1,0
7.278639319659829,0.8511345816428421,1,1,0
7.283641820910455,0.8589620088747596,1,1,0
7.288644322161081,0.8581846326278648,1,1,0
7.293646823411706,0.8347891514133003,1,1,0
7.298649324662331,0.8687843634417354,1,1,0
7.303651825912956,0.8512674840334525,1,1,0
7.308654327163581,0.8732646593818587,1,1,0
7.3136568284142065,0.8371079886857149,1,1,0
7.318659329664833,0.8484764967053072,1,1,0
7.323661830915458,0.8720624569038568,1,1,0
7.328664332166083,0.8432140340233849,1,1,0
7.333666833416708,0.8461717091664276,1,1,0
7.338669334667333,0.8816131122135181,1,1,0
7.3436718359179585,0.8967300572086814,1,1,0
7.348674337168584,0.8730801990580463,1,1,0
7.35367683841921,0.9112384351775952,1,1,0
7.358679339669835,0.8980613910644843,1,1,0
7.36368184092046,0.9090106605463828,1,1,0
7.368684342171085,0.8945276883182314,1,1,0
7.37368684342171,0.8564997188211518,1,1,0
7.378689344672336,0.8995970415507595,1,1,0
7.383691845922962,0.8712941108819763,1,1,0
7.388694347173587,0.895975617551835,1,1,0
7.393696848424212,0.9103152155221746,1,1,0
7.398699349674837,0.8887389632962073,1,1,0
7.403701850925462,0.9156642057485855,1,1,0
7.408704352176088,0.8921503002218224,1,1,0
7.413706853426713,0.8978001953069854,1,1,0
7.418709354677339,0.8807420039291625,1,1,0
7.423711855927964,0.9200611891338328,1,1,0
7.428714357178589,0.9179984949419621,1,1,0
7.433716858429214,0.9169246915113111,1,1,0
7.4387193596798395,0.9017075899463121,1,1,0
7.443721860930465,0.891785000478084,1,1,0
7.44872436218109,0.9062917889782388,1,1,0
7.453726863431716,0.8863515370651381,1,1,0
7.458729364682341,0.8948723533734944,1,1,0
7.463731865932966,0.9436610171225154,1,1,0
7.4687343671835915,0.9277561318122095,1,1,0
7.473736868434217,0.9388223569217089,1,1,0
7.478739369684842,0.9413172038731428,1,1,0
7.483741870935468,0.936803373891014,1,1,0
7.488744372186093,0.9487421078841534,1,1,0
7.493746873436718,0.8993741763366491,1,1,0
7.4987493746873435,0.9305307049755617,1,1,0
7.503751875937969,0.909705316304455,1,1,0
7.508754377188594,0.9406594479722087,1,1,0
7.513756878439219,0.9458328768006854,1,1,0
7.518759379689845,0.9607294634015773,1,1,0
7.52376188094047,0.9734230937957795,1,1,0
7.5287643821910955,0.9536423182099878,1,1,0
7.533766883441721,0.9701331083696203,1,1,0
7.538769384692346,0.9151855012141918,1,1,0
7.543771885942971,0.9747997484425439,1,1,0
7.548774387193596,0.970660989777732,1,1,0
7.553776888444222,0.9313087099390038,1,1,0
7.558779389694847,0.963764034251807,1,1,0
7.563781890945473,0.9743438148022483,1,1,0
7.568784392196098,0.9897641007456793,1,1,0
7.573786893446723,0.9685327277801163,1,1,0
7.578789394697348,0.9841586610387034,1,1,0
7.583791895947974,0.9465358736188675,1,1,0
7.588794397198599,0.9935776762165621,1,1,0
7.593796898449225,1.00217080275836,1,1,0
7.59879939969985,0.9937494236441299,1,1,0
7.603801900950475,1.006658319733447,1,1,0
7.6088044022011,1.008274773339861,1,1,0
7.613806903451725,0.9978468680104071,1,1,0
7.618809404702351,0.9789582478284785,1,1,0
7.6238119059529765,1.0024494926190515,1,1,0
7.628814407203602,0.9616191601838814,1,1,0
7.633816908454227,0.9917518539824215,1,1,0
7.638819409704852,0.9390061019651007,1,1,0
7.643821910955477,1.0071158003134988,1,1,0
7.648824412206102,0.9861619094232577,1,1,0
7.6538269134567285,1.0109663022004396,1,1,0
7.658829414707354,0.9421634486962549,1,1,0
7.663831915957979,0.9692012672459787,1,1,0
7.668834417208604,0.9596874323467112,1,1,0
7.673836918459229,0.9807051310613284,1,1,0
7.678839419709854,0.992946770949334,1,1,0
7.6838419209604805,0.9463526030407636,1,1,0
7.688844422211106,0.9506415446945455,1,1,0
7.693846923461731,0.9864891701967156,1,1,0
7.698849424712356,0.9493761910235733,1,1,0
7.703851925962981,0.9508042945357009,1,1,0
7.708854427213606,0.9673159996493855,1,1,0
7.7138569284642315,0.9743840844350798,1,1,0
7.718859429714858,0.9909294393924699,1,1,0
7.723861930965483,0.9700190021216284,1,1,0
7.728864432216108,0.9611190632206134,1,1,0
7.733866933466733,1.028259258294085,1,1,0
7.738869434717358,0.9821838071600716,1,1,0
7.7438719359679835,1.0234376163050989,1,1,0
7.748874437218609,0.9703397666226695,1,1,0
7.753876938469235,0.9713990825827755,1,1,0
7.75887943971986,0.9946160596256631,1,1,0
7.763881940970485,0.9750803874809406,1,1,0
7.76888444222111,0.9603270131266544,1,1,0
7.7738869434717355,1.021738357141509,1,1,0
7.778889444722361,1.0181326666912223,1,1,0
7.783891945972986,1.026834321951153,1,1,0
7.788894447223612,0.9708900023638357,1,1,0
7.793896948474237,0.9879460459895661,1,1,0
7.798899449724862,1.0034935598928436,1,1,0
7.8039019509754874,1.0192051727001912,1,1,0
7.808904452226113,0.9958098426398382,1,1,0
7.813906953476738,0.9779362192922151,1,1,0
7.818909454727364,0.9606874213720319,1,1,0
7.823911955977989,0.9930509624345759,1,1,0
7.828914457228614,1.0363005658175675,1,1,0
7.833916958479239,1.0358831902313788,1,1,0
7.838919459729865,1.0326635334618868,1,1,0
7.84392196098049,0.9607276950991847,1,1,0
7.848924462231115,1.008186114569038,1,1,0
7.853926963481741,1.0397806957323914,1,1,0
7.858929464732366,0.9633603973866588,1,1,0
7.863931965982991,1.0092588296221003,1,1,0
7.868934467233617,1.0246746283240171,1,1,0
7.873936968484242,0.9753968095690405,1,1,0
7.878939469734867,1.030194427492351,1,1,0
7.883941970985492,0.9624602959042068,1,1,0
7.888944472236118,0.9805450588269522,1,1,0
7.893946973486743,1.035212614851467,1,1,0
7.8989494747373685,1.0198353742615158,1,1,0
7.903951975987994,0.9909097336080624,1,1,0
7.908954477238619,1.0332319029103083,1,1,0
7.913956978489244,0.9785801822865909,1,1,0
7.91895947973987,0.96043452649982,1,1,0
7.923961980990495,1.031913636308871,1,1,0
7.9289644822411205,1.0208194089896907,1,1,0
7.933966983491746,0.9936868574431791,1,1,0
7.938969484742371,1.017365357957363,1,1,0
7.943971985992996,0.9828922675220937,1,1,0
7.948974487243621,0.9785062689708731,1,1,0
7.953976988494247,0.9616794367688363,1,1,0
7.9589794897448725,1.0129694120582182,1,1,0
7.963981990995498,0.970766894015718,1,1,0
7.968984492246123,0.972648496932842,1,1,0
7.973986993496748,1.0055946191922804,1,1,0
7.978989494747373,0.952917578250622,1,1,0
7.983991995997998,0.9878622980807781,1,1,0
7.988994497248624,0.9987827820906781,1,1,0
7.99399699849925,1.0134328354681656,1,1,0
7.998999499749875,1.0230279536384284,1,1,0
8.0040020010005,0.981016485312113,1,1,0
8.009004502251125,0.989919975685848,1,1,0
8.014007003501751,0.983588754896613,1,1,0
8.019009504752376,1.0242159614762325,1,1,0
8.024012006003002,0.9956640895879624,1,1,0
8.029014507253626,0.9551924937318068,1,1,0
8.034017008504252,0.9460255516968444,1,1,0
8.039019509754878,0.9728996044085808,1,1,0
8.044022011005502,0.9769784270596874,1,1,0
8.049024512256128,0.9906041839235895,1,1,0
8.054027013506753,0.9998070983106238,1,1,0
8.059029514757379,1.0101442447059032,1,1,0
8.064032016008003,1.0067819715972883,1,1,0
8.069034517258629,1.0101742599067374,1,1,0
8.074037018509255,0.9948571536526566,1,1,0
8.07903951975988,0.9388630574075288,1,1,0
8.084042021010506,0.9543963795721034,1,1,0
8.08904452226113,0.9438196360874769,1,1,0
8.094047023511756,0.9456014608315546,1,1,0
8.09904952476238,0.9817851798832947,1,1,0
8.104052026013006,0.9858648051586093,1,1,0
8.109054527263632,0.9970933024530714,1,1,0
8.114057028514257,0.9339669404946354,1,1,0
8.119059529764883,0.9616346783187233,1,1,0
8.124062031015507,0.9788159409789459,1,1,0
8.129064532266133,0.9526774454109057,1,1,0
8.134067033516757,0.9769335764869035,1,1,0
8.139069534767383,0.9802504797955307,1,1,0
8.14407203601801,0.9358326956421534,1,1,0
8.149074537268634,0.9209848478786304,1,1,0
8.15407703851926,0.9337883036874025,1,1,0
8.159079539769884,0.9636605171361928,1,1,0
8.16408204102051,0.9330411601991961,1,1,0
8.169084542271134,0.9727274052207877,1,1,0
8.17408704352176,0.9188502287132253,1,1,0
8.179089544772387,0.9105125038421551,1,1,0
8.18409204602301,0.9564710355612351,1,1,0
8.189094547273637,0.952887214806642,1,1,0
8.194097048524261,0.9069998618913625,1,1,0
8.199099549774887,0.9774469217615873,1,1,0
8.204102051025513,0.9531767096135608,1,1,0
8.209104552276138,0.910204264173843,1,1,0
8.214107053526764,0.9567211144716214,1,1,0
8.219109554777388,0.9660232714657163,1,1,0
8.224112056028014,0.9281052257064443,1,1,0
8.229114557278638,0.9578524788133481,1,1,0
8.234117058529264,0.9530338031469697,1,1,0
8.23911955977989,0.8985748042802452,1,1,0
8.244122061030515,0.9085273310208357,1,1,0
8.24912456228114,0.910151176442315,1,1,0
8.254127063531765,0.8862149863310136,1,1,0
8.259129564782391,0.8994351958162531,1,1,0
8.264132066033016,0.9474568069465622,1,1,0
8.269134567283642,0.9217502400932629,1,1,0
8.274137068534268,0.940941073608953,1,1,0
8.279139569784892,0.9259348356821161,1,1,0
8.284142071035518,0.9311787205516823,1,1,0
8.289144572286142,0.9069629070401678,1,1,0
8.294147073536768,0.8718221589123771,1,1,0
8.299149574787393,0.884038886949639,1,1,0
8.304152076038019,0.8669342646302274,1,1,0
8.309154577288645,0.9256612051462119,1,1,0
8.314157078539269,0.8925057508930556,1,1,0
8.319159579789895,0.8973666819939826,1,1,0
8.32416208104052,0.9034295505355328,1,1,0
8.329164582291146,0.8582557024236981,1,1,0
8.33416708354177,0.9084517994984598,1,1,0
8.339169584792396,0.9189450836684745,1,1,0
8.344172086043022,0.851465382818822,1,1,0
8.349174587293646,0.8579726291163233,1,1,0
8.354177088544272,0.9017879042924337,1,1,0
8.359179589794897,0.8950077390355685,1,1,0
8.364182091045523,0.8593084305327315,1,1,0
8.369184592296147,0.8803562318836989,1,1,0
8.374187093546773,0.877937409932165,1,1,0
8.379189594797399,0.8683104310361862,1,1,0
8.384192096048023,0.8715748693825105,1,1,0
8.38919459729865,0.8277132678468678,1,1,0
8.394197098549274,0.8852376760274938,1,1,0
8.3991995997999,0.8564378291252953,1,1,0
8.404202101050526,0.8322201671060219,1,1,0
8.40920460230115,0.8502927972332592,1,1,0
8.414207103551776,0.8665614434202383,1,1,0
8.4192096048024,0.8425788087218655,1,1,0
8.424212106053027,0.8723601652846678,1,1,0
8.429214607303651,0.8269986622063616,1,1,0
8.434217108554277,0.8456898186242239,1,1,0
8.439219609804903,0.8526403060048904,1,1,0
8.444222111055527,0.8441479582178598,1,1,0
8.449224612306153,0.8568082567258865,1,1,0
8.454227113556778,0.79277315064342,1,1,0
8.459229614807404,0.8441179180059903,1,1,0
8.464232116058028,0.8398239044884958,1,1,0
8.469234617308654,0.8414906253011943,1,1,0
8.47423711855928,0.8426411725209941,1,1,0
8.479239619809904,0.7925565710334327,1,1,0
8.48424212106053,0.8162525057704657,1,1,0
8.489244622311155,0.8263486914504152,1,1,0
8.494247123561781,0.8333750948833136,1,1,0
8.499249624812405,0.8153287145753801,1,1,0
8.504252126063031,0.785580588657574,1,1,0
8.509254627313657,0.7944318920909361,1,1,0
8.514257128564282,0.7616510740751264,1,1,0
8.519259629814908,0.7946229141697447,1,1,0
8.524262131065532,0.7523275023935335,1,1,0
8.529264632316158,0.788185118189137,1,1,0
8.534267133566782,0.7530319838798786,1,1,0
8.539269634817408,0.7559303688853665,1,1,0
8.544272136068034,0.7672609419231647,1,1,0
8.549274637318659,0.791412511643462,1,1,0
8.554277138569285,0.7356773960991594,1,1,0
8.55927963981991,0.7414050576757467,1,1,0
8.564282141070535,0.7484531286403968,1,1,0
8.56928464232116,0.7497770819458603,1,1,0
8.574287143571786,0.741785199963837,1,1,0
8.579289644822412,0.7317496894882846,1,1,0
8.584292146073036,0.7173072394064216,1,1,0
8.589294647323662,0.7583798959573825,1,1,0
8.594297148574286,0.7319507316862489,1,1,0
8.599299649824912,0.7578583114353945,1,1,0
8.604302151075537,0.7418680585038102,1,1,0
8.609304652326163,0.7463974455570684,1,1,0
8.614307153576789,0.7040765366364056,1,1,0
8.619309654827413,0.7088141690741344,1,1,0
8.62431215607804,0.7071072104525421,1,1,0
8.629314657328663,0.7065516910939318,1,1,0
8.63431715857929,0.7343470945441778,1,1,0
8.639319659829916,0.7023726994262701,1,1,0
8.64432216108054,0.7310594636185809,1,1,0
8.649324662331166,0.6808118053641462,1,1,0
8.65432716358179,0.7237113365988995,1,1,0
8.659329664832416,0.6733907226298458,1,1,0
8.66433216608304,0.7136162526071086,1,1,0
8.669334667333667,0.67013272429067,1,1,0
8.674337168584293,0.6550367254070657,1,1,0
8.679339669834917,0.6647308394019951,1,1,0
8.684342171085543,0.6927724793165873,1,1,0
8.689344672336167,0.6684559428405297,1,1,0
8.694347173586793,0.6713355328288777,1,1,0
8.699349674837418,0.6743679424434053,1,1,0
8.704352176088044,0.661469503713447,1,1,0
8.70935467733867,0.6622610191481957,1,1,0
8.714357178589294,0.65784068868358,1,1,0
8.71935967983992,0.6500592067811305,1,1,0
8.724362181090545,0.6268025886698326,1,1,0
8.72936468234117,0.6210965891861887,1,1,0
8.734367183591795,0.6365010733465325,1,1,0
8.739369684842421,0.6174918359389993,1,1,0
8.744372186093047,0.6425053815570672,1,1,0
8.749374687343671,0.6130159622616483,1,1,0
8.754377188594297,0.6053781670630611,1,1,0
8.759379689844922,0.6375831582540302,1,1,0
8.764382191095548,0.6363900355601733,1,1,0
8.769384692346172,0.6109507793470321,1,1,0
8.774387193596798,0.6144059336178094,1,1,0
8.779389694847424,0.5994385306406753,1,1,0
8.784392196098048,0.6188079070221649,1,1,0
8.789394697348675,0.5809116703816896,1,1,0
8.794397198599299,0.6072434704096289,1,1,0
8.799399699849925,0.5900660215705396,1,1,0
8.80440220110055,0.5585320373735585,1,1,0
8.809404702351175,0.5697348641658841,1,1,0
8.814407203601801,0.5760605965232078,1,1,0
8.819409704852426,0.5493589809996013,1,1,0
8.824412206103052,0.5471889285084679,1,1,0
8.829414707353676,0.5483977509554072,1,1,0
8.834417208604302,0.5641572973701281,1,1,0
8.839419709854928,0.5415384577984684,1,1,0
8.844422211105552,0.5440054360474215,1,1,0
8.849424712356178,0.5332953897402679,1,1,0
8.854427213606803,0.529296969034033,1,1,0
8.859429714857429,0.5171237093674766,1,1,0
8.864432216108053,0.5102524158759282,1,1,0
8.86943471735868,0.5435702897977106,1,1,0
8.874437218609305,0.5330917895864997,1,1,0
8.87943971985993,0.5155929699520131,1,1,0
8.884442221110556,0.5248416220620296,1,1,0
8.88944472236118,0.49737582888718546,1,1,0
8.894447223611806,0.5058282368023008,1,1,0
8.89944972486243,0.4889122110683285,1,1,0
8.904452226113056,0.49228941848422764,1,1,0
8.909454727363682,0.5063697554780592,1,1,0
8.914457228614307,0.48118660231289456,1,1,0
8.919459729864933,0.47803916179851397,1,1,0
8.924462231115557,0.4901043801699254,1,1,0
8.929464732366183,0.4631751766582684,1,1,0
8.934467233616807,0.4763537325907288,1,1,0
8.939469734867433,0.4642028589064001,1,1,0
8.94447223611806,0.464645307531955,1,1,0
8.949474737368684,0.439969419499134,1,1,0
8.95447723861931,0.44474181226176074,1,1,0
8.959479739869934,0.44771351720423336,1,1,0
8.96448224112056,0.42671523563349306,1,1,0
8.969484742371185,0.43813311801283417,1,1,0
8.97448724362181,0.4203276348330239,1,1,0
8.979489744872437,0.43459004408216034,1,1,0
8.984492246123061,0.4092340413493272,1,1,0
8.989494747373687,0.4239747017659646,1,1,0
8.994497248624311,0.4098480713184236,1,1,0
8.999499749874937,0.4048478348581339,1,1,0
9.004502251125562,0.41630360141631617,1,1,0
9.009504752376188,0.41011873559211076,1,1,0
9.014507253626814,0.40273590402184783,1,1,0
9.019509754877438,0.3830292775480868,1,1,0
9.024512256128064,0.3840946146046238,1,1,0
9.029514757378688,0.3829055965495408,1,1,0
9.034517258629315,0.37451588686283094,1,1,0
9.039519759879939,0.3852769449664678,1,1,0
9.044522261130565,0.3746214812914101,1,1,0
9.049524762381191,0.3587204282167884,1,1,0
9.054527263631815,0.3660143235746814,1,1,0
9.059529764882441,0.3578620841156474,1,1,0
9.064532266133066,0.34061396674691724,1,1,0
9.069534767383692,0.35605671847953985,1,1,0
9.074537268634318,0.3451959819164746,1,1,0
9.079539769884942,0.32745117598119156,1,1,0
9.084542271135568,0.34384263456890707,1,1,0
9.089544772386192,0.34054867476347467,1,1,0
9.094547273636818,0.3125295562181313,1,1,0
9.099549774887443,0.3215839279877907,1,1,0
9.104552276138069,0.308155420121787,1,1,0
9.109554777388695,0.3036375228941999,1,1,0
9.11455727863932,0.3089895940361818,1,1,0
9.119559779889945,0.30914601109496637,1,1,0
9.12456228114057,0.30308994629807134,1,1,0
9.129564782391196,0.28041169432070534,1,1,0
9.13456728364182,0.2756585423998771,1,1,0
9.139569784892446,0.2788370366313457,1,1,0
9.144572286143072,0.2802082678792192,1,1,0
9.149574787393696,0.26389562273622996,1,1,0
9.154577288644322,0.2727057659531709,1,1,0
9.159579789894947,0.2702387727288539,1,1,0
9.164582291145573,0.2552481664596288,1,1,0
9.169584792396197,0.25644847846027474,1,1,0
9.174587293646823,0.2568491216162387,1,1,0
9.17958979489745,0.2474721375461482,1,1,0
9.184592296148073,0.23542913898488643,1,1,0
9.1895947973987,0.24213628034628906,1,1,0
9.194597298649324,0.23112164174761354,1,1,0
9.19959979989995,0.22853080803298156,1,1,0
9.204602301150574,0.21258512564396012,1,1,0
9.2096048024012,0.20919081061550254,1,1,0
9.214607303651826,0.20513353914934906,1,1,0
9.21960980490245,0.20231072356123436,1,1,0
9.224612306153077,0.2037491734781496,1,1,0
9.229614807403701,0.19040140711206227,1,1,0
9.234617308654327,0.19410157761813154,1,1,0
9.239619809904951,0.187497541472555,1,1,0
9.244622311155577,0.17448414353542563,1,1,0
9.249624812406203,0.18024833040867916,1,1,0
9.254627313656828,0.16638979167824466,1,1,0
9.259629814907454,0.16273959684962272,1,1,0
9.264632316158078,0.16358256248921485,1,1,0
9.269634817408704,0.15864119393302883,1,1,0
9.27463731865933,0.1447391725907497,1,1,0
9.279639819909955,0.14362456570302773,1,1,0
9.28464232116058,0.14310548437526435,1,1,0
9.289644822411205,0.13275303028567595,1,1,0
9.294647323661831,0.12466245591624567,1,1,0
9.299649824912455,0.12298369439843373,1,1,0
9.304652326163081,0.11838679951232031,1,1,0
9.309654827413707,0.11327162767240218,1,1,0
9.314657328664332,0.1082961155005736,1,1,0
9.319659829914958,0.10506448549213346,1,1,0
9.324662331165582,0.10224146221678283,1,1,0
9.329664832416208,0.09430756311326687,1,1,0
9.334667333666832,0.09177954061669902,1,1,0
9.339669834917459,0.08728613980324501,1,1,0
9.344672336168085,0.0818208068038571,1,1,0
9.349674837418709,0.07402609748039354,1,1,0
9.354677338669335,0.06844348602129184,1,1,0
9.35967983991996,0.06605021221841925,1,1,0
9.364682341170585,0.060677856198047816,1,1,0
9.36968484242121,0.054702634406223534,1,1,0
9.374687343671836,0.04826450672461757,1,1,0
9.379689844922462,0.04655272851732852,1,1,0
9.384692346173086,0.040214925483374686,1,1,0
9.389694847423712,0.03581417952087552,1,1,0
9.394697348674336,0.028939821024778916,1,1,0
9.399699849924962,0.025265137914660653,1,1,0
9.404702351175587,0.020704751551816638,1,1,0
9.409704852426213,0.015038967782062799,1,1,0
9.414707353676839,0.010063671475810268,1,1,0
9.419709854927463,0.004868623345644361,1,1,0
9.42471235617809,6.706984173382139e-05,1,1,0
9.429714857428714,-0.004757285893392434,1,1,0
9.43471735867934,-0.01021158372902959,1,1,0
9.439719859929964,-0.014686165882266553,1,1,0
9.44472236118059,-0.020042737414708682,1,1,0
9.449724862431216,-0.025204890217243682,1,1,0
9.45472736368184,-0.028996631339859733,1,1,0
9.459729864932466,-0.035190991838508136,1,1,0
9.46473236618309,-0.04042710833469731,1,1,0
9.469734867433717,-0.04630405652506454,1,1,0
9.474737368684341,-0.04868114745128578,1,1,0
9.479739869934967,-0.0555468441772107,1,1,0
9.484742371185593,-0.05863848943260431,1,1,0
9.489744872436217,-0.06311460500662655,1,1,0
9.494747373686844,-0.07067462159421857,1,1,0
9.499749874937468,-0.07467007835052805,1,1,0
9.504752376188094,-0.08218866576591213,1,1,0
9.50975487743872,-0.08745843587241814,1,1,0
9.514757378689344,-0.08925138360250985,1,1,0
9.51975987993997,-0.09264320492995777,1,1,0
9.524762381190595,-0.09825368113042655,1,1,0
9.52976488244122,-0.10159607155810882,1,1,0
9.534767383691845,-0.1094810969640166,1,1,0
9.539769884942471,-0.11703070171977713,1,1,0
9.544772386193097,-0.11595637039106126,1,1,0
9.549774887443721,-0.12681377057633614,1,1,0
9.554777388694347,-0.13393770679276004,1,1,0
9.559779889944972,-0.13851093811218138,1,1,0
9.564782391195598,-0.13456748857930917,1,1,0
9.569784892446222,-0.1460957904595868,1,1,0
9.574787393696848,-0.15122562944199155,1,1,0
9.579789894947474,-0.15465720633429839,1,1,0
9.584792396198099,-0.15605554581124292,1,1,0
9.589794897448725,-0.1617759359912681,1,1,0
9.594797398699349,-0.17239961349120425,1,1,0
9.599799899949975,-0.17948915563136317,1,1,0
9.6048024012006,-0.17254291304142894,1,1,0
9.609804902451225,-0.186517272071792,1,1,0
9.614807403701851,-0.19233999745875913,1,1,0
9.619809904952476,-0.19325425175243788,1,1,0
9.624812406203102,-0.204881094045916,1,1,0
9.629814907453726,-0.1967189693514478,1,1,0
9.634817408704352,-0.20298447035796457,1,1,0
9.639819909954976,-0.2181740516436907,1,1,0
9.644822411205602,-0.22226387825410576,1,1,0
9.649824912456229,-0.21482371267108516,1,1,0
9.654827413706853,-0.2321188638730203,1,1,0
9.659829914957479,-0.23674371319614373,1,1,0
9.664832416208103,-0.24021618703973804,1,1,0
9.66983491745873,-0.24556603386988354,1,1,0
9.674837418709354,-0.25671310747003334,1,1,0
9.67983991995998,-0.2504229685949606,1,1,0
9.684842421210606,-0.2608338609171384,1,1,0
9.68984492246123,-0.2581783252144548,1,1,0
9.694847423711856,-0.2687077353940677,1,1,0
9.69984992496248,-0.2661246072258534,1,1,0
9.704852426213106,-0.2862662631410093,1,1,0
9.709854927463732,-0.2883785800072766,1,1,0
9.714857428714357,-0.2880998703610767,1,1,0
9.719859929964983,-0.28029914139745565,1,1,0
9.724862431215607,-0.30031538602760544,1,1,0
9.729864932466233,-0.2971046597203757,1,1,0
9.734867433716857,-0.3007762707855308,1,1,0
9.739869934967484,-0.31904659925028345,1,1,0
9.74487243621811,-0.30555759389697773,1,1,0
9.749874937468734,-0.32749452855812355,1,1,0
9.75487743871936,-0.31444671308652733,1,1,0
9.759879939969984,-0.3359603148481583,1,1,0
9.76488244122061,-0.330173918442312,1,1,0
9.769884942471235,-0.3448798156300982,1,1,0
9.77488744372186,-0.354556014765892,1,1,0
9.779889944972487,-0.3553775276705506,1,1,0
9.784892446223111,-0.35061216634818215,1,1,0
9.789894947473737,-0.35642832904448524,1,1,0
9.794897448724361,-0.3634983821607028,1,1,0
9.799899949974987,-0.3676645439405382,1,1,0
9.804902451225612,-0.37608367228865475,1,1,0
9.809904952476238,-0.3858977110604422,1,1,0
9.814907453726864,-0.39208169136790355,1,1,0
9.819909954977488,-0.3800520762541568,1,1,0
9.824912456228114,-0.38027659510422074,1,1,0
9.829914957478739,-0.38110345709144317,1,1,0
9.834917458729365,-0.3936360638240059,1,1,0
9.839919959979989,-0.39356388523179103,1,1,0
9.844922461230615,-0.3953501728110952,1,1,0
9.849924962481241,-0.4129574605411581,1,1,0
9.854927463731865,-0.4196238315207821,1,1,0
9.859929964982491,-0.40543900398133353,1,1,0
9.864932466233116,-0.4297020268435799,1,1,0
9.869934967483742,-0.44636336071926197,1,1,0
9.874937468734366,-0.43262262265643275,1,1,0
9.879939969984992,-0.42720823009840675,1,1,0
9.884942471235618,-0.442416211083981,1,1,0
9.889944972486242,-0.46529703862911215,1,1,0
9.894947473736869,-0.44209444641549395,1,1,0
9.899949974987493,-0.4653621052430263,1,1,0
9.904952476238119,-0.448196265352612,1,1,0
9.909954977488743,-0.47924952570828516,1,1,0
9.91495747873937,-0.47773965923381945,1,1,0
9.919959979989995,-0.46631248847402185,1,1,0
9.92496248124062,-0.469566941590828,1,1,0
9.929964982491246,-0.46632547503115157,1,1,0
9.93496748374187,-0.4835076900799524,1,1,0
9.939969984992496,-0.47984169905298035,1,1,0
9.944972486243122,-0.5114277980897534,1,1,0
9.949974987493746,-0.4957689821032985,1,1,0
9.954977488744372,-0.5181959431761884,1,1,0
9.959979989994997,-0.5014279494152992,1,1,0
9.964982491245623,-0.5033351088293797,1,1,0
9.969984992496247,-0.49814506615341114,1,1,0
9.974987493746873,-0.5272229042281914,1,1,0
9.9799899949975,-0.5072503645702847,1,1,0
9.984992496248124,-0.5239309450635835,1,1,0
9.98999499749875,-0.5492690923394232,1,1,0
9.994997498749374,-0.5293696487030514,1,1,0
10.0,-0.5373573993577894,1,1,0
