x,Richter Value,scale,offset
0.0,0.0,1,0
0.0050025012506253125,0.004876675510595119,1,0
0.010005002501250625,0.009682992890981857,1,0
0.015007503751875938,0.015309725405376394,1,0
0.02001000500250125,0.019643104225879594,1,0
0.02501250625312656,0.025284945385743822,1,0
0.030015007503751877,0.03052223382400939,1,0
0.03501750875437719,0.0345422425272394,1,0
0.0400200100050025,0.04045583042166684,1,0
0.04502251125562781,0.04398864872550851,1,0
0.05002501250625312,0.050219960198437136,1,0
0.055027513756878435,0.05542242834128761,1,0
0.060030015007503754,0.059051784081281304,1,0
0.06503251625812906,0.06256602728343687,1,0
0.07003501750875438,0.068695797065992,1,0
0.07503751875937968,0.07176809303057703,1,0
0.080040020010005,0.07565758051540364,1,0
0.08504252126063032,0.08152361082801142,1,0
0.09004502251125562,0.08405290012503924,1,0
0.09504752376188094,0.0925565420357357,1,0
0.10005002501250625,0.09330787826567435,1,0
0.10505252626313157,0.10053477417564895,1,0
0.11005502751375687,0.10369952695116812,1,0
0.11505752876438219,0.10753925870767565,1,0
0.12006003001500751,0.11592544587620543,1,0
0.12506253126563283,0.11998704769057796,1,0
0.13006503251625812,0.12045816646066915,1,0
0.13506753376688344,0.12687772050962962,1,0
0.14007003501750875,0.12787176672019845,1,0
0.14507253626813407,0.13309427705945123,1,0
0.15007503751875936,0.1389639121878708,1,0
0.15507753876938468,0.1431512824598491,1,0
0.16008004002001,0.14533842149920306,1,0
0.16508254127063532,0.14962391265972394,1,0
0.17008504252126064,0.15713016108426026,1,0
0.17508754377188593,0.1651794469177522,1,0
0.18009004502251125,0.16857071933362658,1,0
0.18509254627313657,0.169071218785849,1,0
0.19009504752376188,0.17927188756839726,1,0
0.19509754877438718,0.18225560872818386,1,0
0.2001000500250125,0.1826645243531983,1,0
0.2051025512756378,0.19019542645321258,1,0
0.21010505252626313,0.18908372705279106,1,0
0.21510755377688845,0.20086912021669057,1,0
0.22011005502751374,0.2043089405779973,1,0
0.22511255627813906,0.19513940536325688,1,0
0.23011505752876438,0.20030527885068455,1,0
0.2351175587793897,0.21707195244644104,1,0
0.24012006003001501,0.2227008715167097,1,0
0.2451225612806403,0.22515053651175704,1,0
0.25012506253126565,0.218375128695997,1,0
0.25512756378189094,0.23388112787712284,1,0
0.26013006503251623,0.22961442073974084,1,0
0.2651325662831416,0.24265588340085564,1,0
0.27013506753376687,0.23079598953033334,1,0
0.27513756878439216,0.24680046131105735,1,0
0.2801400700350175,0.2524894034396602,1,0
0.2851425712856428,0.2439559294364388,1,0
0.29014507253626814,0.2610503507568408,1,0
0.29514757378689344,0.25490092640573864,1,0
0.3001500750375187,0.26271977367391447,1,0
0.3051525762881441,0.2766547334773746,1,0
0.31015507753876936,0.27534275587305856,1,0
0.3151575787893947,0.268806556429474,1,0
0.32016008004002,0.2712328703961788,1,0
0.3251625812906453,0.28837962335172446,1,0
0.33016508254127064,0.28628425290858217,1,0
0.33516758379189593,0.29225816155430867,1,0
0.3401700850425213,0.3032173511302105,1,0
0.34517258629314657,0.3064990581289832,1,0
0.35017508754377186,0.30460704708272507,1,0
0.3551775887943972,0.29179593932751885,1,0
0.3601800900450225,0.30306879703580275,1,0
0.36518259129564784,0.2992382697611856,1,0
0.37018509254627313,0.31421747557246793,1,0
0.3751875937968984,0.306274040254604,1,0
0.38019009504752377,0.32588044782346326,1,0
0.38519259629814906,0.33178194214655604,1,0
0.39019509754877435,0.31818755324737924,1,0
0.3951975987993997,0.34014548393627875,1,0
0.400200100050025,0.33081236618966364,1,0
0.40520260130065033,0.3281249619693507,1,0
0.4102051025512756,0.3517865559484657,1,0
0.4152076038019009,0.34278959320852603,1,0
0.42021010505252626,0.33702285431517826,1,0
0.42521260630315155,0.3470515854805615,1,0
0.4302151075537769,0.3720618512118135,1,0
0.4352176088044022,0.3616875304444855,1,0
0.4402201100550275,0.3618225098699836,1,0
0.4452226113056528,0.3594128445132551,1,0
0.4502251125562781,0.36387772368778254,1,0
0.45522761380690346,0.3695546570117211,1,0
0.46023011505752875,0.39044523281408894,1,0
0.46523261630815405,0.38086634829024607,1,0
0.4702351175587794,0.39713585127807527,1,0
0.4752376188094047,0.38565053317870734,1,0
0.48024012006003003,0.3778280865804693,1,0
0.4852426213106553,0.3974214451609953,1,0
0.4902451225612806,0.4145692134601957,1,0
0.49524762381190596,0.40169028373579985,1,0
0.5002501250625313,0.4036147708910219,1,0
0.5052526263131566,0.40924813253066666,1,0
0.5102551275637819,0.41090972795752745,1,0
0.5152576288144072,0.4048192445190781,1,0
0.5202601300650325,0.43112752237344276,1,0
0.5252626313156579,0.40573948513485014,1,0
0.5302651325662832,0.4353382706633323,1,0
0.5352676338169085,0.4361462446447068,1,0
0.5402701350675337,0.4331481556118954,1,0
0.545272636318159,0.4394639819782523,1,0
0.5502751375687843,0.42099839353202534,1,0
0.5552776388194097,0.42491705142007574,1,0
0.560280140070035,0.43758922857775906,1,0
0.5652826413206603,0.4437086068804601,1,0
0.5702851425712856,0.44178942863863646,1,0
0.5752876438219109,0.4595672478237913,1,0
0.5802901450725363,0.4644068716595555,1,0
0.5852926463231616,0.47049124149934285,1,0
0.5902951475737869,0.46975969839662735,1,0
0.5952976488244122,0.4596933274804803,1,0
0.6003001500750375,0.45798733823488635,1,0
0.6053026513256629,0.46247742124374264,1,0
0.6103051525762881,0.48965183965006115,1,0
0.6153076538269134,0.48190395397232777,1,0
0.6203101550775387,0.49763672684801874,1,0
0.625312656328164,0.47646734705613414,1,0
0.6303151575787894,0.5058543543413633,1,0
0.6353176588294147,0.47675544478212123,1,0
0.64032016008004,0.49877909229563244,1,0
0.6453226613306653,0.49906216545101045,1,0
0.6503251625812906,0.5009106644689338,1,0
0.655327663831916,0.5155361084168161,1,0
0.6603301650825413,0.4969602135562902,1,0
0.6653326663331666,0.5204311055368916,1,0
0.6703351675837919,0.5000188820687382,1,0
0.6753376688344171,0.5129842685753595,1,0
0.6803401700850426,0.5247150150537802,1,0
0.6853426713356678,0.5283545677303538,1,0
0.6903451725862931,0.5174676682732079,1,0
0.6953476738369184,0.54243393626655,1,0
0.7003501750875437,0.5145204488328105,1,0
0.7053526763381691,0.5438031813020915,1,0
0.7103551775887944,0.5308933096836443,1,0
0.7153576788394197,0.519651870146904,1,0
0.720360180090045,0.5272763346098897,1,0
0.7253626813406703,0.5624328004055748,1,0
0.7303651825912957,0.5525776617398677,1,0
0.735367683841921,0.5549602731548866,1,0
0.7403701850925463,0.5697544816869451,1,0
0.7453726863431716,0.5465988229363621,1,0
0.7503751875937968,0.581574251083534,1,0
0.7553776888444221,0.5636252341609725,1,0
0.7603801900950475,0.585828259928861,1,0
0.7653826913456728,0.5529929082892935,1,0
0.7703851925962981,0.5552081739703221,1,0
0.7753876938469234,0.5962973328511619,1,0
0.7803901950975487,0.5771249116369284,1,0
0.7853926963481741,0.5803198578491906,1,0
0.7903951975987994,0.575707945186149,1,0
0.7953976988494247,0.5708174361861363,1,0
0.80040020010005,0.5688677457667035,1,0
0.8054027013506753,0.5967442687827214,1,0
0.8104052026013007,0.6125331027929786,1,0
0.815407703851926,0.6192279070147658,1,0
0.8204102051025512,0.6040323926933802,1,0
0.8254127063531765,0.5922304290578024,1,0
0.8304152076038018,0.6109906825787633,1,0
0.8354177088544272,0.5948747096623317,1,0
0.8404202101050525,0.6224218692558341,1,0
0.8454227113556778,0.6353939955736615,1,0
0.8504252126063031,0.6241161220269368,1,0
0.8554277138569284,0.6267768377603798,1,0
0.8604302151075538,0.6327008403743013,1,0
0.8654327163581791,0.6348863593708053,1,0
0.8704352176088044,0.639076140060898,1,0
0.8754377188594297,0.607521032007259,1,0
0.880440220110055,0.6281575453770609,1,0
0.8854427213606804,0.6517067219780379,1,0
0.8904452226113057,0.6235007872991221,1,0
0.8954477238619309,0.6517738008183946,1,0
0.9004502251125562,0.6318648968478461,1,0
0.9054527263631815,0.6512191103050221,1,0
0.9104552276138069,0.6292471097474645,1,0
0.9154577288644322,0.6489122352769373,1,0
0.9204602301150575,0.6577609190579049,1,0
0.9254627313656828,0.6444935812079464,1,0
0.9304652326163081,0.6698322883596743,1,0
0.9354677338669335,0.6474573429459447,1,0
0.9404702351175588,0.6556549481468047,1,0
0.9454727363681841,0.6434091501301404,1,0
0.9504752376188094,0.6926715600932964,1,0
0.9554777388694347,0.6519499612561964,1,0
0.9604802401200601,0.6828560876607885,1,0
0.9654827413706853,0.6753133793102766,1,0
0.9704852426213106,0.6827673556360445,1,0
0.9754877438719359,0.6553140907011771,1,0
0.9804902451225612,0.6916231424021962,1,0
0.9854927463731865,0.7132596479202601,1,0
0.9904952476238119,0.6927866758602707,1,0
0.9954977488744372,0.6734305526417698,1,0
1.0005002501250626,0.6897112579610032,1,0
1.0055027513756878,0.6894160483806031,1,0
1.0105052526263132,0.679066585748134,1,0
1.0155077538769384,0.6929179131303532,1,0
1.0205102551275638,0.7049549747552899,1,0
1.0255127563781892,0.7125682557557733,1,0
1.0305152576288144,0.7064848328055828,1,0
1.0355177588794398,0.7340967648399607,1,0
1.040520260130065,0.7295902166244435,1,0
1.0455227613806903,0.7298847794646715,1,0
1.0505252626313157,0.7409737183280043,1,0
1.055527763881941,0.7177019088828255,1,0
1.0605302651325663,0.7458228790583089,1,0
1.0655327663831915,0.7421707604342269,1,0
1.070535267633817,0.7273392633984487,1,0
1.075537768884442,0.7048486344884135,1,0
1.0805402701350675,0.7199046006006934,1,0
1.0855427713856929,0.7393919514527292,1,0
1.090545272636318,0.71284657139308,1,0
1.0955477738869435,0.7163709471760701,1,0
1.1005502751375686,0.7296364682424025,1,0
1.105552776388194,0.7194606216073729,1,0
1.1105552776388194,0.7688032859056063,1,0
1.1155577788894446,0.7743402501257685,1,0
1.12056028014007,0.7484125226655005,1,0
1.1255627813906952,0.7349992716832419,1,0
1.1305652826413206,0.7686061711607617,1,0
1.135567783891946,0.7533527334032646,1,0
1.1405702851425712,0.7806061266293352,1,0
1.1455727863931966,0.7658754555516665,1,0
1.1505752876438218,0.7784589166189153,1,0
1.1555777888944472,0.7947979904458019,1,0
1.1605802901450726,0.7858178109905043,1,0
1.1655827913956978,0.7699884317427482,1,0
1.1705852926463232,0.7772084771273765,1,0
1.1755877938969483,0.7510672797671176,1,0
1.1805902951475737,0.7696973783056543,1,0
1.1855927963981991,0.7949324237089513,1,0
1.1905952976488243,0.8066708389914846,1,0
1.1955977988994497,0.7885064022560611,1,0
1.200600300150075,0.7811234315175323,1,0
1.2056028014007003,0.7797662519552863,1,0
1.2106053026513257,0.7867349699881421,1,0
1.215607803901951,0.7690958185617843,1,0
1.2206103051525763,0.7713814295959232,1,0
1.2256128064032015,0.7893992259218362,1,0
1.2306153076538269,0.7949680366226075,1,0
1.2356178089044523,0.8054475234001632,1,0
1.2406203101550775,0.8381973575909974,1,0
1.2456228114057029,0.7912711712398297,1,0
1.250625312656328,0.8019902964487594,1,0
1.2556278139069534,0.8071540563044509,1,0
1.2606303151575788,0.8222676678911635,1,0
1.265632816408204,0.8490099814414641,1,0
1.2706353176588294,0.8093257299919983,1,0
1.2756378189094546,0.7918046105396614,1,0
1.28064032016008,0.8153525420941738,1,0
1.2856428214107054,0.8398945420675796,1,0
1.2906453226613306,0.8505370327410456,1,0
1.295647823911956,0.8125899532517821,1,0
1.3006503251625812,0.8402407982365253,1,0
1.3056528264132066,0.8267186645975645,1,0
1.310655327663832,0.8441222165639394,1,0
1.3156578289144572,0.8244684209272322,1,0
1.3206603301650826,0.8364719837206762,1,0
1.3256628314157077,0.8544173562989005,1,0
1.3306653326663331,0.8477240731298592,1,0
1.3356678339169585,0.8653201160167351,1,0
1.3406703351675837,0.8805812013563059,1,0
1.3456728364182091,0.8421382346406403,1,0
1.3506753376688343,0.8489835237432897,1,0
1.3556778389194597,0.8249857870398831,1,0
1.360680340170085,0.8318992571864005,1,0
1.3656828414207103,0.8620775420676206,1,0
1.3706853426713357,0.8300721922992171,1,0
1.3756878439219609,0.8803561615938059,1,0
1.3806903451725863,0.8497076519241773,1,0
1.3856928464232117,0.8518656094222364,1,0
1.3906953476738368,0.8995263739340066,1,0
1.3956978489244622,0.8845566200268546,1,0
1.4007003501750874,0.906147795179923,1,0
1.4057028514257128,0.8791322768743657,1,0
1.4107053526763382,0.8573849829664352,1,0
1.4157078539269634,0.8979509081128288,1,0
1.4207103551775888,0.859381652872544,1,0
1.425712856428214,0.9113320502491922,1,0
1.4307153576788394,0.8552714893926429,1,0
1.4357178589294648,0.8880218168050662,1,0
1.44072036018009,0.8689807535904205,1,0
1.4457228614307154,0.872919647938961,1,0
1.4507253626813406,0.8757760056482575,1,0
1.455727863931966,0.9281990304914843,1,0
1.4607303651825914,0.8922740661609017,1,0
1.4657328664332165,0.8936537553386592,1,0
1.470735367683842,0.899242292285547,1,0
1.4757378689344671,0.9415291651309533,1,0
1.4807403701850925,0.8937602722343934,1,0
1.485742871435718,0.8941867452744594,1,0
1.490745372686343,0.9342968108418175,1,0
1.4957478739369685,0.90953864279487,1,0
1.5007503751875937,0.8852343067568298,1,0
1.505752876438219,0.9386202631573728,1,0
1.5107553776888443,0.9146964346812417,1,0
1.5157578789394697,0.9165934178676979,1,0
1.520760380190095,0.9373872188405775,1,0
1.5257628814407203,0.96036810443837,1,0
1.5307653826913457,0.9487123745793413,1,0
1.5357678839419708,0.9102763125916148,1,0
1.5407703851925962,0.9408684518690337,1,0
1.5457728864432216,0.9083909383308223,1,0
1.5507753876938468,0.971298574746461,1,0
1.5557778889444722,0.9669378391550308,1,0
1.5607803901950974,0.932627427927513,1,0
1.5657828914457228,0.9617274240764075,1,0
1.5707853926963482,0.926279248667256,1,0
1.5757878939469734,0.9824568069085919,1,0
1.5807903951975988,0.94727145714192,1,0
1.585792896448224,0.9447548485228853,1,0
1.5907953976988494,0.915334156021276,1,0
1.5957978989494748,0.9625364534673193,1,0
1.6008004002001,0.9614270287675489,1,0
1.6058029014507254,0.9763887494023326,1,0
1.6108054027013505,0.9282144216566268,1,0
1.615807903951976,0.9571006680170339,1,0
1.6208104052026013,0.9823478113755426,1,0
1.6258129064532265,0.9422986335870348,1,0
1.630815407703852,0.9893836377929317,1,0
1.635817908954477,0.9449417806976584,1,0
1.6408204102051025,0.9823260375206615,1,0
1.645822911455728,0.9349658709653109,1,0
1.650825412706353,0.9693528362335672,1,0
1.6558279139569785,0.9874269902333384,1,0
1.6608304152076037,0.9701418187068359,1,0
1.665832916458229,0.9522458063925114,1,0
1.6708354177088545,1.0199190204929292,1,0
1.6758379189594796,0.9700794134212897,1,0
1.680840420210105,0.9832149861575038,1,0
1.6858429214607302,1.0038594243096726,1,0
1.6908454227113556,0.9767590911684582,1,0
1.695847923961981,1.0265794795346674,1,0
1.7008504252126062,1.0244553232461688,1,0
1.7058529264632316,0.9715011131550437,1,0
1.7108554277138568,0.9970008613127643,1,0
1.7158579289644822,0.9616302232289367,1,0
1.7208604302151076,1.02117657336841,1,0
1.7258629314657328,1.0425936647665055,1,0
1.7308654327163582,0.9671125562107963,1,0
1.7358679339669834,0.9984569718855622,1,0
1.7408704352176088,1.0039630455592221,1,0
1.7458729364682342,1.0080047177328866,1,0
1.7508754377188593,0.9994726042269516,1,0
1.7558779389694847,0.9772466756353492,1,0
1.76088044022011,1.0429951583289694,1,0
1.7658829414707353,1.0142952826605378,1,0
1.7708854427213607,1.0450810578002065,1,0
1.775887943971986,0.9940360698614309,1,0
1.7808904452226113,1.0623761658446127,1,0
1.7858929464732365,0.9865584272381029,1,0
1.7908954477238619,0.9975252029672941,1,0
1.7958979489744873,1.0506393527415092,1,0
1.8009004502251125,0.9918705021690704,1,0
1.8059029514757379,1.0672909300736821,1,0
1.810905452726363,1.0208857289783662,1,0
1.8159079539769885,1.0357137426643197,1,0
1.8209104552276139,1.0125283160665026,1,0
1.825912956478239,1.02640477651303,1,0
1.8309154577288644,1.0738623914020338,1,0
1.8359179589794896,1.0381017256268235,1,0
1.840920460230115,1.0533761135115352,1,0
1.8459229614807404,1.0709561023427794,1,0
1.8509254627313656,1.0612980963437257,1,0
1.855927963981991,1.0514297362149791,1,0
1.8609304652326162,1.0745432073045031,1,0
1.8659329664832416,1.0802570588530136,1,0
1.870935467733867,1.0372906081555349,1,0
1.8759379689844922,1.0520189194709604,1,0
1.8809404702351176,1.0413723811648576,1,0
1.8859429714857427,1.0596198280684297,1,0
1.8909454727363681,1.0809974312242505,1,0
1.8959479739869936,1.0793793080863585,1,0
1.9009504752376187,1.0298485889622222,1,0
1.9059529764882441,1.1055131805760217,1,0
1.9109554777388693,1.1073980224776216,1,0
1.9159579789894947,1.0988586162837275,1,0
1.9209604802401201,1.0630400097089037,1,0
1.9259629814907453,1.0637844601544426,1,0
1.9309654827413707,1.0675229427820976,1,0
1.9359679839919959,1.0484241756183015,1,0
1.9409704852426213,1.0939112649421299,1,0
1.9459729864932465,1.074034693393961,1,0
1.9509754877438719,1.1172636087771775,1,0
1.9559779889944973,1.0608014718784538,1,0
1.9609804902451224,1.076950998909581,1,0
1.9659829914957478,1.1140477067686276,1,0
1.970985492746373,1.0959779718780758,1,0
1.9759879939969984,1.1244681630401345,1,0
1.9809904952476238,1.049731279091807,1,0
1.985992996498249,1.103894316878987,1,0
1.9909954977488744,1.0524104703054356,1,0
1.9959979989994996,1.1269730041859285,1,0
2.001000500250125,1.0928046969764897,1,0
2.0060030015007504,1.0688253451759546,1,0
2.0110055027513756,1.1115737196530924,1,0
2.0160080040020008,1.0823569018346773,1,0
2.0210105052526264,1.0687450351971193,1,0
2.0260130065032516,1.0918608864937351,1,0
2.0310155077538767,1.1411990247938715,1,0
2.0360180090045024,1.069149023568185,1,0
2.0410205102551275,1.0929718845576688,1,0
2.0460230115057527,1.1279018902014717,1,0
2.0510255127563783,1.079111296896423,1,0
2.0560280140070035,1.1398975933705149,1,0
2.0610305152576287,1.098446100714029,1,0
2.066033016508254,1.0824113754771112,1,0
2.0710355177588795,1.1216782379118537,1,0
2.0760380190095047,1.113266789181169,1,0
2.08104052026013,1.0829005677145827,1,0
2.0860430215107555,1.1033447104736485,1,0
2.0910455227613807,1.1179343951633263,1,0
2.096048024012006,1.098985511897699,1,0
2.1010505252626315,1.11052820537245,1,0
2.1060530265132567,1.106364125735772,1,0
2.111055527763882,1.1194237390264883,1,0
2.116058029014507,1.091853764725163,1,0
2.1210605302651326,1.1120942202184623,1,0
2.126063031515758,1.1720522592575957,1,0
2.131065532766383,1.1730955191494568,1,0
2.1360680340170086,1.1619916056378008,1,0
2.141070535267634,1.110465812293281,1,0
2.146073036518259,1.181710284403636,1,0
2.151075537768884,1.1747391269794598,1,0
2.15607803901951,1.1450101716614445,1,0
2.161080540270135,1.1784480100558339,1,0
2.16608304152076,1.1128288562027089,1,0
2.1710855427713858,1.1924979227551709,1,0
2.176088044022011,1.1441673275143844,1,0
2.181090545272636,1.1321533623764928,1,0
2.1860930465232618,1.1141147080667264,1,0
2.191095547773887,1.1946845400474362,1,0
2.196098049024512,1.1889746500323444,1,0
2.2011005502751373,1.1211303045168473,1,0
2.206103051525763,1.172433453076197,1,0
2.211105552776388,1.1723376154281449,1,0
2.2161080540270133,1.1644918331851202,1,0
2.221110555277639,1.1877448477781047,1,0
2.226113056528264,1.13182368094223,1,0
2.2311155577788893,1.1610571679080692,1,0
2.236118059029515,1.1287761182618974,1,0
2.24112056028014,1.2126565891830354,1,0
2.2461230615307652,1.2014369437296608,1,0
2.2511255627813904,1.2248221389100338,1,0
2.256128064032016,1.1490846870026603,1,0
2.2611305652826412,1.2094424967673596,1,0
2.2661330665332664,1.1406889125054842,1,0
2.271135567783892,1.1587298327717073,1,0
2.276138069034517,1.1570632688053282,1,0
2.2811405702851424,1.170035280901851,1,0
2.286143071535768,1.218947724907126,1,0
2.291145572786393,1.2002968804397132,1,0
2.2961480740370184,1.1915715545672323,1,0
2.3011505752876436,1.1848982675078823,1,0
2.306153076538269,1.1682376879011669,1,0
2.3111555777888944,1.22604845994016,1,0
2.3161580790395195,1.2109524589239495,1,0
2.321160580290145,1.2162862007083084,1,0
2.3261630815407703,1.2109501651797734,1,0
2.3311655827913955,1.247572096706915,1,0
2.336168084042021,1.2367115426908302,1,0
2.3411705852926463,1.2255613268624195,1,0
2.3461730865432715,1.1850754511315418,1,0
2.3511755877938967,1.1697217721569095,1,0
2.3561780890445223,1.23709569026692,1,0
2.3611805902951475,1.228451256840468,1,0
2.3661830915457727,1.1753674845340678,1,0
2.3711855927963983,1.2323931182771082,1,0
2.3761880940470235,1.2375924404772263,1,0
2.3811905952976486,1.2528037008707378,1,0
2.3861930965482743,1.250696830016308,1,0
2.3911955977988995,1.2471560602872216,1,0
2.3961980990495246,1.2537761021180593,1,0
2.40120060030015,1.2675081669066963,1,0
2.4062031015507754,1.1920886939847979,1,0
2.4112056028014006,1.2628169692638933,1,0
2.416208104052026,1.2559514815132031,1,0
2.4212106053026514,1.2561248119360016,1,0
2.4262131065532766,1.2030756617486824,1,0
2.431215607803902,1.2757167730929795,1,0
2.4362181090545274,1.2327736957789628,1,0
2.4412206103051526,1.244103443241052,1,0
2.4462231115557778,1.198276711192286,1,0
2.451225612806403,1.216361920519642,1,0
2.4562281140570286,1.1961785913974796,1,0
2.4612306153076537,1.2429627693371517,1,0
2.466233116558279,1.2325998905357087,1,0
2.4712356178089045,1.223368042853988,1,0
2.4762381190595297,1.2179622048281682,1,0
2.481240620310155,1.225159918128676,1,0
2.4862431215607805,1.2611439383366996,1,0
2.4912456228114057,1.2269528506427765,1,0
2.496248124062031,1.2265265299845198,1,0
2.501250625312656,1.217820146038583,1,0
2.5062531265632817,1.291988207855709,1,0
2.511255627813907,1.3027965574386016,1,0
2.516258129064532,1.286393016803259,1,0
2.5212606303151577,1.2968584156071057,1,0
2.526263131565783,1.254304796678742,1,0
2.531265632816408,1.24044410216747,1,0
2.5362681340670337,1.232000686408721,1,0
2.541270635317659,1.274225948437921,1,0
2.546273136568284,1.244182062455265,1,0
2.551275637818909,1.2825599592650883,1,0
2.556278139069535,1.2456883276741924,1,0
2.56128064032016,1.2627871124834102,1,0
2.566283141570785,1.311791512475834,1,0
2.571285642821411,1.308516177746431,1,0
2.576288144072036,1.2861483920312968,1,0
2.581290645322661,1.3091835987486362,1,0
2.5862931465732864,1.2444364778608634,1,0
2.591295647823912,1.2331347241946453,1,0
2.596298149074537,1.2618673886661387,1,0
2.6013006503251623,1.307810156526891,1,0
2.606303151575788,1.2473427622868953,1,0
2.611305652826413,1.2986351512693566,1,0
2.6163081540770383,1.2531840322061705,1,0
2.621310655327664,1.264564560249712,1,0
2.626313156578289,1.2542181470108957,1,0
2.6313156578289143,1.2522038461240441,1,0
2.6363181590795395,1.2630425749304488,1,0
2.641320660330165,1.3170297803657083,1,0
2.6463231615807903,1.3305411436650287,1,0
2.6513256628314155,1.2853691012112256,1,0
2.656328164082041,1.3468505582159604,1,0
2.6613306653326663,1.303531716494766,1,0
2.6663331665832914,1.2734578697417753,1,0
2.671335667833917,1.2647010377469696,1,0
2.6763381690845423,1.299908393189807,1,0
2.6813406703351674,1.3175245137297713,1,0
2.6863431715857926,1.3185697589981495,1,0
2.6913456728364182,1.3320757264196719,1,0
2.6963481740870434,1.2990753701429831,1,0
2.7013506753376686,1.3230499519201935,1,0
2.706353176588294,1.3446761750058398,1,0
2.7113556778389194,1.2592575308713403,1,0
2.7163581790895446,1.283389842350741,1,0
2.72136068034017,1.276159405529228,1,0
2.7263631815907954,1.2744715876996018,1,0
2.7313656828414206,1.304117766364749,1,0
2.7363681840920457,1.3630261961565762,1,0
2.7413706853426714,1.3007752193297253,1,0
2.7463731865932965,1.2833091882246392,1,0
2.7513756878439217,1.2916160523579854,1,0
2.7563781890945473,1.2806775371253813,1,0
2.7613806903451725,1.3392112709736836,1,0
2.7663831915957977,1.3779337662971052,1,0
2.7713856928464233,1.3021017834768422,1,0
2.7763881940970485,1.2783981899160497,1,0
2.7813906953476737,1.3564643272427452,1,0
2.786393196598299,1.3360172054879516,1,0
2.7913956978489245,1.3725925457761539,1,0
2.7963981990995497,1.3252883176020989,1,0
2.801400700350175,1.3455171231480878,1,0
2.8064032016008005,1.305546921053923,1,0
2.8114057028514257,1.2906815374647012,1,0
2.816408204102051,1.359224396976516,1,0
2.8214107053526765,1.3823800973959406,1,0
2.8264132066033016,1.333069675798444,1,0
2.831415707853927,1.3791823739580433,1,0
2.836418209104552,1.3756190458202866,1,0
2.8414207103551776,1.3320659293542731,1,0
2.846423211605803,1.2940454141287359,1,0
2.851425712856428,1.3301010350617164,1,0
2.8564282141070536,1.3841820019878248,1,0
2.861430715357679,1.3760364530415292,1,0
2.866433216608304,1.333915863726994,1,0
2.8714357178589296,1.3396234945890015,1,0
2.8764382191095548,1.3798406372212433,1,0
2.88144072036018,1.3616386984092772,1,0
2.886443221610805,1.3466162960898487,1,0
2.8914457228614308,1.3221531930605628,1,0
2.896448224112056,1.3162080187966798,1,0
2.901450725362681,1.3468706142483187,1,0
2.9064532266133067,1.3978262932154064,1,0
2.911455727863932,1.3258143385876167,1,0
2.916458229114557,1.412067038036256,1,0
2.9214607303651827,1.3828760826815818,1,0
2.926463231615808,1.334706554936468,1,0
2.931465732866433,1.3979200156228695,1,0
2.9364682341170583,1.3581527319678048,1,0
2.941470735367684,1.37081620394067,1,0
2.946473236618309,1.3266291838546431,1,0
2.9514757378689342,1.4270582292205944,1,0
2.95647823911956,1.4265060304953516,1,0
2.961480740370185,1.341934325419342,1,0
2.9664832416208102,1.3557180576917225,1,0
2.971485742871436,1.4222576684042378,1,0
2.976488244122061,1.3405361908064348,1,0
2.981490745372686,1.365853690731158,1,0
2.9864932466233114,1.3532239743203078,1,0
2.991495747873937,1.3869288154174795,1,0
2.996498249124562,1.4264963322651545,1,0
3.0015007503751874,1.3728780362760893,1,0
3.006503251625813,1.4199572588869014,1,0
3.011505752876438,1.3576612685796934,1,0
3.0165082541270634,1.3868206891312032,1,0
3.0215107553776885,1.3716627450218284,1,0
3.026513256628314,1.3957388138116495,1,0
3.0315157578789393,1.423948493369229,1,0
3.0365182591295645,1.3741310320217228,1,0
3.04152076038019,1.4509283427135895,1,0
3.0465232616308153,1.3854299903049083,1,0
3.0515257628814405,1.4369858829846491,1,0
3.056528264132066,1.4450143249635303,1,0
3.0615307653826913,1.3855970231607888,1,0
3.0665332666333165,1.3954774084358483,1,0
3.0715357678839417,1.39268116883719,1,0
3.0765382691345673,1.3902941616643378,1,0
3.0815407703851925,1.4626859484542492,1,0
3.0865432716358177,1.408959595785323,1,0
3.0915457728864433,1.4382009492879704,1,0
3.0965482741370685,1.3554929901484725,1,0
3.1015507753876936,1.3761808462572491,1,0
3.1065532766383193,1.4656880222756714,1,0
3.1115557778889444,1.470057704336524,1,0
3.1165582791395696,1.4112117400235096,1,0
3.121560780390195,1.3966101364295804,1,0
3.1265632816408204,1.3939085217094456,1,0
3.1315657828914456,1.4749745901513571,1,0
3.136568284142071,1.4490701806444306,1,0
3.1415707853926964,1.3697970048877561,1,0
3.1465732866433216,1.3755930126383606,1,0
3.1515757878939468,1.433544176759316,1,0
3.1565782891445724,1.3794854189698003,1,0
3.1615807903951976,1.3723652497767418,1,0
3.1665832916458228,1.4367093001633673,1,0
3.171585792896448,1.4485183082976363,1,0
3.1765882941470736,1.4746680048042495,1,0
3.1815907953976987,1.4726350239977453,1,0
3.186593296648324,1.407955059716665,1,0
3.1915957978989495,1.4890887832335298,1,0
3.1965982991495747,1.465886646778239,1,0
3.2016008004002,1.443762355801912,1,0
3.2066033016508255,1.430167265724255,1,0
3.2116058029014507,1.3832175892944554,1,0
3.216608304152076,1.4631427433627244,1,0
3.221610805402701,1.4459598597895698,1,0
3.2266133066533267,1.4166948527042837,1,0
3.231615807903952,1.4087670156175072,1,0
3.236618309154577,1.4317654196904201,1,0
3.2416208104052027,1.489192632046612,1,0
3.246623311655828,1.4553123536314336,1,0
3.251625812906453,1.4206527777654616,1,0
3.2566283141570787,1.4342098259432654,1,0
3.261630815407704,1.414449499982733,1,0
3.266633316658329,1.4184972815189372,1,0
3.271635817908954,1.3997658788755476,1,0
3.27663831915958,1.4659077793256197,1,0
3.281640820410205,1.4357419998171856,1,0
3.28664332166083,1.4889361088870694,1,0
3.291645822911456,1.477954263970562,1,0
3.296648324162081,1.4003265024808944,1,0
3.301650825412706,1.492334806144484,1,0
3.306653326663332,1.4379715619752773,1,0
3.311655827913957,1.4318743620562409,1,0
3.316658329164582,1.4082331442223615,1,0
3.3216608304152073,1.5136955585202059,1,0
3.326663331665833,1.459268284124334,1,0
3.331665832916458,1.4252945615608223,1,0
3.3366683341670833,1.5213994803653677,1,0
3.341670835417709,1.4211104482348373,1,0
3.346673336668334,1.474664578924924,1,0
3.3516758379189593,1.4640278343843929,1,0
3.356678339169585,1.428361662789561,1,0
3.36168084042021,1.505407803323737,1,0
3.3666833416708353,1.4406912877700737,1,0
3.3716858429214605,1.4710142501148389,1,0
3.376688344172086,1.513172391826441,1,0
3.3816908454227113,1.485031005215974,1,0
3.3866933466733364,1.5142577844628182,1,0
3.391695847923962,1.4737462617194628,1,0
3.3966983491745872,1.4943297210585271,1,0
3.4017008504252124,1.5246023280427998,1,0
3.406703351675838,1.4949191957350496,1,0
3.4117058529264632,1.4437777108779375,1,0
3.4167083541770884,1.4775033273150702,1,0
3.4217108554277136,1.4270711036494446,1,0
3.426713356678339,1.5381800544693898,1,0
3.4317158579289644,1.5413767317417897,1,0
3.4367183591795896,1.496037928886123,1,0
3.441720860430215,1.4578221733923278,1,0
3.4467233616808404,1.4532612925739732,1,0
3.4517258629314655,1.4676392541128476,1,0
3.4567283641820907,1.5091881673172498,1,0
3.4617308654327164,1.4699994485912204,1,0
3.4667333666833415,1.4926111662804706,1,0
3.4717358679339667,1.4417895321117429,1,0
3.4767383691845923,1.515020829814973,1,0
3.4817408704352175,1.4869976479892701,1,0
3.4867433716858427,1.500887480601203,1,0
3.4917458729364683,1.4914136487727923,1,0
3.4967483741870935,1.5345029396009422,1,0
3.5017508754377187,1.5600372946123775,1,0
3.506753376688344,1.4715958220652228,1,0
3.5117558779389695,1.5472219134110574,1,0
3.5167583791895947,1.4688945518918757,1,0
3.52176088044022,1.4790992936886305,1,0
3.5267633816908455,1.544790928839513,1,0
3.5317658829414706,1.4687144115802768,1,0
3.536768384192096,1.551808474820494,1,0
3.5417708854427215,1.5053681634269718,1,0
3.5467733866933466,1.562620735194023,1,0
3.551775887943972,1.5487908889942668,1,0
3.556778389194597,1.5116669788126267,1,0
3.5617808904452226,1.548934768203856,1,0
3.566783391695848,1.5545924208128894,1,0
3.571785892946473,1.5572971227639951,1,0
3.5767883941970986,1.5300214697473105,1,0
3.5817908954477238,1.5064376005433497,1,0
3.586793396698349,1.4946846996018948,1,0
3.5917958979489746,1.5316171086336867,1,0
3.5967983991995998,1.5516734274024029,1,0
3.601800900450225,1.5410492515244603,1,0
3.60680340170085,1.4895910337984983,1,0
3.6118059029514757,1.5068604083501576,1,0
3.616808404202101,1.4790373439838966,1,0
3.621810905452726,1.575205625061628,1,0
3.6268134067033517,1.5847467955061112,1,0
3.631815907953977,1.5593696683775766,1,0
3.636818409204602,1.5707886794346926,1,0
3.6418209104552277,1.4858569028210609,1,0
3.646823411705853,1.563711060758219,1,0
3.651825912956478,1.5545631645487503,1,0
3.6568284142071033,1.4802023728627274,1,0
3.661830915457729,1.5696288919081385,1,0
3.666833416708354,1.5862566521159116,1,0
3.6718359179589792,1.5374767637810403,1,0
3.676838419209605,1.5576297705615803,1,0
3.68184092046023,1.5815826229712346,1,0
3.686843421710855,1.5334753468985598,1,0
3.691845922961481,1.52970509641611,1,0
3.696848424212106,1.5605794845264518,1,0
3.701850925462731,1.5055215277760057,1,0
3.7068534267133564,1.5192935026430423,1,0
3.711855927963982,1.5340952181453025,1,0
3.716858429214607,1.5826422977986654,1,0
3.7218609304652324,1.5483522263393108,1,0
3.726863431715858,1.4934294617881785,1,0
3.731865932966483,1.5407492880199107,1,0
3.7368684342171083,1.585692375059518,1,0
3.741870935467734,1.5013108880202082,1,0
3.746873436718359,1.5549364989387213,1,0
3.7518759379689843,1.536298784149162,1,0
3.7568784392196095,1.5166032128667164,1,0
3.761880940470235,1.6110403967781626,1,0
3.7668834417208603,1.5621351906611736,1,0
3.7718859429714855,1.5816987114215055,1,0
3.776888444222111,1.569399726009621,1,0
3.7818909454727363,1.5859033645954248,1,0
3.7868934467233615,1.622841714264526,1,0
3.791895947973987,1.540821683437915,1,0
3.7968984492246123,1.5624516332300458,1,0
3.8019009504752375,1.587600559761761,1,0
3.8069034517258626,1.5458119539732946,1,0
3.8119059529764883,1.5504219386666123,1,0
3.8169084542271134,1.6339760777808439,1,0
3.8219109554777386,1.5562401042926215,1,0
3.8269134567283642,1.6073463298472284,1,0
3.8319159579789894,1.5934543228480946,1,0
3.8369184592296146,1.5983103352553651,1,0
3.8419209604802402,1.550935960402908,1,0
3.8469234617308654,1.560331231611489,1,0
3.8519259629814906,1.6007669806256823,1,0
3.8569284642321158,1.5498751963689854,1,0
3.8619309654827414,1.5325699983816787,1,0
3.8669334667333666,1.5455011952781563,1,0
3.8719359679839918,1.6432498953774044,1,0
3.8769384692346174,1.5438234243833437,1,0
3.8819409704852426,1.5303042754631115,1,0
3.8869434717358677,1.5697904901614808,1,0
3.891945972986493,1.6324389690536223,1,0
3.8969484742371185,1.5504923618074853,1,0
3.9019509754877437,1.5315754218953892,1,0
3.906953476738369,1.601410348500784,1,0
3.9119559779889945,1.615159312429831,1,0
3.9169584792396197,1.6271691086476199,1,0
3.921960980490245,1.6255413836144097,1,0
3.9269634817408705,1.5797044684353976,1,0
3.9319659829914957,1.5383377906148925,1,0
3.936968484242121,1.65552186303422,1,0
3.941970985492746,1.6219786164636059,1,0
3.9469734867433717,1.6204691398984938,1,0
3.951975987993997,1.576392925840689,1,0
3.956978489244622,1.6059642419231952,1,0
3.9619809904952477,1.6259176895836964,1,0
3.966983491745873,1.6273300648367646,1,0
3.971985992996498,1.5418381652278463,1,0
3.9769884942471236,1.6387378058574662,1,0
3.981990995497749,1.6209795773771016,1,0
3.986993496748374,1.604475888481196,1,0
3.991995997998999,1.5998899431126037,1,0
3.996998499249625,1.6122785338382282,1,0
4.00200100050025,1.6368245961769197,1,0
4.007003501750876,1.6114176176779782,1,0
4.012006003001501,1.6289570815626773,1,0
4.017008504252126,1.6443238621386804,1,0
4.022011005502751,1.6098459951370223,1,0
4.027013506753376,1.5539469644941089,1,0
4.0320160080040015,1.5617938240196219,1,0
4.037018509254628,1.6606718210207416,1,0
4.042021010505253,1.6382001403016726,1,0
4.047023511755878,1.6092306498848916,1,0
4.052026013006503,1.6369779568319753,1,0
4.057028514257128,1.5730434532379896,1,0
4.0620310155077535,1.5719151211922697,1,0
4.067033516758379,1.6036730015468066,1,0
4.072036018009005,1.667997121355219,1,0
4.07703851925963,1.6314494110444637,1,0
4.082041020510255,1.6214255012154875,1,0
4.08704352176088,1.596335141828998,1,0
4.092046023011505,1.5650079914381232,1,0
4.097048524262131,1.5646724200143722,1,0
4.102051025512757,1.6314373767472046,1,0
4.107053526763382,1.572122989359367,1,0
4.112056028014007,1.6240863683903555,1,0
4.117058529264632,1.6043154326957156,1,0
4.122061030515257,1.6798052911250694,1,0
4.127063531765883,1.6850057785755181,1,0
4.132066033016508,1.688991499162714,1,0
4.137068534267134,1.6503928080445462,1,0
4.142071035517759,1.5830490989037487,1,0
4.147073536768384,1.6119596256321775,1,0
4.152076038019009,1.6202344244974676,1,0
4.1570785392696346,1.6829192882843504,1,0
4.16208104052026,1.5830691511336734,1,0
4.167083541770885,1.6349219270604156,1,0
4.172086043021511,1.7029093259938517,1,0
4.177088544272136,1.6704572761567045,1,0
4.182091045522761,1.6327588129434152,1,0
4.1870935467733865,1.5992769427319924,1,0
4.192096048024012,1.6781735423589017,1,0
4.197098549274637,1.6206337896825136,1,0
4.202101050525263,1.709434299644802,1,0
4.207103551775888,1.643194763960349,1,0
4.212106053026513,1.6240828359057886,1,0
4.2171085542771385,1.6207004108327727,1,0
4.222111055527764,1.6671746556740272,1,0
4.227113556778389,1.5906619906265496,1,0
4.232116058029014,1.6413974841737335,1,0
4.23711855927964,1.630198683421661,1,0
4.242121060530265,1.705453866821021,1,0
4.2471235617808905,1.661734589646356,1,0
4.252126063031516,1.602975264340784,1,0
4.257128564282141,1.5986245721590748,1,0
4.262131065532766,1.7020401985027016,1,0
4.267133566783391,1.6681534363792583,1,0
4.272136068034017,1.6774141993129061,1,0
4.277138569284642,1.6583144992420285,1,0
4.282141070535268,1.623447240573614,1,0
4.287143571785893,1.6939413126109744,1,0
4.292146073036518,1.6718109028563075,1,0
4.297148574287143,1.633935700930627,1,0
4.302151075537768,1.6108185050254649,1,0
4.307153576788394,1.7336294125275005,1,0
4.31215607803902,1.6503215598468524,1,0
4.317158579289645,1.7036681497451693,1,0
4.32216108054027,1.6848355158586832,1,0
4.327163581790895,1.6488533955355449,1,0
4.33216608304152,1.6209851219434035,1,0
4.337168584292146,1.6889188859052082,1,0
4.3421710855427715,1.7040684139532791,1,0
4.347173586793397,1.697391007628023,1,0
4.352176088044022,1.6327101076041879,1,0
4.357178589294647,1.6754798814608005,1,0
4.362181090545272,1.6996549022129706,1,0
4.367183591795897,1.7326144258670741,1,0
4.3721860930465235,1.6404266196112849,1,0
4.377188594297149,1.6405530461978413,1,0
4.382191095547774,1.6323193032637917,1,0
4.387193596798399,1.6591578928138437,1,0
4.392196098049024,1.6272890052060225,1,0
4.397198599299649,1.6859081870803603,1,0
4.402201100550275,1.6850437582994169,1,0
4.407203601800901,1.628968198940644,1,0
4.412206103051526,1.7197241846892386,1,0
4.417208604302151,1.7371942406812402,1,0
4.422211105552776,1.6765520404405716,1,0
4.427213606803401,1.63912356454153,1,0
4.4322161080540265,1.6547826926008091,1,0
4.437218609304653,1.6607657586395286,1,0
4.442221110555278,1.7276160341855404,1,0
4.447223611805903,1.6552223203733,1,0
4.452226113056528,1.6768362760749178,1,0
4.457228614307153,1.708728863251205,1,0
4.4622311155577785,1.6417068037383349,1,0
4.467233616808404,1.6991095905348181,1,0
4.47223611805903,1.666492082843194,1,0
4.477238619309655,1.6929042621540324,1,0
4.48224112056028,1.7046452849785612,1,0
4.487243621810905,1.7226051731031315,1,0
4.4922461230615305,1.761859263067389,1,0
4.497248624312156,1.7384263879448418,1,0
4.502251125562781,1.768203575587245,1,0
4.507253626813407,1.703806076016944,1,0
4.512256128064032,1.7709640352480023,1,0
4.517258629314657,1.6706353485256265,1,0
4.5222611305652824,1.7562877695696324,1,0
4.527263631815908,1.7482008564493825,1,0
4.532266133066533,1.7021106085067204,1,0
4.537268634317159,1.7195019479207947,1,0
4.542271135567784,1.6778107983746537,1,0
4.547273636818409,1.6920101091371824,1,0
4.552276138069034,1.724116320009144,1,0
4.55727863931966,1.670170274188509,1,0
4.562281140570285,1.7714669099088562,1,0
4.56728364182091,1.7524483037721732,1,0
4.572286143071536,1.6543627515396218,1,0
4.577288644322161,1.7265648537745766,1,0
4.582291145572786,1.739340175136157,1,0
4.587293646823412,1.6923781866457057,1,0
4.592296148074037,1.7369700784606343,1,0
4.597298649324662,1.7103436685601534,1,0
4.602301150575287,1.768949095206352,1,0
4.607303651825913,1.7928558593395654,1,0
4.612306153076538,1.7831923976896766,1,0
4.6173086543271635,1.768531871910028,1,0
4.622311155577789,1.762250298567204,1,0
4.627313656828414,1.7592642187579426,1,0
4.632316158079039,1.6816005488731247,1,0
4.637318659329665,1.7292518061137006,1,0
4.64232116058029,1.7526151713200164,1,0
4.6473236618309155,1.7814345305157469,1,0
4.652326163081541,1.7785177904063163,1,0
4.657328664332166,1.6712544078603724,1,0
4.662331165582791,1.6700408348375917,1,0
4.667333666833416,1.6983270696286363,1,0
4.672336168084042,1.7474366301174946,1,0
4.6773386693346675,1.7008043945029356,1,0
4.682341170585293,1.7482635026387277,1,0
4.687343671835918,1.7739133095537942,1,0
4.692346173086543,1.7889368270921104,1,0
4.697348674337168,1.7105401408389953,1,0
4.702351175587793,1.7433956225678413,1,0
4.707353676838419,1.7926146523129896,1,0
4.712356178089045,1.779786943255667,1,0
4.71735867933967,1.790530599252133,1,0
4.722361180590295,1.7066372401676164,1,0
4.72736368184092,1.7976625928043026,1,0
4.732366183091545,1.7446931953461982,1,0
4.7373686843421705,1.7745452888288806,1,0
4.742371185592797,1.718397927135531,1,0
4.747373686843422,1.734390703893318,1,0
4.752376188094047,1.8045378206055864,1,0
4.757378689344672,1.7319673590575886,1,0
4.762381190595297,1.8035304328772426,1,0
4.7673836918459225,1.8067431949068091,1,0
4.7723861930965485,1.768121440661395,1,0
4.777388694347174,1.7058670714428261,1,0
4.782391195597799,1.733463666737346,1,0
4.787393696848424,1.749411018074757,1,0
4.792396198099049,1.784379682556665,1,0
4.7973986993496744,1.7700235121166812,1,0
4.8024012006003,1.6960071337373708,1,0
4.807403701850926,1.7679620640180806,1,0
4.812406203101551,1.7381916675305997,1,0
4.817408704352176,1.7425343185344029,1,0
4.822411205602801,1.697982208385473,1,0
4.827413706853426,1.7505866188604218,1,0
4.832416208104052,1.715694562290685,1,0
4.837418709354677,1.8303768612521492,1,0
4.842421210605303,1.7330296687758149,1,0
4.847423711855928,1.7374942875689352,1,0
4.852426213106553,1.7575047843652847,1,0
4.857428714357178,1.7138917187972307,1,0
4.862431215607804,1.7125224620601485,1,0
4.867433716858429,1.7544359607703497,1,0
4.872436218109055,1.7336096937815388,1,0
4.87743871935968,1.7392941778517461,1,0
4.882441220610305,1.7569578948041833,1,0
4.88744372186093,1.7510100309837302,1,0
4.8924462231115555,1.7318100554035392,1,0
4.897448724362181,1.7792688098341112,1,0
4.902451225612806,1.7046336943977543,1,0
4.907453726863432,1.8148673453658946,1,0
4.912456228114057,1.7840005515699164,1,0
4.917458729364682,1.7872834944523652,1,0
4.9224612306153075,1.8228865004138397,1,0
4.927463731865933,1.813081350511961,1,0
4.932466233116558,1.850422911806798,1,0
4.937468734367183,1.8248618898860693,1,0
4.942471235617809,1.780871874610728,1,0
4.947473736868434,1.8443336395127274,1,0
4.9524762381190595,1.8397134481933002,1,0
4.957478739369685,1.7153507189567399,1,0
4.96248124062031,1.7852989243660906,1,0
4.967483741870935,1.8307483513937581,1,0
4.972486243121561,1.795868067976374,1,0
4.977488744372186,1.8551564029025251,1,0
4.982491245622811,1.7301620864126122,1,0
4.987493746873437,1.7466791562766584,1,0
4.992496248124062,1.831430200628079,1,0
4.997498749374687,1.7806043469548112,1,0
5.002501250625312,1.7232615534464717,1,0
5.007503751875938,1.834889643977467,1,0
5.012506253126563,1.8365877860506563,1,0
5.017508754377189,1.8054220537339027,1,0
5.022511255627814,1.770564312648124,1,0
5.027513756878439,1.8669925063514992,1,0
5.032516258129064,1.8497000055499264,1,0
5.037518759379689,1.7923043903330658,1,0
5.042521260630315,1.7860658535941945,1,0
5.0475237618809405,1.7828445867526732,1,0
5.052526263131566,1.7689729983835938,1,0
5.057528764382191,1.7887462795937805,1,0
5.062531265632816,1.8133434523681458,1,0
5.067533766883441,1.7908209664567578,1,0
5.072536268134067,1.8066623260508539,1,0
5.0775387693846925,1.7818343969623487,1,0
5.082541270635318,1.80430049471011,1,0
5.087543771885943,1.874686215406868,1,0
5.092546273136568,1.7688777796905377,1,0
5.097548774387193,1.7858375169157727,1,0
5.102551275637818,1.8513304850908348,1,0
5.1075537768884445,1.8518832707666135,1,0
5.11255627813907,1.8809974665376785,1,0
5.117558779389695,1.8028847463815842,1,0
5.12256128064032,1.8753938606275793,1,0
5.127563781890945,1.8624613880855068,1,0
5.13256628314157,1.8201657361115322,1,0
5.1375687843921956,1.7899837230230684,1,0
5.142571285642822,1.8144564163209866,1,0
5.147573786893447,1.7585980302556372,1,0
5.152576288144072,1.828167901974197,1,0
5.157578789394697,1.7754643088464104,1,0
5.162581290645322,1.8561071487095444,1,0
5.1675837918959475,1.8851389761768702,1,0
5.172586293146573,1.7649981212479862,1,0
5.177588794397199,1.8149063514286166,1,0
5.182591295647824,1.7858035032009567,1,0
5.187593796898449,1.8241344111406668,1,0
5.192596298149074,1.8576489481590255,1,0
5.1975987993996995,1.8826462776919148,1,0
5.202601300650325,1.8292320102423658,1,0
5.207603801900951,1.8405318831495918,1,0
5.212606303151576,1.7787241709491892,1,0
5.217608804402201,1.891798298700446,1,0
5.222611305652826,1.7579899076788454,1,0
5.2276138069034515,1.7610286558993078,1,0
5.232616308154077,1.7602845798331608,1,0
5.237618809404702,1.8535543753009145,1,0
5.242621310655328,1.76001737935992,1,0
5.247623811905953,1.8177742238389063,1,0
5.252626313156578,1.8277559926177573,1,0
5.257628814407203,1.8155942394775584,1,0
5.262631315657829,1.8095964723263964,1,0
5.267633816908454,1.7633426018729725,1,0
5.272636318159079,1.8101959188987586,1,0
5.277638819409705,1.858405723814505,1,0
5.28264132066033,1.791157270397395,1,0
5.287643821910955,1.852002074423027,1,0
5.292646323161581,1.7940092081877899,1,0
5.297648824412206,1.8350021773439416,1,0
5.302651325662831,1.854474651379165,1,0
5.307653826913457,1.8470715498207668,1,0
5.312656328164082,1.8847739995537047,1,0
5.317658829414707,1.7806541138066898,1,0
5.3226613306653325,1.9159621946855692,1,0
5.327663831915958,1.7819858511241782,1,0
5.332666333166583,1.8132865528229074,1,0
5.337668834417208,1.9171992961790478,1,0
5.342671335667834,1.812177202970021,1,0
5.347673836918459,1.8219040671245827,1,0
5.3526763381690845,1.8883814377413264,1,0
5.35767883941971,1.8447681848747302,1,0
5.362681340670335,1.8361747421432808,1,0
5.36768384192096,1.9136442116161947,1,0
5.372686343171585,1.8014731856736927,1,0
5.377688844422211,1.8703809960230353,1,0
5.3826913456728365,1.9118744154525176,1,0
5.387693846923462,1.8799155455204617,1,0
5.392696348174087,1.8927512033214375,1,0
5.397698849424712,1.9048269594525615,1,0
5.402701350675337,1.8464664268977502,1,0
5.407703851925963,1.8639345430737686,1,0
5.412706353176588,1.8596170711105977,1,0
5.417708854427214,1.7922594350115466,1,0
5.422711355677839,1.8667305618371948,1,0
5.427713856928464,1.9031256519946322,1,0
5.432716358179089,1.8454939162882065,1,0
5.437718859429714,1.8307343542999706,1,0
5.44272136068034,1.9254695356759643,1,0
5.447723861930966,1.892942178562441,1,0
5.452726363181591,1.8688518694490306,1,0
5.457728864432216,1.805935514802956,1,0
5.462731365682841,1.9176440207532564,1,0
5.467733866933466,1.8502952539778759,1,0
5.4727363681840915,1.8833612988478574,1,0
5.4777388694347176,1.8831896877022885,1,0
5.482741370685343,1.8775622391066553,1,0
5.487743871935968,1.7990912825544227,1,0
5.492746373186593,1.8770718388402277,1,0
5.497748874437218,1.940415389386396,1,0
5.5027513756878434,1.9299062620209466,1,0
5.5077538769384695,1.8790091853751374,1,0
5.512756378189095,1.8138352142483263,1,0
5.51775887943972,1.8088666883624442,1,0
5.522761380690345,1.9130551448981357,1,0
5.52776388194097,1.9320869789524169,1,0
5.532766383191595,1.80664142060969,1,0
5.537768884442221,1.8621775399287523,1,0
5.542771385692847,1.910448441251642,1,0
5.547773886943472,1.9535824968083049,1,0
5.552776388194097,1.951325001010273,1,0
5.557778889444722,1.8341177835903457,1,0
5.562781390695347,1.9103493439093582,1,0
5.567783891945973,1.914041451812865,1,0
5.572786393196598,1.8834263867100054,1,0
5.577788894447224,1.9362507928975776,1,0
5.582791395697849,1.8297658118074318,1,0
5.587793896948474,1.9200590450643191,1,0
5.592796398199099,1.9080351263018425,1,0
5.5977988994497245,1.8834898768500348,1,0
5.60280140070035,1.9254884498583367,1,0
5.607803901950975,1.8966502987686105,1,0
5.612806403201601,1.8914117593542548,1,0
5.617808904452226,1.9463148979981528,1,0
5.622811405702851,1.8233710444346363,1,0
5.6278139069534765,1.9273460135629632,1,0
5.632816408204102,1.8439724858693198,1,0
5.637818909454727,1.9168824005829395,1,0
5.642821410705353,1.9504909244750015,1,0
5.647823911955978,1.8721820690201498,1,0
5.652826413206603,1.952677699120779,1,0
5.6578289144572285,1.9510356311076325,1,0
5.662831415707854,1.8677112817865646,1,0
5.667833916958479,1.8957062890790388,1,0
5.672836418209104,1.95260620937535,1,0
5.67783891945973,1.8438323963030387,1,0
5.682841420710355,1.861921858268622,1,0
5.68784392196098,1.846449981295908,1,0
5.692846423211606,1.9071450667744667,1,0
5.697848924462231,1.882862778818381,1,0
5.702851425712856,1.889148700786856,1,0
5.707853926963481,1.8562203586281274,1,0
5.712856428214107,1.9125167643433973,1,0
5.717858929464732,1.9407126777976984,1,0
5.722861430715358,1.9358540628647916,1,0
5.727863931965983,1.8314849975710996,1,0
5.732866433216608,1.8915016086219516,1,0
5.737868934467233,1.872908278533597,1,0
5.742871435717859,1.8763399216776662,1,0
5.747873936968484,1.9083758326945328,1,0
5.7528764382191095,1.8957607556954592,1,0
5.757878939469735,1.910763147864791,1,0
5.76288144072036,1.9463561839184818,1,0
5.767883941970985,1.8905723265511978,1,0
5.77288644322161,1.9472472004979777,1,0
5.777888944472236,1.9696736480118258,1,0
5.7828914457228615,1.8543643416145081,1,0
5.787893946973487,1.854515294658336,1,0
5.792896448224112,1.9812925926318532,1,0
5.797898949474737,1.8502146633480756,1,0
5.802901450725362,1.8500220547371138,1,0
5.807903951975987,1.9218445108281856,1,0
5.8129064532266135,1.966304606839685,1,0
5.817908954477239,1.908878179430251,1,0
5.822911455727864,1.897675439379247,1,0
5.827913956978489,1.968306014454091,1,0
5.832916458229114,1.8819192053688307,1,0
5.837918959479739,1.9509564789984004,1,0
5.8429214607303654,1.8595448944967474,1,0
5.847923961980991,1.853507417280812,1,0
5.852926463231616,1.8694552476817206,1,0
5.857928964482241,1.922481961126932,1,0
5.862931465732866,1.8873695133673243,1,0
5.867933966983491,1.8955760379292614,1,0
5.8729364682341165,1.9363533761322715,1,0
5.877938969484743,1.9353199220963107,1,0
5.882941470735368,1.9233357689889763,1,0
5.887943971985993,2.0015040716830743,1,0
5.892946473236618,1.8901714244364691,1,0
5.897948974487243,1.93461309710374,1,0
5.9029514757378685,1.9533778359624965,1,0
5.907953976988494,1.8562258588975358,1,0
5.91295647823912,1.8862302313515265,1,0
5.917958979489745,2.0091056182609455,1,0
5.92296148074037,1.9224959153850507,1,0
5.927963981990995,1.8999957726132575,1,0
5.9329664832416205,2.0034316820027116,1,0
5.937968984492246,1.9949463282703939,1,0
5.942971485742872,1.8716334023713352,1,0
5.947973986993497,1.913334765244989,1,0
5.952976488244122,1.879764766565925,1,0
5.957978989494747,1.9634811567040933,1,0
5.962981490745372,1.865642692551562,1,0
5.967983991995998,1.8910979563421213,1,0
5.972986493246623,1.8841306392534292,1,0
5.977988994497249,1.9507342938500603,1,0
5.982991495747874,1.8709471217317581,1,0
5.987993996998499,1.966862050185323,1,0
5.992996498249124,1.8862597088934172,1,0
5.99799899949975,1.991653228327554,1,0
6.003001500750375,2.0198041762197976,1,0
6.008004002001,1.8702841898615907,1,0
6.013006503251626,1.8797954972094189,1,0
6.018009004502251,1.9322700992518131,1,0
6.023011505752876,1.9267481721126525,1,0
6.0280140070035015,1.968834640424095,1,0
6.033016508254127,2.026134045999249,1,0
6.038019009504752,1.95812280218286,1,0
6.043021510755377,1.9921180685303537,1,0
6.048024012006003,1.9315402755378095,1,0
6.053026513256628,1.9049831393488912,1,0
6.0580290145072535,1.9934202338255063,1,0
6.063031515757879,1.986873288424881,1,0
6.068034017008504,2.0127179234334354,1,0
6.073036518259129,1.8847512429637814,1,0
6.078039019509755,1.8806716452557835,1,0
6.08304152076038,1.8867645208272605,1,0
6.0880440220110055,1.911968369648283,1,0
6.093046523261631,1.9857195536983119,1,0
6.098049024512256,1.9265404826319141,1,0
6.103051525762881,1.9321879500742143,1,0
6.108054027013506,2.030650264725655,1,0
6.113056528264132,1.9114941221561794,1,0
6.118059029514757,1.9018416306732402,1,0
6.123061530765383,1.9838500843903752,1,0
6.128064032016008,1.9007859804324232,1,0
6.133066533266633,2.030149585055304,1,0
6.138069034517258,1.9345128247892431,1,0
6.143071535767883,1.959171057263086,1,0
6.148074037018509,2.0224097948084174,1,0
6.153076538269135,1.89155288620314,1,0
6.15807903951976,2.03685786237635,1,0
6.163081540770385,1.9478761813542065,1,0
6.16808404202101,1.9368698187112956,1,0
6.173086543271635,2.022495512251692,1,0
6.178089044522261,1.9131731265946998,1,0
6.1830915457728866,2.0421552181071054,1,0
6.188094047023512,1.9258977245759523,1,0
6.193096548274137,2.0206393796120232,1,0
6.198099049524762,1.982933184432603,1,0
6.203101550775387,1.8983090858241642,1,0
6.2081040520260125,1.9396899980667601,1,0
6.2131065532766385,1.9303908780222045,1,0
6.218109054527264,1.9964502182594175,1,0
6.223111555777889,1.8982922517471792,1,0
6.228114057028514,1.9793817245292649,1,0
6.233116558279139,1.9927997862525655,1,0
6.238119059529764,1.9764561982934263,1,0
6.24312156078039,1.956407061889903,1,0
6.248124062031016,2.036974242383347,1,0
6.253126563281641,1.9221919154881062,1,0
6.258129064532266,2.0081887626588473,1,0
6.263131565782891,1.9962455012942093,1,0
6.268134067033516,2.056634347084691,1,0
6.273136568284142,1.9147743987581363,1,0
6.278139069534768,2.0483041356393987,1,0
6.283141570785393,2.017430614799756,1,0
6.288144072036018,1.917033546644428,1,0
6.293146573286643,1.9150684772409912,1,0
6.298149074537268,1.9356760302224798,1,0
6.3031515757878935,2.0547687236985666,1,0
6.308154077038519,1.9350717644204714,1,0
6.313156578289145,1.9837074408485402,1,0
6.31815907953977,1.9421859706427984,1,0
6.323161580790395,1.9457592743776162,1,0
6.32816408204102,1.9558554988465053,1,0
6.3331665832916455,1.9350690950659402,1,0
6.338169084542271,1.9984712151576927,1,0
6.343171585792896,1.9597977366691735,1,0
6.348174087043522,2.022258601788791,1,0
6.353176588294147,2.0531985434853093,1,0
6.358179089544772,1.9283048799594105,1,0
6.3631815907953975,2.0717930976267414,1,0
6.368184092046023,1.9366841772776062,1,0
6.373186593296648,1.9949431222737006,1,0
6.378189094547274,2.0333915847407993,1,0
6.383191595797899,1.9751093366906982,1,0
6.388194097048524,1.947554418167848,1,0
6.393196598299149,2.051247043790518,1,0
6.398199099549775,2.0178758226546987,1,0
6.4032016008004,1.9799705352311732,1,0
6.408204102051025,1.9372078925935716,1,0
6.413206603301651,2.0758832515750423,1,0
6.418209104552276,2.053676354988468,1,0
6.423211605802901,2.014565114780667,1,0
6.428214107053527,1.9425829263351315,1,0
6.433216608304152,2.018503764047412,1,0
6.438219109554777,1.950198284130488,1,0
6.443221610805402,2.034931999284565,1,0
6.448224112056028,2.0638401642830417,1,0
6.453226613306653,2.068072459474024,1,0
6.4582291145572785,2.076426633491763,1,0
6.463231615807904,2.0859245523313965,1,0
6.468234117058529,2.0299236177615856,1,0
6.473236618309154,2.0261077627615225,1,0
6.478239119559779,2.067461604852291,1,0
6.483241620810405,2.0807800800652396,1,0
6.4882441220610305,1.943902161566121,1,0
6.493246623311656,2.008040337863982,1,0
6.498249124562281,2.083310977347821,1,0
6.503251625812906,2.0533691221654418,1,0
6.508254127063531,1.9441449345321824,1,0
6.513256628314157,1.994192376887703,1,0
6.5182591295647825,2.007292005839725,1,0
6.523261630815408,2.007816238945404,1,0
6.528264132066033,1.9648695789931188,1,0
6.533266633316658,1.981929477763696,1,0
6.538269134567283,1.9757849947458166,1,0
6.543271635817908,2.062788029396261,1,0
6.5482741370685345,1.997725260079024,1,0
6.55327663831916,1.9589052349229061,1,0
6.558279139569785,1.9433802223240335,1,0
6.56328164082041,1.9959403490798806,1,0
6.568284142071035,2.0219614467189957,1,0
6.57328664332166,2.0974822718490556,1,0
6.5782891445722855,2.098198059975285,1,0
6.583291645822912,2.056192984899642,1,0
6.588294147073537,1.9612485065498493,1,0
6.593296648324162,1.9651279046085055,1,0
6.598299149574787,2.0512109992985996,1,0
6.603301650825412,2.0005789840294503,1,0
6.6083041520760375,2.0019228627907433,1,0
6.613306653326664,2.029426290115724,1,0
6.618309154577289,2.066040602428191,1,0
6.623311655827914,2.0220770391886185,1,0
6.628314157078539,1.9813693484710448,1,0
6.633316658329164,2.0051243910374503,1,0
6.6383191595797895,1.9886593589636656,1,0
6.643321660830415,2.059585622690113,1,0
6.648324162081041,2.04555791687451,1,0
6.653326663331666,2.0793940967895663,1,0
6.658329164582291,2.0945199448953447,1,0
6.663331665832916,1.9962341844553102,1,0
6.668334167083541,1.9656187661455362,1,0
6.673336668334167,1.985753859935739,1,0
6.678339169584792,2.041215589660667,1,0
6.683341670835418,2.0540109030032068,1,0
6.688344172086043,1.9841499824012474,1,0
6.693346673336668,2.0871772493947165,1,0
6.698349174587293,2.020309279964616,1,0
6.703351675837919,2.038668486104495,1,0
6.708354177088544,2.0346336208106917,1,0
6.71335667833917,1.9997584354174707,1,0
6.718359179589795,1.9930785984731385,1,0
6.72336168084042,1.9875765943386297,1,0
6.728364182091045,2.0217107690845193,1,0
6.7333666833416705,1.9978626333862106,1,0
6.738369184592296,2.019757286147533,1,0
6.743371685842921,2.092891414771721,1,0
6.748374187093547,2.097433135815938,1,0
6.753376688344172,2.070754004990593,1,0
6.758379189594797,2.0011050767382845,1,0
6.7633816908454225,1.9858157539541474,1,0
6.768384192096048,2.1304023870443505,1,0
6.773386693346673,2.0791954857123702,1,0
6.778389194597298,1.9762681126925887,1,0
6.783391695847924,2.097665280165143,1,0
6.788394197098549,1.9914849732030702,1,0
6.7933966983491745,2.0011108453903943,1,0
6.7983991995998,2.0319993561115735,1,0
6.803401700850425,2.1189695850260586,1,0
6.80840420210105,2.1322211486052742,1,0
6.813406703351676,2.0555432896863035,1,0
6.818409204602301,2.016181129952247,1,0
6.8234117058529264,2.09685436505822,1,0
6.828414207103552,2.12229793697698,1,0
6.833416708354177,2.056542333242509,1,0
6.838419209604802,2.071733301426225,1,0
6.843421710855427,2.105629076291552,1,0
6.848424212106053,2.0260973737750447,1,0
6.853426713356678,2.1065361910867275,1,0
6.858429214607304,2.084105421762008,1,0
6.863431715857929,2.040283808326162,1,0
6.868434217108554,2.1329233958992617,1,0
6.873436718359179,2.14352806181513,1,0
6.878439219609804,1.9988532242492048,1,0
6.88344172086043,2.0155885313491995,1,0
6.888444222111056,2.113257862035039,1,0
6.893446723361681,2.0095538798997463,1,0
6.898449224612306,1.9912972251685508,1,0
6.903451725862931,2.0746511166134938,1,0
6.908454227113556,1.9890708498083876,1,0
6.9134567283641815,2.0756705748921203,1,0
6.9184592296148075,2.0330317405393066,1,0
6.923461730865433,1.995660750869782,1,0
6.928464232116058,2.0492916344774006,1,0
6.933466733366683,2.091496003934378,1,0
6.938469234617308,2.062956759200024,1,0
6.943471735867933,2.076583217518544,1,0
6.9484742371185595,2.00937062627234,1,0
6.953476738369185,2.139781447221217,1,0
6.95847923961981,2.0077130170149666,1,0
6.963481740870435,2.0840381336962936,1,0
6.96848424212106,2.154995488644825,1,0
6.973486743371685,2.0191499837734863,1,0
6.978489244622311,2.104236333450473,1,0
6.983491745872937,2.1358057024813326,1,0
6.988494247123562,2.0822233929283622,1,0
6.993496748374187,2.125446039234895,1,0
6.998499249624812,2.0580528004058705,1,0
7.003501750875437,2.1618711108329505,1,0
7.0085042521260625,2.0817164217144684,1,0
7.013506753376688,2.0433195402286985,1,0
7.018509254627314,2.0654245588658693,1,0
7.023511755877939,2.144770765723702,1,0
7.028514257128564,2.049682955834468,1,0
7.033516758379189,2.15169700857321,1,0
7.0385192596298145,2.0270634745062224,1,0
7.04352176088044,2.084174621659931,1,0
7.048524262131066,2.1496854764662374,1,0
7.053526763381691,2.149291285836025,1,0
7.058529264632316,2.0184099359563357,1,0
7.063531765882941,2.0934561242072673,1,0
7.0685342671335665,2.0311121753096417,1,0
7.073536768384192,2.0457216929460946,1,0
7.078539269634817,2.115879982242054,1,0
7.083541770885443,2.0479785612778354,1,0
7.088544272136068,2.0288828334036575,1,0
7.093546773386693,2.1718390205076568,1,0
7.098549274637318,2.1657131729609507,1,0
7.103551775887944,2.1507409008952956,1,0
7.108554277138569,2.0431561459344665,1,0
7.113556778389194,2.0333306079768008,1,0
7.11855927963982,2.170222495195598,1,0
7.123561780890445,2.1055248702606533,1,0
7.12856428214107,2.0397009134749458,1,0
7.133566783391696,2.107030431664923,1,0
7.138569284642321,2.0883577338747954,1,0
7.143571785892946,2.1523267857090755,1,0
7.148574287143572,2.160405154609814,1,0
7.153576788394197,2.1544615908070264,1,0
7.158579289644822,2.0504806855339033,1,0
7.1635817908954476,2.079308480196009,1,0
7.168584292146073,2.0650822320770907,1,0
7.173586793396698,2.1390653556934867,1,0
7.178589294647323,2.036509076356255,1,0
7.183591795897949,2.1552743287581135,1,0
7.188594297148574,2.044137220748699,1,0
7.1935967983991995,2.0827531918809346,1,0
7.198599299649825,2.0567148101103765,1,0
7.20360180090045,2.0551814937764066,1,0
7.208604302151075,2.097077506100016,1,0
7.2136068034017,2.1239795512270763,1,0
7.218609304652326,2.0822397081141966,1,0
7.2236118059029515,2.031070830670201,1,0
7.228614307153577,2.0588454006463053,1,0
7.233616808404202,2.0831220865544595,1,0
7.238619309654827,2.1661530419719965,1,0
7.243621810905452,2.0586645653236197,1,0
7.248624312156078,2.0357400092767097,1,0
7.2536268134067035,2.16170890184449,1,0
7.258629314657329,2.1285703793834863,1,0
7.263631815907954,2.127547733480425,1,0
7.268634317158579,2.1052010566493373,1,0
7.273636818409204,2.112505750980122,1,0
7.278639319659829,2.1467240381260093,1,0
7.283641820910455,2.1430661649147815,1,0
7.288644322161081,2.1007112327714927,1,0
7.293646823411706,2.1549873576109033,1,0
7.298649324662331,2.0800369109521797,1,0
7.303651825912956,2.1165942199591115,1,0
7.308654327163581,2.156632143899785,1,0
7.3136568284142065,2.124367508401132,1,0
7.318659329664833,2.034809360825097,1,0
7.323661830915458,2.1251651054268152,1,0
7.328664332166083,2.09765562063108,1,0
7.333666833416708,2.112091038229896,1,0
7.338669334667333,2.1826029430888023,1,0
7.3436718359179585,2.1633891485492525,1,0
7.348674337168584,2.052198972542346,1,0
7.35367683841921,2.1907139892401357,1,0
7.358679339669835,2.1086847707575074,1,0
7.36368184092046,2.1237110534766166,1,0
7.368684342171085,2.183363870051139,1,0
7.37368684342171,2.1146084515053998,1,0
7.378689344672336,2.154951308340935,1,0
7.383691845922962,2.0702102249832888,1,0
7.388694347173587,2.09075861429257,1,0
7.393696848424212,2.0884967760861186,1,0
7.398699349674837,2.171765588403676,1,0
7.403701850925462,2.1264028272678357,1,0
7.408704352176088,2.161558644695244,1,0
7.413706853426713,2.095961146772834,1,0
7.418709354677339,2.2000544986722543,1,0
7.423711855927964,2.107902583683501,1,0
7.428714357178589,2.145432394401378,1,0
7.433716858429214,2.1029077623186256,1,0
7.4387193596798395,2.1096684882378747,1,0
7.443721860930465,2.158981694073992,1,0
7.44872436218109,2.2075055546509774,1,0
7.453726863431716,2.090218749917674,1,0
7.458729364682341,2.1329325057735553,1,0
7.463731865932966,2.173241402990998,1,0
7.4687343671835915,2.067480279517734,1,0
7.473736868434217,2.1583501049660696,1,0
7.478739369684842,2.1498881331038078,1,0
7.483741870935468,2.1475970409663456,1,0
7.488744372186093,2.14019735046902,1,0
7.493746873436718,2.1621075849296427,1,0
7.4987493746873435,2.1518813524997826,1,0
7.503751875937969,2.1903108343747673,1,0
7.508754377188594,2.205507056435208,1,0
7.513756878439219,2.1140450884643545,1,0
7.518759379689845,2.1546631847183413,1,0
7.52376188094047,2.1821426431180204,1,0
7.5287643821910955,2.0877368372842096,1,0
7.533766883441721,2.1512887164840016,1,0
7.538769384692346,2.1779596452752017,1,0
7.543771885942971,2.06689586546258,1,0
7.548774387193596,2.1435500345955596,1,0
7.553776888444222,2.184296721533835,1,0
7.558779389694847,2.086994846918508,1,0
7.563781890945473,2.1724200653935664,1,0
7.568784392196098,2.1084406517680283,1,0
7.573786893446723,2.0691112056348175,1,0
7.578789394697348,2.1169932029179406,1,0
7.583791895947974,2.1449454978621665,1,0
7.588794397198599,2.1768329182902826,1,0
7.593796898449225,2.1389890595385035,1,0
7.59879939969985,2.1684478357108103,1,0
7.603801900950475,2.2197230076314924,1,0
7.6088044022011,2.1821497465684048,1,0
7.613806903451725,2.116910284353163,1,0
7.618809404702351,2.1487840907056426,1,0
7.6238119059529765,2.14966246676085,1,0
7.628814407203602,2.0690518143523433,1,0
7.633816908454227,2.128167858765022,1,0
7.638819409704852,2.2061450819947552,1,0
7.643821910955477,2.221650614084549,1,0
7.648824412206102,2.2002351764329795,1,0
7.6538269134567285,2.099861465823127,1,0
7.658829414707354,2.2296032259658545,1,0
7.663831915957979,2.1285752394746447,1,0
7.668834417208604,2.187161444850668,1,0
7.673836918459229,2.212152088391251,1,0
7.678839419709854,2.0898482733024655,1,0
7.6838419209604805,2.137742169592528,1,0
7.688844422211106,2.1382308893095763,1,0
7.693846923461731,2.1648008107651626,1,0
7.698849424712356,2.2062839266865013,1,0
7.703851925962981,2.1726932690505487,1,0
7.708854427213606,2.1403760318766687,1,0
7.7138569284642315,2.151014651333401,1,0
7.718859429714858,2.1380746549772063,1,0
7.723861930965483,2.171703700637606,1,0
7.728864432216108,2.1312372563457793,1,0
7.733866933466733,2.2209903868308105,1,0
7.738869434717358,2.2201294758981507,1,0
7.7438719359679835,2.1128773819191995,1,0
7.748874437218609,2.229810205868393,1,0
7.753876938469235,2.0954007272533715,1,0
7.75887943971986,2.116094009799298,1,0
7.763881940970485,2.1687854751569766,1,0
7.76888444222111,2.2398786495379466,1,0
7.7738869434717355,2.235348681123947,1,0
7.778889444722361,2.1609190848568445,1,0
7.783891945972986,2.150111046069169,1,0
7.788894447223612,2.160795200757601,1,0
7.793896948474237,2.187942297455721,1,0
7.798899449724862,2.148274090588716,1,0
7.8039019509754874,2.1738258956261234,1,0
7.808904452226113,2.183653474352,1,0
7.813906953476738,2.112743053009631,1,0
7.818909454727364,2.226481823870941,1,0
7.823911955977989,2.135226034684433,1,0
7.828914457228614,2.228266548756218,1,0
7.833916958479239,2.0930621434129444,1,0
7.838919459729865,2.1896450540451102,1,0
7.84392196098049,2.150637351924344,1,0
7.848924462231115,2.2206709522319006,1,0
7.853926963481741,2.220744623507861,1,0
7.858929464732366,2.1787678757054985,1,0
7.863931965982991,2.1692325916579898,1,0
7.868934467233617,2.1958132660041647,1,0
7.873936968484242,2.2240468430533675,1,0
7.878939469734867,2.2147473191627043,1,0
7.883941970985492,2.1599322694405902,1,0
7.888944472236118,2.1341060752071894,1,0
7.893946973486743,2.223082795291976,1,0
7.8989494747373685,2.1674074513813104,1,0
7.903951975987994,2.256060085971716,1,0
7.908954477238619,2.1392338669415905,1,0
7.913956978489244,2.181177056406067,1,0
7.91895947973987,2.1430562193985687,1,0
7.923961980990495,2.2655540140174675,1,0
7.9289644822411205,2.254869784644556,1,0
7.933966983491746,2.1900739705175334,1,0
7.938969484742371,2.2625840881922956,1,0
7.943971985992996,2.1328797224555083,1,0
7.948974487243621,2.2789987713046154,1,0
7.953976988494247,2.2197587870145985,1,0
7.9589794897448725,2.220184877173785,1,0
7.963981990995498,2.2096486935829485,1,0
7.968984492246123,2.192440060626766,1,0
7.973986993496748,2.2090626835760223,1,0
7.978989494747373,2.1551342756712883,1,0
7.983991995997998,2.281748518906726,1,0
7.988994497248624,2.2013877783414455,1,0
7.99399699849925,2.163772494087569,1,0
7.998999499749875,2.2081803748941584,1,0
8.0040020010005,2.2197946870570973,1,0
8.009004502251125,2.149557308013508,1,0
8.014007003501751,2.230583911071276,1,0
8.019009504752376,2.134653585019729,1,0
8.024012006003002,2.1640872618856957,1,0
8.029014507253626,2.1269488841648303,1,0
8.034017008504252,2.1369925232363403,1,0
8.039019509754878,2.2782974086205345,1,0
8.044022011005502,2.1852635024156415,1,0
8.049024512256128,2.170096662190386,1,0
8.054027013506753,2.165505544077938,1,0
8.059029514757379,2.219736531646414,1,0
8.064032016008003,2.1576055752738363,1,0
8.069034517258629,2.1739843190330865,1,0
8.074037018509255,2.168202163222307,1,0
8.07903951975988,2.1200421403207628,1,0
8.084042021010506,2.1272570969687714,1,0
8.08904452226113,2.212685171979023,1,0
8.094047023511756,2.147382454592787,1,0
8.09904952476238,2.2727116559466416,1,0
8.104052026013006,2.2378240479086426,1,0
8.109054527263632,2.214896470536609,1,0
8.114057028514257,2.1755525826048063,1,0
8.119059529764883,2.2163335671593605,1,0
8.124062031015507,2.2775048539662954,1,0
8.129064532266133,2.149888190551716,1,0
8.134067033516757,2.1620115383056735,1,0
8.139069534767383,2.215544473389994,1,0
8.14407203601801,2.2227517540259556,1,0
8.149074537268634,2.2469267507580524,1,0
8.15407703851926,2.200652195676569,1,0
8.159079539769884,2.284393148794946,1,0
8.16408204102051,2.2670483749948542,1,0
8.169084542271134,2.2830563662364787,1,0
8.17408704352176,2.255180222617705,1,0
8.179089544772387,2.18540348286928,1,0
8.18409204602301,2.187474148382813,1,0
8.189094547273637,2.1309755354758666,1,0
8.194097048524261,2.243582288232497,1,0
8.199099549774887,2.2196145848047606,1,0
8.204102051025513,2.170851866327529,1,0
8.209104552276138,2.1830880204743948,1,0
8.214107053526764,2.2836258213029725,1,0
8.219109554777388,2.262359544748486,1,0
8.224112056028014,2.2017996344006967,1,0
8.229114557278638,2.3003952046026295,1,0
8.234117058529264,2.28225738105099,1,0
8.23911955977989,2.198430441058722,1,0
8.244122061030515,2.2586581509236114,1,0
8.24912456228114,2.251897179504687,1,0
8.254127063531765,2.19209885148808,1,0
8.259129564782391,2.1928837915162833,1,0
8.264132066033016,2.2081833535041033,1,0
8.269134567283642,2.2414608846676205,1,0
8.274137068534268,2.168612915711648,1,0
8.279139569784892,2.2140390240583887,1,0
8.284142071035518,2.236368502825983,1,0
8.289144572286142,2.187075350370115,1,0
8.294147073536768,2.242946381405219,1,0
8.299149574787393,2.14610370213084,1,0
8.304152076038019,2.3025540696043763,1,0
8.309154577288645,2.2034966173154373,1,0
8.314157078539269,2.1676519798257226,1,0
8.319159579789895,2.2023723296453674,1,0
8.32416208104052,2.233723744684321,1,0
8.329164582291146,2.2376527643771187,1,0
8.33416708354177,2.248086815504642,1,0
8.339169584792396,2.1911229974351913,1,0
8.344172086043022,2.3185039795969393,1,0
8.349174587293646,2.147862312503487,1,0
8.354177088544272,2.2912681623690263,1,0
8.359179589794897,2.176524491444304,1,0
8.364182091045523,2.1623711016648595,1,0
8.369184592296147,2.283845591555816,1,0
8.374187093546773,2.208679113460629,1,0
8.379189594797399,2.3157982219109985,1,0
8.384192096048023,2.17438951081444,1,0
8.38919459729865,2.189205470099272,1,0
8.394197098549274,2.318828500275844,1,0
8.3991995997999,2.1838568864523995,1,0
8.404202101050526,2.2938049615705114,1,0
8.40920460230115,2.199766311131862,1,0
8.414207103551776,2.264223693664543,1,0
8.4192096048024,2.2007367423468525,1,0
8.424212106053027,2.3139781482337267,1,0
8.429214607303651,2.273317340488296,1,0
8.434217108554277,2.1944321024148636,1,0
8.439219609804903,2.2054843066965155,1,0
8.444222111055527,2.2782903457961448,1,0
8.449224612306153,2.293889151255713,1,0
8.454227113556778,2.2925501102175714,1,0
8.459229614807404,2.3005508442546865,1,0
8.464232116058028,2.2932620981549063,1,0
8.469234617308654,2.2052411844545987,1,0
8.47423711855928,2.302513407478504,1,0
8.479239619809904,2.2854209880713277,1,0
8.48424212106053,2.331203484824111,1,0
8.489244622311155,2.1789042813697135,1,0
8.494247123561781,2.284144934110821,1,0
8.499249624812405,2.3076353029481154,1,0
8.504252126063031,2.297253034602715,1,0
8.509254627313657,2.236187387671887,1,0
8.514257128564282,2.306744663278265,1,0
8.519259629814908,2.3179579396368393,1,0
8.524262131065532,2.1978270871557126,1,0
8.529264632316158,2.213295589429582,1,0
8.534267133566782,2.2694089229094327,1,0
8.539269634817408,2.169170815853821,1,0
8.544272136068034,2.195358865998047,1,0
8.549274637318659,2.2805130738392485,1,0
8.554277138569285,2.284383478965093,1,0
8.55927963981991,2.2478024182247296,1,0
8.564282141070535,2.1691425300055887,1,0
8.56928464232116,2.2586401045245266,1,0
8.574287143571786,2.3125417079753263,1,0
8.579289644822412,2.303479745052297,1,0
8.584292146073036,2.3304590621813057,1,0
8.589294647323662,2.26751422960337,1,0
8.594297148574286,2.3090485766418234,1,0
8.599299649824912,2.2825139124798017,1,0
8.604302151075537,2.241856139974583,1,0
8.609304652326163,2.2090108854230803,1,0
8.614307153576789,2.228582996355533,1,0
8.619309654827413,2.2265270375102153,1,0
8.62431215607804,2.2290794801723575,1,0
8.629314657328663,2.33283954042369,1,0
8.63431715857929,2.3134140290143734,1,0
8.639319659829916,2.3149805486426893,1,0
8.64432216108054,2.268625445774777,1,0
8.649324662331166,2.257926822722089,1,0
8.65432716358179,2.2054989709839345,1,0
8.659329664832416,2.34249503850885,1,0
8.66433216608304,2.194723949262012,1,0
8.669334667333667,2.2027252132270334,1,0
8.674337168584293,2.251540611576968,1,0
8.679339669834917,2.2931932345202677,1,0
8.684342171085543,2.2108895218657416,1,0
8.689344672336167,2.356944112081216,1,0
8.694347173586793,2.358128929034515,1,0
8.699349674837418,2.3508564901640145,1,0
8.704352176088044,2.352452325505043,1,0
8.70935467733867,2.27214742384276,1,0
8.714357178589294,2.312897121000066,1,0
8.71935967983992,2.248307598256921,1,0
8.724362181090545,2.36130008991002,1,0
8.72936468234117,2.3045423720224223,1,0
8.734367183591795,2.301329524940892,1,0
8.739369684842421,2.3235000771856,1,0
8.744372186093047,2.33021482786556,1,0
8.749374687343671,2.365268550134685,1,0
8.754377188594297,2.195086910893077,1,0
8.759379689844922,2.3351648172371546,1,0
8.764382191095548,2.252667217598051,1,0
8.769384692346172,2.3056682844891343,1,0
8.774387193596798,2.334552755054328,1,0
8.779389694847424,2.2983535437927896,1,0
8.784392196098048,2.295149639214452,1,0
8.789394697348675,2.330018742765566,1,0
8.794397198599299,2.2584495300622454,1,0
8.799399699849925,2.291742107880332,1,0
8.80440220110055,2.2944624645352496,1,0
8.809404702351175,2.235892246184572,1,0
8.814407203601801,2.2640255180883035,1,0
8.819409704852426,2.293688811359672,1,0
8.824412206103052,2.3538635496682496,1,0
8.829414707353676,2.2658777579460208,1,0
8.834417208604302,2.367931386604764,1,0
8.839419709854928,2.209200627306041,1,0
8.844422211105552,2.3030002556925706,1,0
8.849424712356178,2.201941174965573,1,0
8.854427213606803,2.2946680234267567,1,0
8.859429714857429,2.359959232409918,1,0
8.864432216108053,2.3676548431211293,1,0
8.86943471735868,2.288454471915453,1,0
8.874437218609305,2.2924431497145403,1,0
8.87943971985993,2.2063182709623423,1,0
8.884442221110556,2.353524999722678,1,0
8.88944472236118,2.3475906182245034,1,0
8.894447223611806,2.331677821210013,1,0
8.89944972486243,2.3791084845288424,1,0
8.904452226113056,2.2465408427472746,1,0
8.909454727363682,2.289536214642873,1,0
8.914457228614307,2.2181589314132957,1,0
8.919459729864933,2.224068726136659,1,0
8.924462231115557,2.36164705209098,1,0
8.929464732366183,2.2877412356120397,1,0
8.934467233616807,2.2886216007653553,1,0
8.939469734867433,2.3638657753057464,1,0
8.94447223611806,2.2997327048221874,1,0
8.949474737368684,2.2548745086718665,1,0
8.95447723861931,2.2966706543571656,1,0
8.959479739869934,2.2847761576000933,1,0
8.96448224112056,2.285833575127833,1,0
8.969484742371185,2.2320763129340655,1,0
8.97448724362181,2.308643169999643,1,0
8.979489744872437,2.343351307843279,1,0
8.984492246123061,2.3750656083208623,1,0
8.989494747373687,2.220099864055437,1,0
8.994497248624311,2.2363320026874383,1,0
8.999499749874937,2.36922996084571,1,0
9.004502251125562,2.372321435450958,1,0
9.009504752376188,2.375227787448934,1,0
9.014507253626814,2.329920160094771,1,0
9.019509754877438,2.390715364907404,1,0
9.024512256128064,2.3810434761246397,1,0
9.029514757378688,2.31070919673821,1,0
9.034517258629315,2.336753166859749,1,0
9.039519759879939,2.2634515571050002,1,0
9.044522261130565,2.275482012295647,1,0
9.049524762381191,2.2991753801857016,1,0
9.054527263631815,2.3563199321924,1,0
9.059529764882441,2.2485449149518484,1,0
9.064532266133066,2.335535647660553,1,0
9.069534767383692,2.36594783279788,1,0
9.074537268634318,2.2524723396975403,1,0
9.079539769884942,2.307733441770645,1,0
9.084542271135568,2.2786613406547827,1,0
9.089544772386192,2.2198723091387023,1,0
9.094547273636818,2.2887245603792246,1,0
9.099549774887443,2.275650948467927,1,0
9.104552276138069,2.3214758657700316,1,0
9.109554777388695,2.2358177729214535,1,0
9.11455727863932,2.268796847996848,1,0
9.119559779889945,2.34208907020638,1,0
9.12456228114057,2.232314333920227,1,0
9.129564782391196,2.2585319402561415,1,0
9.13456728364182,2.2753427694076884,1,0
9.139569784892446,2.234140985635027,1,0
9.144572286143072,2.227491859363176,1,0
9.149574787393696,2.258280179022747,1,0
9.154577288644322,2.3064628857391085,1,0
9.159579789894947,2.3599965717737788,1,0
9.164582291145573,2.4103482741027773,1,0
9.169584792396197,2.3107100004629975,1,0
9.174587293646823,2.3654991999812345,1,0
9.17958979489745,2.2284756886507773,1,0
9.184592296148073,2.306194500948168,1,0
9.1895947973987,2.3963684829851277,1,0
9.194597298649324,2.3817817645599795,1,0
9.19959979989995,2.3294185107299774,1,0
9.204602301150574,2.3856897062291145,1,0
9.2096048024012,2.359672441909048,1,0
9.214607303651826,2.4138032170781383,1,0
9.21960980490245,2.3604116539432733,1,0
9.224612306153077,2.2902973836422316,1,0
9.229614807403701,2.257299132830581,1,0
9.234617308654327,2.4016422772289263,1,0
9.239619809904951,2.236798116707769,1,0
9.244622311155577,2.4188633062195466,1,0
9.249624812406203,2.3762638224592596,1,0
9.254627313656828,2.294722539714853,1,0
9.259629814907454,2.280500281675052,1,0
9.264632316158078,2.2851552761502663,1,0
9.269634817408704,2.3754110493916394,1,0
9.27463731865933,2.2831001521184295,1,0
9.279639819909955,2.3383340510255657,1,0
9.28464232116058,2.3352665097400567,1,0
9.289644822411205,2.298319185464599,1,0
9.294647323661831,2.347352628382025,1,0
9.299649824912455,2.3265382542934048,1,0
9.304652326163081,2.3116498144258304,1,0
9.309654827413707,2.332760602189108,1,0
9.314657328664332,2.3399676539945715,1,0
9.319659829914958,2.305241477460634,1,0
9.324662331165582,2.4267932398687178,1,0
9.329664832416208,2.4109979236267676,1,0
9.334667333666832,2.42427006162352,1,0
9.339669834917459,2.317826007122468,1,0
9.344672336168085,2.3927327080696177,1,0
9.349674837418709,2.2860040934119015,1,0
9.354677338669335,2.250782464222914,1,0
9.35967983991996,2.414408102796355,1,0
9.364682341170585,2.3485566954040467,1,0
9.36968484242121,2.2471760418711835,1,0
9.374687343671836,2.4147349951197716,1,0
9.379689844922462,2.3897905697610025,1,0
9.384692346173086,2.2743658582066306,1,0
9.389694847423712,2.3709239153816966,1,0
9.394697348674336,2.250320202604949,1,0
9.399699849924962,2.314534071702733,1,0
9.404702351175587,2.2809624094505074,1,0
9.409704852426213,2.410575286944625,1,0
9.414707353676839,2.3526278721041334,1,0
9.419709854927463,2.3454042823695977,1,0
9.42471235617809,2.43643216400611,1,0
9.429714857428714,2.37594725875705,1,0
9.43471735867934,2.4137127817509736,1,0
9.439719859929964,2.369008595620866,1,0
9.44472236118059,2.289540821345464,1,0
9.449724862431216,2.2722452453627495,1,0
9.45472736368184,2.274691970710666,1,0
9.459729864932466,2.3250474755341415,1,0
9.46473236618309,2.375618817888062,1,0
9.469734867433717,2.392970620428581,1,0
9.474737368684341,2.386531886024886,1,0
9.479739869934967,2.319414092592157,1,0
9.484742371185593,2.3082310425340817,1,0
9.489744872436217,2.392820941972827,1,0
9.494747373686844,2.3849026086096115,1,0
9.499749874937468,2.401818489480772,1,0
9.504752376188094,2.3599513538386963,1,0
9.50975487743872,2.3975755088049957,1,0
9.514757378689344,2.437391683947588,1,0
9.51975987993997,2.3662695251180295,1,0
9.524762381190595,2.2782785838787962,1,0
9.52976488244122,2.2824543195751947,1,0
9.534767383691845,2.4344325808384584,1,0
9.539769884942471,2.353505754903447,1,0
9.544772386193097,2.4204807892914744,1,0
9.549774887443721,2.3524392977888287,1,0
9.554777388694347,2.4473685888674646,1,0
9.559779889944972,2.2769014558601275,1,0
9.564782391195598,2.3799026748625107,1,0
9.569784892446222,2.3695730361138345,1,0
9.574787393696848,2.4349663788571947,1,0
9.579789894947474,2.3113338361108204,1,0
9.584792396198099,2.389297024371057,1,0
9.589794897448725,2.4017144847625977,1,0
9.594797398699349,2.284415203412851,1,0
9.599799899949975,2.3673239561672834,1,0
9.6048024012006,2.2770335225029807,1,0
9.609804902451225,2.320696020140541,1,0
9.614807403701851,2.3474175173338403,1,0
9.619809904952476,2.4256447346247123,1,0
9.624812406203102,2.426576955394342,1,0
9.629814907453726,2.4305857854471706,1,0
9.634817408704352,2.377726738208672,1,0
9.639819909954976,2.4393804118604843,1,0
9.644822411205602,2.369182385030774,1,0
9.649824912456229,2.421950676755661,1,0
9.654827413706853,2.3625783599798074,1,0
9.659829914957479,2.369806549061421,1,0
9.664832416208103,2.457051213197994,1,0
9.66983491745873,2.3234680693825553,1,0
9.674837418709354,2.3781130976481344,1,0
9.67983991995998,2.3358094873644473,1,0
9.684842421210606,2.377774593941492,1,0
9.68984492246123,2.3354634623230175,1,0
9.694847423711856,2.29979939295374,1,0
9.69984992496248,2.284241868148033,1,0
9.704852426213106,2.377831323852121,1,0
9.709854927463732,2.3805815956385157,1,0
9.714857428714357,2.3325912604309966,1,0
9.719859929964983,2.2960545865726103,1,0
9.724862431215607,2.342375490628824,1,0
9.729864932466233,2.2963169842257374,1,0
9.734867433716857,2.3806645030165092,1,0
9.739869934967484,2.292654996295162,1,0
9.74487243621811,2.4196261993635684,1,0
9.749874937468734,2.3890907451515573,1,0
9.75487743871936,2.3717673559339745,1,0
9.759879939969984,2.449389926027449,1,0
9.76488244122061,2.2882400949557278,1,0
9.769884942471235,2.3997344531220617,1,0
9.77488744372186,2.3153549494135537,1,0
9.779889944972487,2.3317235953863094,1,0
9.784892446223111,2.453001028726717,1,0
9.789894947473737,2.4091452204626425,1,0
9.794897448724361,2.3584604604923003,1,0
9.799899949974987,2.2864764984179837,1,0
9.804902451225612,2.30691655379667,1,0
9.809904952476238,2.321199731679554,1,0
9.814907453726864,2.3456679784614636,1,0
9.819909954977488,2.4138935499841043,1,0
9.824912456228114,2.475167829758081,1,0
9.829914957478739,2.308739381295629,1,0
9.834917458729365,2.381216179329009,1,0
9.839919959979989,2.354891731591267,1,0
9.844922461230615,2.2884200304283016,1,0
9.849924962481241,2.4413815402976695,1,0
9.854927463731865,2.3392228321153583,1,0
9.859929964982491,2.4156418554547336,1,0
9.864932466233116,2.4200891921629366,1,0
9.869934967483742,2.4361894846429917,1,0
9.874937468734366,2.3194062461162686,1,0
9.879939969984992,2.3107212648275026,1,0
9.884942471235618,2.3667862179056645,1,0
9.889944972486242,2.467291720017071,1,0
9.894947473736869,2.394638787805442,1,0
9.899949974987493,2.4063783784743897,1,0
9.904952476238119,2.3633483775456847,1,0
9.909954977488743,2.318106919199913,1,0
9.91495747873937,2.4625943694740187,1,0
9.919959979989995,2.4543670805324407,1,0
9.92496248124062,2.4140822586232926,1,0
9.929964982491246,2.357107653812491,1,0
9.93496748374187,2.3196002635262363,1,0
9.939969984992496,2.4156255872615935,1,0
9.944972486243122,2.4821654249464986,1,0
9.949974987493746,2.3217470335098565,1,0
9.954977488744372,2.454106563830152,1,0
9.959979989994997,2.4005694358409326,1,0
9.964982491245623,2.4463201208731036,1,0
9.969984992496247,2.3877329243941032,1,0
9.974987493746873,2.3866729326964147,1,0
9.9799899949975,2.4423110834981814,1,0
9.984992496248124,2.4909533592125666,1,0
9.98999499749875,2.405396527628857,1,0
9.994997498749374,2.3500567832301438,1,0
10.0,2.371473436105026,1,0
